Workbook
Name \0: #REF!
Name \a: #REF!
Name \b: #REF!
Name \c: #REF!
Name \d: #REF!
Name \e: #REF!
Name \f: #REF!
Name \m: #REF!
Name \p: #REF!
Name \v: #REF!
Name ___INDEX_SHEET___ASAP_Utilities: #REF!
Name _0: #N/A
Name _05通知ﾃﾞｰﾀ: #REF!
Name _8Estimate: #REF!
Name _9Plan: #REF!
Name _ACT2: #N/A
Name _am67000: #REF!
Name _am68000: #REF!
Name _am70000: #REF!
Name _ATT2: #REF!
Name _b: #N/A
Name _B90776: #REF!
Name _bal1: #REF!
Name _bom1: #REF!
Name _BUD0001: #REF!
Name _C3200_BL: #REF!
Name _C3200_order: #REF!
Name _C3200_sales: #REF!
Name _CUT1: #REF!
Name _d1: #REF!
Name _d2: #N/A
Name _DAS2: #REF!
Name _DAT1: #REF!
Name _DAT10: #REF!
Name _DAT11: #REF!
Name _DAT12: #REF!
Name _DAT13: #REF!
Name _DAT14: #REF!
Name _DAT15: #REF!
Name _DAT16: #REF!
Name _DAT17: #REF!
Name _DAT18: #REF!
Name _DAT19: #REF!
Name _DAT2: #REF!
Name _DAT20: #REF!
Name _DAT21: #REF!
Name _DAT22: #REF!
Name _DAT23: #REF!
Name _DAT24: #REF!
Name _DAT25: #REF!
Name _DAT26: #REF!
Name _DAT27: #REF!
Name _DAT28: #REF!
Name _DAT29: #REF!
Name _DAT3: #REF!
Name _DAT30: #REF!
Name _DAT31: #REF!
Name _DAT32: #REF!
Name _DAT33: #REF!
Name _DAT34: #REF!

Sheet Project Dashbord
C2: Project Progress Report | L2: =+"PROGRESS ON: "&TEXT(TODAY()-1,"DD-MMM-YYY") -> PROGRESS ON: 12-Aug-2025
C3: Project Name : | E3: 25 MW (AC) Solar PV Power Plant (50 MWp DC) with 20 MW / 50 MWh Battery Energy Storage System at Taru, Leh, UT of Ladakh, India
C4: Client : | E4: Solar Energy Corporation of India Ltd
C5: SPV : | E5: Prozeal Green Energy Limited
C6: Project Start Date | E6: 45616
C7: Project COD | E7: =E6+(36*30) -> 46696
C8: Sr. No | D8: Description | E8: Scope | F8: UOM | G8: Completed | H8: Balance | I8: Actual Progress Front Wise (in %) | J8: Scope Weightage % | K8: Progress as per weightage (in %) | L8: Overall Project Completion Status
C9: 1 | D9: Plant Boundary Fencing | E9: =2276*2.5 -> 5690 | F9: RM | G9: ='Civil Progress'!F5 -> 4851.5 | H9: =E9-G9 -> 838.5 | I9: =ROUND(G9/E9,3) -> 0.853 | J9: =60%*2% -> 0.012 | K9: =ROUND(I9*J9,3) -> 0.01
C10: 2 | D10: MCR Civil Work | E10: 1 | F10: Lot | G10: ='Progress Abstract'!G39 -> 0.15617716 | H10: =E10-G10 -> 0.84382284 | I10: =ROUND(G10/E10,3) -> 0.156 | J10: =60%*15% -> 0.09 | K10: =ROUND(I10*J10,3) -> 0.014
C11: 3 | D11: MMS Pilling | E11: 27000 | F11: Nos | G11: ='Progress Abstract'!G57 -> 0 | H11: =E11-G11 -> 27000 | I11: =ROUND(G11/E11,3) -> 0 | J11: =60%*38% -> 0.228 | K11: =ROUND(I11*J11,3) -> 0
C12: 4 | D12: Switch Yard | E12: 1 | F12: Lot | G12: 0 | H12: =E12-G12 -> 1 | I12: =ROUND(G12/E12,3) -> 0 | J12: =60%*15% -> 0.09 | K12: =ROUND(I12*J12,3) -> 0
C13: 5 | D13: IDT - Solar | E13: 4 | F13: Lot | G13: ='Civil Progress'!F71 -> 3 | H13: =E13-G13 -> 1 | I13: =ROUND(G13/E13,3) -> 0.75 | J13: =60%*2% -> 0.012 | K13: =ROUND(I13*J13,3) -> 0.009
C14: 6 | D14: IDT - BESS | E14: 5 | F14: Lot | G14: ='Civil Progress'!F96 -> 0 | H14: =E14-G14 -> 5 | I14: =ROUND(G14/E14,3) -> 0 | J14: =60%*2% -> 0.012 | K14: =ROUND(I14*J14,3) -> 0
C15: 7 | D15: BESS-Civil | E15: 1 | F15: Lot | G15: ='Civil Progress'!F108 -> 0.13636364 | H15: =E15-G15 -> 0.86363636 | I15: =ROUND(G15/E15,3) -> 0.136 | J15: =60%*6% -> 0.036 | K15: =ROUND(I15*J15,3) -> 0.005
C16: 8 | D16: LCR | E16: 4 | F16: Lot | G16: 0 | H16: =E16-G16 -> 4 | I16: =ROUND(G16/E16,3) -> 0 | J16: =60%*4% -> 0.024 | K16: =ROUND(I16*J16,3) -> 0
C17: 9 | D17: MMS Structure | E17: 3934 | F17: Table | G17: 0 | H17: =E17-G17 -> 3934 | I17: =ROUND(G17/E17,3) -> 0 | J17: =60%*12% -> 0.072 | K17: =ROUND(I17*J17,3) -> 0
C18: 10 | D18: Road | E18: 3000 | F18: Mtr. | G18: 0 | H18: =E18-G18 -> 3000 | I18: =ROUND(G18/E18,3) -> 0 | J18: =60%*2% -> 0.012 | K18: =ROUND(I18*J18,3) -> 0
C19: 11 | D19: Drain | E19: 1000 | F19: Mtr. | G19: 0 | H19: =E19-G19 -> 1000 | I19: =ROUND(G19/E19,3) -> 0 | J19: =60%*1% -> 0.006 | K19: =ROUND(I19*J19,3) -> 0
C20: 12 | D20: Misc Work | E20: 1 | F20: Lot | G20: 0.2 | H20: =E20-G20 -> 0.8 | I20: =ROUND(G20/E20,3) -> 0.2 | J20: =60%*1% -> 0.006 | K20: =ROUND(I20*J20,3) -> 0.001
C21: 13 | D21: AC-Electrical | E21: 1 | F21: Lot | G21: 0 | H21: =E21-G21 -> 1 | I21: =ROUND(G21/E21,3) -> 0 | J21: =37%*20% -> 0.074 | K21: =ROUND(I21*J21,3) -> 0
C22: 14 | D22: DC- Electrical | E22: 1 | F22: Lot | G22: 0 | H22: =E22-G22 -> 1 | I22: =ROUND(G22/E22,3) -> 0 | J22: =37%*20% -> 0.074 | K22: =ROUND(I22*J22,3) -> 0
C23: 15 | D23: Switchtard - Electrical | E23: 1 | F23: Lot | G23: 0 | H23: =E23-G23 -> 1 | I23: =ROUND(G23/E23,3) -> 0 | J23: =37%*20% -> 0.074 | K23: =ROUND(I23*J23,3) -> 0
C24: 16 | D24: MCR - Electrical | E24: 1 | F24: Lot | G24: 0 | H24: =E24-G24 -> 1 | I24: =ROUND(G24/E24,3) -> 0 | J24: =37%*10% -> 0.037 | K24: =ROUND(I24*J24,3) -> 0
C25: 17 | D25: Module Erection | E25: =3934*24 -> 94416 | F25: Nos | G25: 0 | H25: =E25-G25 -> 94416 | I25: =ROUND(G25/E25,3) -> 0 | J25: =37%*20% -> 0.074 | K25: =ROUND(I25*J25,3) -> 0
C26: 18 | D26: BESS - Electrical | E26: 1 | F26: Lot | G26: 0 | H26: =E26-G26 -> 1 | I26: =ROUND(G26/E26,3) -> 0 | J26: =37%*10% -> 0.037 | K26: =ROUND(I26*J26,3) -> 0
C27: 19 | D27: Transmission Line | E27: 1 | F27: Lot | G27: 0 | H27: =E27-G27 -> 1 | I27: =ROUND(G27/E27,3) -> 0 | J27: 0.01 | K27: =ROUND(I27*J27,3) -> 0
C28: 20 | D28: Project Charging & Commisioning | E28: 1 | F28: Lot | G28: 0 | H28: =E28-G28 -> 1 | I28: =ROUND(G28/E28,3) -> 0 | J28: 0.02 | K28: =ROUND(I28*J28,3) -> 0
C29: Overall Project Completion Status | J29: =SUM(J9:J28) -> 1 | K29: =SUM(K9:K28) -> 0.039

Sheet MDL Status
C3: Project Drawings Approval Report | T3: =+"PROGRESS ON: "&TEXT(TODAY()-1,"DD-MMM-YYY") -> PROGRESS ON: 12-Aug-2025
C5: Client Name | D5: =[1]Coverpage!D4 -> Solar Energy Corporation of India Ltd | R5: Total Documents | S5: Submitted | T5: Approved | U5: Sub. Approved | V5: Commented | W5: Pending for Submission
C6: EPC Contractor | D6: Prozeal Green Energy Limited | R6: =R7/$R$7 -> 1 | S6: =S7/$R$7 -> 0.42780749 | T6: =T7/$R$7 -> 0.11764706 | U6: =U7/$R$7 -> 0.010695187 | V6: =V7/$R$7 -> 0.15508021 | W6: =W7/$R$7 -> 0.57219251
C7: Project Name | D7: =[1]Coverpage!D5 -> 25 MW (AC) Solar PV Power Plant (50 MWp DC) with 20 MW / 50 MWh Battery Energy Storage System at Taru, Leh, UT of Ladakh, India | R7: =D28 -> 187 | S7: =M28 -> 80 | T7: =I28+J28 -> 22 | U7: =H28 -> 2 | V7: =F28 -> 29 | W7: =L28 -> 107
C8: Project Capacity | D8: 25 MW (AC) Solar PV Power Plant (50 MWp DC) with 20 MW / 50 MWh Battery Energy Storage System | R8: Only apporval category
C9: Particulars | D9: Total Documents | N9: Remaining Documents | O9: Total Received (%) | P9: Engineering completion (%)
E10: VOID | F10: UNDER EPC | G10: UNDER OE | H10: SUB. APPROVED | I10: APPROVED | J10: NOTED FOR INFORMATION | K10: NOT APPROVED | L10: PENDING | M10: Total Sub
C11: I. Review Engineering Electrical
C12: =[1]MDL!A11 -> A.Basic Engineering | D12: =SUM(E12:L12) -> 11 | E12: 0 | F12: 2 | G12: 3 | H12: 0 | I12: 2 | J12: 4 | K12: 0 | L12: 0 | M12: =SUM(E12:K12) -> 11 | N12: =(D12-E12)-M12 -> 0 | O12: =((D12-E12)-N12)/(D12-E12) -> 1 | P12: =(((F12+G12)*$E$18+H12*$E$19+I12*$E$20+J12*$E$21)/(D12-E12)) -> 0
C13: =[1]MDL!A23 -> B.Major Electrical Equipments (GTP, GA, Type Test Reports and QAP) | D13: =SUM(E13:L13) -> 4 | E13: 0 | F13: 1 | G13: 0 | H13: 0 | I13: 0 | J13: 0 | K13: 0 | L13: 3 | M13: =SUM(E13:K13) -> 1 | N13: =(D13-E13)-M13 -> 3 | O13: =((D13-E13)-N13)/(D13-E13) -> 0.25 | P13: =(((F13+G13)*$E$18+H13*$E$19+I13*$E$20+J13*$E$21)/(D13-E13)) -> 0
C14: =[1]MDL!A27 -> C.Cable sizing documents | D14: =SUM(E14:L14) -> 4 | E14: 0 | F14: 1 | G14: 0 | H14: 0 | I14: 3 | J14: 0 | K14: 0 | L14: 0 | M14: =SUM(E14:K14) -> 4 | N14: =(D14-E14)-M14 -> 0 | O14: =((D14-E14)-N14)/(D14-E14) -> 1 | P14: =(((F14+G14)*$E$18+H14*$E$19+I14*$E$20+J14*$E$21)/(D14-E14)) -> 0
C15: =[1]MDL!A32 -> D.Cable GTPs, Type Test Reports and QAP | D15: =SUM(E15:L15) -> 7 | E15: 0 | F15: 0 | G15: 1 | H15: 1 | I15: 2 | J15: 0 | K15: 0 | L15: 3 | M15: =SUM(E15:K15) -> 4 | N15: =(D15-E15)-M15 -> 3 | O15: =((D15-E15)-N15)/(D15-E15) -> 0.57142857 | P15: =(((F15+G15)*$E$18+H15*$E$19+I15*$E$20+J15*$E$21)/(D15-E15)) -> 0
C16: =[1]MDL!A40 -> E.Battery Energy Storage System (BESS) | D16: =SUM(E16:L16) -> 17 | E16: 0 | F16: 6 | G16: 3 | H16: 0 | I16: 2 | J16: 2 | K16: 0 | L16: 4 | M16: =SUM(E16:K16) -> 13 | N16: =(D16-E16)-M16 -> 4 | O16: =((D16-E16)-N16)/(D16-E16) -> 0.76470588 | P16: =(((F16+G16)*$E$18+H16*$E$19+I16*$E$20+J16*$E$21)/(D16-E16)) -> 0
C17: =[1]MDL!A59 -> F.Module Mounting structure | D17: =SUM(E17:L17) -> 12 | E17: 0 | F17: 7 | G17: 0 | H17: 0 | I17: 0 | J17: 3 | K17: 0 | L17: 2 | M17: =SUM(E17:K17) -> 10 | N17: =(D17-E17)-M17 -> 2 | O17: =((D17-E17)-N17)/(D17-E17) -> 0.83333333 | P17: =(((F17+G17)*$E$18+H17*$E$19+I17*$E$20+J17*$E$21)/(D17-E17)) -> 0
C18: =[1]MDL!A67 -> G.MCR Building | D18: =SUM(E18:L18) -> 11 | E18: 0 | F18: 3 | G18: 2 | H18: 0 | I18: 1 | J18: 0 | K18: 0 | L18: 5 | M18: =SUM(E18:K18) -> 6 | N18: =(D18-E18)-M18 -> 5 | O18: =((D18-E18)-N18)/(D18-E18) -> 0.54545455 | P18: =(((F18+G18)*$E$18+H18*$E$19+I18*$E$20+J18*$E$21)/(D18-E18)) -> 0
C19: =[1]MDL!A79 -> H.Open Plinth for LCR Equipment | D19: =SUM(E19:L19) -> 6 | E19: 0 | F19: 0 | G19: 0 | H19: 0 | I19: 0 | J19: 0 | K19: 0 | L19: 6 | M19: =SUM(E19:K19) -> 0 | N19: =(D19-E19)-M19 -> 6 | O19: =((D19-E19)-N19)/(D19-E19) -> 0 | P19: =(((F19+G19)*$E$18+H19*$E$19+I19*$E$20+J19*$E$21)/(D19-E19)) -> 0
C20: =[1]MDL!A84 -> I.BESS Foundation | D20: =SUM(E20:L20) -> 7 | E20: 0 | F20: 0 | G20: 2 | H20: 0 | I20: 0 | J20: 0 | K20: 0 | L20: 5 | M20: =SUM(E20:K20) -> 2 | N20: =(D20-E20)-M20 -> 5 | O20: =((D20-E20)-N20)/(D20-E20) -> 0.28571429 | P20: =(((F20+G20)*$E$18+H20*$E$19+I20*$E$20+J20*$E$21)/(D20-E20)) -> 0
C21: =[1]MDL!A92 -> J.Equipment foundations | D21: =SUM(E21:L21) -> 4 | E21: 0 | F21: 0 | G21: 0 | H21: 0 | I21: 0 | J21: 0 | K21: 0 | L21: 4 | M21: =SUM(E21:K21) -> 0 | N21: =(D21-E21)-M21 -> 4 | O21: =((D21-E21)-N21)/(D21-E21) -> 0 | P21: =(((F21+G21)*$E$18+H21*$E$19+I21*$E$20+J21*$E$21)/(D21-E21)) -> 0
C22: =[1]MDL!A97 -> K.Layout, Ancillary Equipment GTP and DBR | D22: =SUM(E22:L22) -> 24 | E22: 0 | F22: 2 | G22: 1 | H22: 0 | I22: 1 | J22: 0 | K22: 0 | L22: 20 | M22: =SUM(E22:K22) -> 4 | N22: =(D22-E22)-M22 -> 20 | O22: =((D22-E22)-N22)/(D22-E22) -> 0.16666667 | P22: =(((F22+G22)*$E$18+H22*$E$19+I22*$E$20+J22*$E$21)/(D22-E22)) -> 0
C23: =[1]MDL!A122 -> M.Ancillary Systems | D23: =SUM(E23:L23) -> 10 | E23: 0 | F23: 0 | G23: 0 | H23: 0 | I23: 0 | J23: 0 | K23: 0 | L23: 10 | M23: =SUM(E23:K23) -> 0 | N23: =(D23-E23)-M23 -> 10 | O23: =((D23-E23)-N23)/(D23-E23) -> 0 | P23: =(((F23+G23)*$E$18+H23*$E$19+I23*$E$20+J23*$E$21)/(D23-E23)) -> 0
C24: =[1]MDL!A133 -> N.Cable Schedules | D24: =SUM(E24:L24) -> 7 | E24: 0 | F24: 0 | G24: 0 | H24: 0 | I24: 0 | J24: 0 | K24: 0 | L24: 7 | M24: =SUM(E24:K24) -> 0 | N24: =(D24-E24)-M24 -> 7 | O24: =((D24-E24)-N24)/(D24-E24) -> 0 | P24: =(((F24+G24)*$E$18+H24*$E$19+I24*$E$20+J24*$E$21)/(D24-E24)) -> 0
C25: =[1]MDL!A142 -> O.System Drawings and Layouts | D25: =SUM(E25:L25) -> 14 | E25: 0 | F25: 3 | G25: 1 | H25: 1 | I25: 2 | J25: 0 | K25: 0 | L25: 7 | M25: =SUM(E25:K25) -> 7 | N25: =(D25-E25)-M25 -> 7 | O25: =((D25-E25)-N25)/(D25-E25) -> 0.5 | P25: =(((F25+G25)*$E$18+H25*$E$19+I25*$E$20+J25*$E$21)/(D25-E25)) -> 0
C26: =[1]MDL!A157 -> P.Equipment GTPs, Type test reports and Inspection Reports | D26: =SUM(E26:L26) -> 24 | E26: 0 | F26: 4 | G26: 5 | H26: 0 | I26: 0 | J26: 0 | K26: 0 | L26: 15 | M26: =SUM(E26:K26) -> 9 | N26: =(D26-E26)-M26 -> 15 | O26: =((D26-E26)-N26)/(D26-E26) -> 0.375 | P26: =(((F26+G26)*$E$18+H26*$E$19+I26*$E$20+J26*$E$21)/(D26-E26)) -> 0
C27: =[1]MDL!A182 -> Q.Equipment Foundation Drawings and Cable Schedules | D27: =SUM(E27:L27) -> 25 | E27: 0 | F27: 0 | G27: 9 | H27: 0 | I27: 0 | J27: 0 | K27: 0 | L27: 16 | M27: =SUM(E27:K27) -> 9 | N27: =(D27-E27)-M27 -> 16 | O27: =((D27-E27)-N27)/(D27-E27) -> 0.36 | P27: =(((F27+G27)*$E$18+H27*$E$19+I27*$E$20+J27*$E$21)/(D27-E27)) -> 0
C28: Total documents | D28: =SUM(D12:D27)-E28 -> 187 | E28: =SUM(E12:E21) -> 0 | F28: =SUM(F12:F27) -> 29 | G28: =SUM(G12:G27) -> 27 | H28: =SUM(H12:H27) -> 2 | I28: =SUM(I12:I27) -> 13 | J28: =SUM(J12:J27) -> 9 | K28: =SUM(K12:K27) -> 0 | L28: =SUM(L12:L27) -> 107 | M28: =SUM(M12:M27) -> 80 | N28: =SUM(N12:N27) -> 107 | O28: =((D28-E28)-N28)/(D28-E28) -> 0.42780749 | P28: =(((F28+G28)*$E$18+H28*$E$19+I28*$E$20+J28*$E$21)/(D28-E28)) -> 0
D29: =D28 -> 187 | E29: =I28+J28 -> 22 | F29: 1 | G29: =E29/D29 -> 0.11764706

Sheet Sheet1
C3: Sl. No. | D3: Drawing/Document Title | E3: Approval Category | F3: Date Of Approval | G3: Darwing Number | H3: Approval Status | I3: Proposed Submission Date
C4: 1 | D4: Photovoltaic Module | F4: 45715 | G4: SECI-LEH25MW-GTP-ELE-1 | H4: PGEL | J4: Basic Engineering | M4: Approved
C5: 2 | D5: Power Conditioning Unit (Central) | F5: 45681 | G5: SECI-LEH25MW-GTP-ELE-2 | H5: PGEL | M5: Re-Submission
C6: 3 | D6: System Design Basis Report _x000D_ (including Energy Yield Simulation and shadow analysis report) | E6: CAT-III | F6: 45805 | G6: SECI-LEH25MW-DBR-ELE-3 | H6: PGEL | M6: PGEL
C7: 4 | D7: DC SLD | E7: CAT-IV | F7: 45792 | G7: SECI-LEH25MW-DWG-ELE-4 | H7: Approved | M7: SECI-Review
C8: 5 | D8: AC SLD including BESS (upto 11 kV) | E8: CAT-IV | F8: 45862 | G8: SECI-LEH25MW-DWG-ELE-5 | H8: Approved | M8: Yet To Submit
C9: 6 | D9: Topographical Survey | E9: CAT-IV | F9: 45818 | G9: SECI-LEH25MW-DWG-CIV-6 | H9: Approved
C10: 7 | D10: Concrete Mix Design Report | F10: 45859 | G10: SECI-LEH25MW-IR-CIV-7 | H10: PGEL
C11: 8 | D11: Grading and Levelling Plan | F11: 45849 | G11: SECI-LEH25MW-DWG-CIV-8 | H11: PGEL
C12: 9 | D12: Overall Plant Layout covering Array layout, Buildings (MCR and LCR) marking, Road Layout, Lightning protection layout, WMS Location, etc. | E12: CAT-III | F12: 45841 | G12: SECI-LEH25MW-DWG-ELE-9 | H12: PGEL
C13: 10 | D13: Plant Boundary Fencing Layout and Details | E13: CAT-I | F13: 45804 | G13: SECI-LEH25MW-DWG-CIV-10 | H13: Approved
C14: 11 | D14: Plant Main Gate - General Arrangement and Details | E14: CAT-I | F14: 45842 | G14: SECI-LEH25MW-DWG-CIV-11 | H14: Approved
C15: 12 | D15: String Combiner Box (SCB) | G15: SECI-LEH25MW-GTP-ELE-12 | H15: Yet To Submit | J15: Major Electrical Equipments (GTP, GA, Type Test Reports and QAP)
C16: 13 | D16: Inverter Duty Transformer (IDT) | G16: SECI-LEH25MW-GTP-ELE-13 | H16: Yet To Submit
C17: 14 | D17: 11kV HT ICOG Panel | G17: SECI-LEH25MW-GTP-ELE-14 | H17: SECI-Review
C18: 15 | D18: 11kV HT Combiner Panel | G18: SECI-LEH25MW-GTP-ELE-15 | H18: Yet To Submit
C19: 16 | D19: Solar cable (PV module to SCB) | E19: CAT-II | G19: SECI-LEH25MW-GTP-ELE-16 | H19: Approved | J19: Cable sizing documents
C20: 17 | D20: DC cable (from SCB to PCU) | E20: CAT-I | G20: SECI-LEH25MW-GTP-ELE-17 | H20: Approved
C21: 18 | D21: LT cable (from PCU to IDT) | E21: CAT-I | G21: SECI-LEH25MW-GTP-ELE-18 | H21: Approved
C22: 19 | D22: 11kV LT Power Cable | E22: CAT-I | G22: SECI-LEH25MW-GTP-ELE-19 | H22: Approved
C23: 20 | D23: Solar cable (PV module to SCB) | E23: CAT-II | G23: SECI-LEH25MW-GTP-ELE-20 | H23: Approved | J23: Cable GTPs, Type Test Reports and QAP | K23: SUB. APPROVED
C24: 21 | D24: DC cable (from SCB to PCU) | G24: SECI-LEH25MW-GTP-ELE-21 | H24: Re-Submission | K24: UNDER OE
C25: 22 | D25: LT cable (from PCU to IDT) | E25: CAT-I | G25: SECI-LEH25MW-GTP-ELE-22 | H25: Approved | K25: APPROVED
C26: 23 | D26: 11kV LT Power Cable | E26: CAT-I | G26: SECI-LEH25MW-GTP-ELE-23 | H26: Approved | K26: APPROVED
C27: 24 | D27: Communication Cable | G27: SECI-LEH25MW-GTP-ELE-24 | H27: Yet To Submit | K27: PENDING
C28: 25 | D28: LT Auxiliary Power Cable | G28: SECI-LEH25MW-GTP-ELE-25 | H28: Yet To Submit | K28: PENDING
C29: 26 | D29: Control Cable | G29: SECI-LEH25MW-GTP-ELE-26 | H29: Yet To Submit | K29: PENDING
C30: 27 | D30: Design Basis Report for BESS with BESS PQR | G30: SECI-LEH25MW-DBR-ELE-27 | H30: SECI-Review | J30: Battery Energy Storage System (BESS) | K30: UNDER OE
C31: 28 | D31: Battery Sizing Calculation | E31: CAT-I | G31: SECI-LEH25MW-DBR-ELE-28 | H31: Approved | K31: APPROVED
C32: 29 | D32: Overall System Schematic, Equipment Layout and BoM | G32: SECI-LEH25MW-DWG-ELE-29 | H32: Yet To Submit | K32: PENDING
C33: 30 | D33: Battery Bank (GTP, Drawings, Type Test Report and QAP) Along with Battery Container GA | G33: SECI-LEH25MW-GTP-ELE-30 | H33: PGEL | K33: UNDER EPC
C34: 31 | D34: Battery Management System (GTP and Drawings) | G34: SECI-LEH25MW-GTP-ELE-31 | H34: PGEL | K34: UNDER EPC
C35: 32 | D35: Power Conditioning System (GTP, Drawings, Type Test Report and QAP) | G35: SECI-LEH25MW-GTP-ELE-32 | H35: SECI-Review | K35: UNDER OE
C36: 33 | D36: PCS Transformer (GTP, Drawings, Type Test Report and QAP) | G36: SECI-LEH25MW-GTP-ELE-33 | H36: Yet To Submit | K36: PENDING
C37: 34 | D37: PCS Transformer NIFPS (GTP, Drawings and QAP) (If Applicable) | G37: SECI-LEH25MW-GTP-ELE-34 | H37: Yet To Submit | K37: PENDING
C38: 35 | D38: HVAC System (General Arrangement and Details) | G38: SECI-LEH25MW-DWG-ELE-35 | H38: SECI-Review | K38: UNDER OE
C39: 36 | D39: BESS Auxiliary System SLD and DB Details | G39: SECI-LEH25MW-GTP-ELE-36 | H39: PGEL | K39: UNDER EPC
C40: 37 | D40: BESS Earthing Scheme | G40: SECI-LEH25MW-DWG-ELE-37 | H40: Yet To Submit | K40: PENDING
C41: 38 | D41: BESS Fire Protection Systems | E41: CAT-III | G41: SECI-LEH25MW-DWG-ELE-38 | H41: PGEL | K41: UNDER EPC
C42: 39 | D42: Auxiliary Power Consumption Calculation | E42: CAT-IV | G42: SECI-LEH25MW-DBR-ELE-39 | H42: Approved | K42: NOTED FOR INFORMATION
C43: 40 | D43: Heat Load Calculation of Container | E43: CAT-IV | G43: SECI-LEH25MW-DBR-CIV-40 | H43: Approved | K43: NOTED FOR INFORMATION
C44: 41 | D44: Energy Management System (EMS) document (GTP, schematics,and GA) | G44: SECI-LEH25MW-GTP-ELE-41 | H44: Yet To Submit | K44: PENDING
C45: 42 | D45: DC and AC Sizing Cable Calculation | E45: CAT-I | G45: SECI-LEH25MW-DBR-ELE-42 | H45: Approved | K45: APPROVED
C46: 43 | D46: DC and AC Cable GTP | G46: SECI-LEH25MW-GTP-ELE-43 | H46: Yet To Submit | K46: PENDING
C47: 44 | D47: Module Mounting Structure DBR | E47: CAT-II | G47: SECI-LEH25MW-DBR-CIV-44 | H47: Approved | J47: Module Mounting structure | K47: UNDER EPC
C48: 44A | D48: Module Mounting Structure DBR (Interior) | E48: CAT-III | G48: SECI-LEH25MW-DBR-CIV-44A | H48: PGEL | K48: UNDER OE
C49: 45 | D49: MMS Drawing | E49: CAT-II | G49: SECI-LEH25MW-DWG-CIV-45 | H49: Approved | K49: UNDER EPC
C50: 45A | D50: MMS Drawing (Interior) | E50: CAT-III | G50: SECI-LEH25MW-DWG-CIV-45A | H50: PGEL | K50: UNDER OE
C51: 46 | D51: MMS Fabrication Drawing | E51: CAT-IV | G51: SECI-LEH25MW-DWG-CIV-46 | H51: Approved | K51: NOTED FOR INFORMATION
C52: 46A | D52: MMS Fabrication Drawing (Interior) | G52: SECI-LEH25MW-DWG-CIV-46A | H52: Yet To Submit | K52: PENDING
C53: 47 | D53: MMS Foundation Drawing | E53: CAT-II | G53: SECI-LEH25MW-DWG-CIV-47 | H53: Approved | K53: UNDER EPC
C54: 47A | D54: MMS Foundation Drawing (Interior) | G54: SECI-LEH25MW-DWG-CIV-47A | H54: Yet To Submit | K54: PENDING
C55: 48 | D55: MMS Foundation Marking Layout | G55: SECI-LEH25MW-DWG-CIV-48 | H55: SECI-Review | K55: UNDER EPC
C56: 49 | D56: Pile Test Location Drawing (if applicable) | E56: CAT-II | G56: SECI-LEH25MW-DWG-CIV-49 | H56: Approved | K56: UNDER EPC
C57: 50 | D57: Pile Test Report (if applicable) | G57: SECI-LEH25MW-IR-CIV-50 | K57: UNDER OE
C58: 51 | D58: MCR - Architectural Details, Elevations, Sections and Finishing | E58: CAT-I | G58: SECI-LEH25MW-DWG-CIV-51 | J58: MCR Building | K58: APPROVED
C59: 52 | D59: MCR Foundation and Super Structure - Design Basis Report | E59: CAT-III | G59: SECI-LEH25MW-DBR-CIV-52 | K59: UNDER OE
C60: 53 | D60: MCR - Foundation General Arrangement and Reinforcement Details | E60: CAT-III | G60: SECI-LEH25MW-DWG-CIV-53 | K60: UNDER OE
C61: 54 | D61: MCR - Plinth Beam General Arrangement and Reinforcement Details | G61: SECI-LEH25MW-DWG-CIV-54 | K61: UNDER OE
C62: 55 | D62: MCR - Lintel Beam General Arrangement and Reinforcement Details | G62: SECI-LEH25MW-DWG-CIV-55 | K62: UNDER OE
C63: 56 | D63: MCR - Roof General Arrangement and Reinforcement Details | G63: SECI-LEH25MW-DWG-CIV-56 | K63: UNDER OE
C64: 57 | D64: MCR - Plumbing Network and Sanitary Details | G64: SECI-LEH25MW-DWG-CIV-57 | K64: PENDING
C65: 58 | D65: MCR Heating/HVAC Sytem - Layout, General Arrangement and Details | G65: SECI-LEH25MW-DWG-CIV-58 | K65: PENDING
C66: 59 | D66: MCR Heating/HVAC System - Design Basis Report (DBR) | G66: SECI-LEH25MW-DBR-CIV-59 | K66: PENDING
C67: 60 | D67: MCR Lighting Layout | G67: SECI-LEH25MW-DWG-ELE-60 | K67: PENDING
C68: 61 | D68: MCR - Cable Trench General Arrangement and Reinforcement Details | G68: SECI-LEH25MW-DWG-CIV-61 | K68: PENDING
C69: 62 | D69: LCR Equipment Layout | G69: SECI-LEH25MW-DWG-ELE-62 | J69: LCR Equipment Room | K69: PENDING
C70: 63 | D70: Inverter Foundation and Super Structure DBR | G70: SECI-LEH25MW-DBR-CIV-63 | K70: PENDING
C71: 63A | D71: HT Container Foundation and Super Structure DBR | G71: SECI-LEH25MW-DBR-CIV-63A | K71: PENDING
C72: 64 | D72: Inverter Foundation and Superstructure - General Arrangement and Reinforcement Details | G72: SECI-LEH25MW-DWG-CIV-64 | K72: PENDING
C73: 64A | D73: HT Container Foundation and Superstructure - General Arrangement and Reinforcement Details | G73: SECI-LEH25MW-DWG-CIV-64A | K73: PENDING
C74: 65 | D74: Cable Trench Layout for ICR room | G74: SECI-LEH25MW-DWG-ELE-65 | K74: PENDING
C75: 66 | D75: BESS Transformer Foundation - General Arrangement and Details | G75: SECI-LEH25MW-DWG-CIV-66 | J75: BESS Foundation | K75: PENDING
C76: 67 | D76: Design Basis Report (DBR) for BESS Transformer foundation | G76: SECI-LEH25MW-DBR-CIV-67 | K76: PENDING
C77: 68 | D77: BESS Container Platform and Foundation - Design Basis Report | G77: SECI-LEH25MW-DBR-CIV-68 | K77: UNDER OE
C78: 69 | D78: BESS Container Platform Superstructure and Foundation - General Arrangement and Details | G78: SECI-LEH25MW-DWG-CIV-69 | K78: UNDER OE
C79: 70 | D79: BESS Yard Fence & Gate - General Arrangement and Details | G79: SECI-LEH25MW-DWG-CIV-70 | K79: PENDING
C80: 71 | D80: BESS PCS Foundation - DBR | G80: SECI-LEH25MW-DBR-CIV-71 | K80: PENDING
C81: 72 | D81: BESS PCS Foundation - General Arrangement and Details | G81: SECI-LEH25MW-DWG-CIV-72 | K81: PENDING
C82: 73 | D82: String Combiner Panel Structure and Foundation - General Arrangement and Details | G82: SECI-LEH25MW-DWG-CIV-73 | J82: Equipment foundations | K82: PENDING
C83: 74 | D83: Auxiliary Tranformer Foundation DBR and GA Drawing | G83: SECI-LEH25MW-DWG-CIV-74 | K83: PENDING
C84: 75 | D84: Inverter Transformer Foundation DBR | G84: SECI-LEH25MW-DBR-CIV-75 | K84: PENDING
C85: 76 | D85: Inverter Transformer Foundation - General Arrangement and Details | G85: SECI-LEH25MW-DWG-CIV-76 | K85: PENDING
C86: 77 | D86: Cable trench Layout and Cross section (DC, AC, Lighting and CCTV system etc) | G86: SECI-LEH25MW-DWG-ELE-77 | J86: Layout, Ancillary Equipment GTP and DBR | K86: PENDING
C87: 78 | D87: DC Earthing Design and Calculation | E87: CAT-II | G87: SECI-LEH25MW-DBR-ELE-78 | K87: UNDER EPC
C88: 79 | D88: PV Array Yard Earthing Layout | G88: SECI-LEH25MW-DWG-ELE-79 | K88: PENDING
C89: 80 | D89: AC Earthing Design and Calculation | E89: CAT-I | G89: SECI-LEH25MW-DBR-ELE-80 | K89: APPROVED
C90: 81 | D90: LCR and MCR Yard Earthing Layout | G90: SECI-LEH25MW-DWG-ELE-81 | K90: PENDING
C91: 82 | D91: Illumination Design and Simulation Report | G91: SECI-LEH25MW-DBR-ELE-82 | K91: PENDING
C92: 83 | D92: Plant Lighting Layout and Lighting Pole GA & Foundation | G92: SECI-LEH25MW-DWG-ELE-83 | K92: PENDING
C93: 84 | D93: LED Luminarie and Pole with accessories | G93: SECI-LEH25MW-GTP-ELE-84 | K93: PENDING
C94: 85 | D94: Plant Auxilary Load Calculation with UPS sizing | G94: SECI-LEH25MW-DBR-ELE-85 | K94: UNDER EPC
C95: 86 | D95: Auxiliary SLD | G95: SECI-LEH25MW-DWG-ELE-86 | K95: PENDING
C96: 87 | D96: UPS ( GTP, GA & Drawing, QAP and Type Test Reports | G96: SECI-LEH25MW-GTP-ELE-87 | K96: PENDING
C97: 88 | D97: Auxiliary Transformer (GTP, GA & Drawing, QAP and Type Test Reports) | G97: SECI-LEH25MW-GTP-ELE-88 | K97: PENDING
C98: 89 | D98: GTP and Schematics of LT distribution panel | G98: SECI-LEH25MW-GTP-ELE-89 | K98: PENDING
C99: 90 | D99: SCADA System Architecture and IO List | G99: SECI-LEH25MW-DBR-ELE-90 | K99: PENDING
C100: 91 | D100: SCADA Schematic | G100: SECI-LEH25MW-DWG-ELE-91 | K100: PENDING
C101: 92 | D101: GTP of SCADA system components - Hardware & Software | G101: SECI-LEH25MW-GTP-ELE-92 | K101: PENDING
... C109: 100 | D109: CCTV System | G109: SECI-LEH25MW-GTP-ELE-100 | K109: PENDING
...

Sheet Progress Abstract
B2: Daily Progress Report | N2: Date:- | O2: =TODAY()-1 -> 45881
B3: Project Name : | D3: 25 MW (AC) Solar PV Power Plant (50 MWp DC) with 20 MW / 50 MWh Battery Energy Storage System at Taru, Leh, UT of Ladakh, India
B4: Client : | D4: Solar Energy Corporation of India Ltd
B5: SPV : | D5: Prozeal Green Energy Limited | R5: =0.71*5500 -> 3905
B6: Project Start Date | D6: 45616
B7: Project COD | D7: =D6+(36*30) -> 46696 | P7: =D7-D6 -> 1080 | Q7: =D7-O2 -> 815
B8: Sr. No | C8: Description | D8: Work Status | E8: UOM | F8: Scope | G8: Progress | H8: Balance | I8: %age | J8: Status | K8: Dashboard
B9: CIVIL Package | P9: COMP
B10: 1 | C10: Boundary Fencing | D10: ='Civil Progress'!C6 -> Boundary Demarcation and marking | E10: ='Civil Progress'!D6 -> Rm | F10: ='Civil Progress'!E6 -> 5690 | G10: ='Civil Progress'!F6 -> 5500 | H10: =F10-G10 -> 190 | I10: =G10/F10 -> 0.96660808 | J10: COMP | P10: WIP
D11: ='Civil Progress'!C7 -> Plie Boring | E11: ='Civil Progress'!D7 -> Rm | F11: ='Civil Progress'!E7 -> 5690 | G11: ='Civil Progress'!F7 -> 4957.5 | H11: =F11-G11 -> 732.5 | I11: =G11/F11 -> 0.87126538 | J11: WIP | P11: Yet to Start
D12: ='Civil Progress'!C8 -> Fence post Allignment and Concrete Pouring | E12: ='Civil Progress'!D8 -> Rm | F12: ='Civil Progress'!E8 -> 5690 | G12: ='Civil Progress'!F8 -> 5150 | H12: =F12-G12 -> 540 | I12: =G12/F12 -> 0.90509666 | J12: WIP | R12: =AVERAGE(G15,G21,G39,G46,G54,G65,G78) -> 0.36684347 | S12: =AVERAGE(H15,H21,H39,H46,H54,H65,H78) -> 0.63315653 | T12: =AVERAGE(I15,I21,I39,I46,I54,I58,I65,I78) -> 0.32350655
D13: ='Civil Progress'!C9 -> Barbed wire installation | E13: ='Civil Progress'!D9 -> Rm | F13: ='Civil Progress'!E9 -> 5690 | G13: ='Civil Progress'!F9 -> 4315 | H13: =F13-G13 -> 1375 | I13: =G13/F13 -> 0.75834798 | J13: WIP
D14: ='Civil Progress'!C10 -> Mesh installation with connecting strip and tightening | E14: ='Civil Progress'!D10 -> Rm | F14: ='Civil Progress'!E10 -> 5690 | G14: ='Civil Progress'!F10 -> 4335 | H14: =F14-G14 -> 1355 | I14: =G14/F14 -> 0.76186292 | J14: WIP
D15: Weightage Progress | F15: 1 | G15: ='Civil Progress'!H5 -> 0.8526362 | H15: =F15-G15 -> 0.1473638 | I15: =G15/F15 -> 0.8526362
B16: 2 | C16: Main Gate | D16: ='Civil Progress'!C12 -> Foundation Excavation | E16: ='Civil Progress'!D12 -> Nos | F16: ='Civil Progress'!E12 -> 3 | G16: ='Civil Progress'!F12 -> 3 | H16: =F16-G16 -> 0 | I16: =G16/F16 -> 1 | J16: COMP
D17: ='Civil Progress'!C13 -> Foundation PCC | E17: ='Civil Progress'!D13 -> Nos | F17: ='Civil Progress'!E13 -> 3 | G17: ='Civil Progress'!F13 -> 3 | H17: =F17-G17 -> 0 | I17: =G17/F17 -> 1 | J17: COMP
D18: ='Civil Progress'!C14 -> Foundation RCC | E18: ='Civil Progress'!D14 -> Nos | F18: ='Civil Progress'!E14 -> 3 | G18: ='Civil Progress'!F14 -> 3 | H18: =F18-G18 -> 0 | I18: =G18/F18 -> 1 | J18: COMP
D19: ='Civil Progress'!C15 -> Columns | E19: ='Civil Progress'!D15 -> Nos | F19: ='Civil Progress'!E15 -> 3 | G19: ='Civil Progress'!F15 -> 3 | H19: =F19-G19 -> 0 | I19: =G19/F19 -> 1 | J19: COMP
D20: ='Civil Progress'!C16 -> Gate Febrication and Installation | E20: ='Civil Progress'!D16 -> Nos | F20: ='Civil Progress'!E16 -> 2 | G20: ='Civil Progress'!F16 -> 2 | H20: =F20-G20 -> 0 | I20: ='Civil Progress'!H31 -> 0 | J20: Yet to Start
D21: Weightage Progress | F21: 1 | G21: ='Civil Progress'!H11 -> 1 | H21: =F21-G21 -> 0 | I21: =G21/F21 -> 1
B22: 3 | C22: MCR | D22: ='Civil Progress'!C21 -> Excavation | E22: ='Civil Progress'!D21 -> No's | F22: ='Civil Progress'!E21 -> 33 | G22: ='Civil Progress'!F21 -> 33 | H22: =F22-G22 -> 0 | I22: =G22/F22 -> 1 | J22: COMP
D23: ='Civil Progress'!C22 -> Foundation PCC | E23: ='Civil Progress'!D22 -> No's | F23: ='Civil Progress'!E22 -> 33 | G23: ='Civil Progress'!F22 -> 33 | H23: =F23-G23 -> 0 | I23: =G23/F23 -> 1 | J23: WIP
D24: ='Civil Progress'!C25 -> Footing Foundation casting | E24: ='Civil Progress'!D25 -> No's | F24: =AVERAGE('Civil Progress'!E23:E25) -> 33 | G24: =AVERAGE('Civil Progress'!F23:F25) -> 17 | H24: =F24-G24 -> 16 | I24: =G24/F24 -> 0.51515152 | J24: WIP
D25: ='Civil Progress'!C27 -> Column upto Plinth Beam | E25: ='Civil Progress'!D31 -> No's | F25: ='Civil Progress'!E27 -> 33 | G25: ='Civil Progress'!F27 -> 0 | H25: =F25-G25 -> 33 | I25: =G25/F25 -> 0 | J25: Yet to Start
D26: ='Civil Progress'!C30 -> Plinth Beam Casting | E26: ='Civil Progress'!D30 -> Mtr | F26: =AVERAGE('Civil Progress'!E28:E30) -> 322 | G26: =AVERAGE('Civil Progress'!F28:F30) -> 0 | H26: =F26-G26 -> 322 | I26: =G26/F26 -> 0 | J26: Yet to Start
D27: ='Civil Progress'!C31 -> Column upto Lintel Beam | E27: ='Civil Progress'!D31 -> No's | F27: ='Civil Progress'!E31 -> 33 | G27: ='Civil Progress'!F31 -> 0 | H27: =F27-G27 -> 33 | I27: =G27/F27 -> 0 | J27: Yet to Start
D28: ='Civil Progress'!C33 -> Lintel and sunshade casting | E28: ='Civil Progress'!D33 -> Mtr | F28: ='Civil Progress'!E33 -> 132 | G28: ='Civil Progress'!F33 -> 0 | H28: ='Civil Progress'!G33 -> 132 | I28: =G28/F28 -> 0 | J28: Yet to Start
D29: ='Civil Progress'!C38 -> Column upto Roof Beam | E29: ='Civil Progress'!D38 -> No's | F29: ='Civil Progress'!E38 -> 33 | G29: ='Civil Progress'!F38 -> 0 | H29: ='Civil Progress'!G38 -> 33 | I29: =G29/F29 -> 0 | J29: Yet to Start
D30: ='Civil Progress'!C41 -> Roof Beam & Slab Casting | E30: ='Civil Progress'!D41 -> Ls | F30: ='Civil Progress'!E42 -> 1 | G30: ='Civil Progress'!F42 -> 0 | H30: ='Civil Progress'!G42 -> 1 | I30: =G30/F30 -> 0 | J30: Yet to Start
D31: ='Civil Progress'!C36 -> Cable Trench Raft Casting | E31: ='Civil Progress'!D36 -> Mtr | F31: ='Civil Progress'!E36 -> 50 | G31: ='Civil Progress'!F36 -> 0 | H31: ='Civil Progress'!G36 -> 50 | I31: =G31/F31 -> 0 | J31: Yet to Start
D32: ='Civil Progress'!C37 -> Cable Trench Wall casting | E32: ='Civil Progress'!D37 -> Mtr | F32: ='Civil Progress'!E37 -> 100 | G32: ='Civil Progress'!F37 -> 0 | H32: ='Civil Progress'!G37 -> 100 | I32: =G32/F32 -> 0 | J32: Yet to Start
D33: ='Civil Progress'!C42 -> Floor Slab Casting | E33: ='Civil Progress'!D42 -> Ls | F33: ='Civil Progress'!E42 -> 1 | G33: ='Civil Progress'!F42 -> 0 | H33: ='Civil Progress'!G42 -> 1 | I33: =G33/F33 -> 0 | J33: Yet to Start
D34: ='Civil Progress'!C43 -> Brick Masonry Work | E34: ='Civil Progress'!D43 -> Cu. Mtr | F34: ='Civil Progress'!E43 -> 310 | G34: ='Civil Progress'!F43 -> 0 | H34: ='Civil Progress'!G43 -> 310 | I34: =G34/F34 -> 0 | J34: Yet to Start
D35: ='Civil Progress'!C44 -> Wall & Celling Plaster | E35: ='Civil Progress'!D44 -> Sq. Mtr | F35: ='Civil Progress'!E44 -> 2380 | G35: ='Civil Progress'!F44 -> 0 | H35: ='Civil Progress'!G44 -> 2380 | I35: =G35/F35 -> 0 | J35: Yet to Start
D36: ='Civil Progress'!C45 -> Flooring | E36: ='Civil Progress'!D45 -> No's | F36: ='Civil Progress'!E45 -> 8 | G36: ='Civil Progress'!F45 -> 0 | H36: ='Civil Progress'!G45 -> 0 | I36: =G36/F36 -> 0 | J36: Yet to Start
D37: ='Civil Progress'!C54 -> Putty & Paint work | E37: ='Civil Progress'!D54 -> No's | F37: ='Civil Progress'!E54 -> 8 | G37: ='Civil Progress'!F54 -> 0 | H37: ='Civil Progress'!G54 -> 0 | I37: =G37/F37 -> 0 | J37: Yet to Start
D38: ='Civil Progress'!C63 -> Misc Work | E38: ='Civil Progress'!D63 -> LS | F38: ='Civil Progress'!E63 -> 1 | G38: ='Civil Progress'!F63 -> 0 | H38: ='Civil Progress'!G63 -> 0 | I38: =G38/F38 -> 0 | J38: Yet to Start
D39: Weightage Progress | F39: 1 | G39: ='Civil Progress'!H20 -> 0.15617716 | H39: =F39-G39 -> 0.84382284 | I39: =G39/F39 -> 0.15617716
B40: 4 | C40: IDT- Solar | D40: ='Civil Progress'!C72 -> Excavation | E40: ='Civil Progress'!D72 -> No's | F40: ='Civil Progress'!E72 -> 4 | G40: ='Civil Progress'!F72 -> 3 | H40: =F40-G40 -> 1 | I40: =G40/F40 -> 0.75 | J40: WIP
D41: ='Civil Progress'!C73 -> Foundation PCC | E41: ='Civil Progress'!D73 -> No's | F41: ='Civil Progress'!E73 -> 4 | G41: ='Civil Progress'!F73 -> 3 | H41: =F41-G41 -> 1 | I41: =G41/F41 -> 0.75 | J41: WIP
D42: ='Civil Progress'!C76 -> Foundation Raft casting | E42: ='Civil Progress'!D76 -> No's | F42: =AVERAGE('Civil Progress'!E74:E76) -> 4 | G42: =AVERAGE('Civil Progress'!F74:F76) -> 3 | H42: =F42-G42 -> 1 | I42: =G42/F42 -> 0.75 | J42: WIP
D43: ='Civil Progress'!C79 -> Wall casting | E43: ='Civil Progress'!D79 -> No's | F43: =AVERAGE('Civil Progress'!E77:E79) -> 8 | G43: =AVERAGE('Civil Progress'!F77:F79) -> 6 | H43: =F43-G43 -> 2 | I43: =G43/F43 -> 0.75 | J43: WIP
D44: ='Civil Progress'!C81 -> Cashment Wall B/W | E44: ='Civil Progress'!D81 -> No's | F44: ='Civil Progress'!E81 -> 4 | G44: ='Civil Progress'!F81 -> 0 | H44: =F44-G44 -> 4 | I44: =G44/F44 -> 0 | J44: Yet to Start
D45: ='Civil Progress'!C82 -> Fencing - IDT | E45: ='Civil Progress'!D82 -> No's | F45: ='Civil Progress'!E82 -> 4 | G45: ='Civil Progress'!F82 -> 0 | H45: =F45-G45 -> 4 | I45: =G45/F45 -> 0 | J45: Yet to Start
D46: Weightage Progress | F46: 1 | G46: ='Civil Progress'!H71 -> 0.54545455 | H46: =F46-G46 -> 0.45454545 | I46: =G46/F46 -> 0.54545455
B47: 5 | C47: LCR- Solar | D47: ='Civil Progress'!C84 -> Excavation | E47: ='Civil Progress'!D84 -> No's | F47: ='Civil Progress'!E84 -> 32 | G47: ='Civil Progress'!F84 -> 0 | H47: ='Civil Progress'!G84 -> 32 | I47: =G47/F47 -> 0 | J47: Yet to Start
D48: ='Civil Progress'!C85 -> Foundation PCC | E48: ='Civil Progress'!D85 -> No's | F48: ='Civil Progress'!E85 -> 32 | G48: ='Civil Progress'!F85 -> 0 | H48: ='Civil Progress'!G85 -> 32 | I48: =G48/F48 -> 0 | J48: Yet to Start
D49: ='Civil Progress'!C88 -> Foundation Raft casting | E49: ='Civil Progress'!D88 -> No's | F49: ='Civil Progress'!E88 -> 32 | G49: ='Civil Progress'!F88 -> 0 | H49: ='Civil Progress'!G88 -> 32 | I49: =G49/F49 -> 0 | J49: Yet to Start
D50: ='Civil Progress'!C91 -> Pedestal casting | E50: ='Civil Progress'!D91 -> No's | F50: ='Civil Progress'!E91 -> 32 | G50: ='Civil Progress'!F91 -> 0 | H50: ='Civil Progress'!G91 -> 32 | I50: =G50/F50 -> 0 | J50: Yet to Start
D51: ='Civil Progress'!C93 -> Slab Casting | E51: ='Civil Progress'!D93 -> No's | F51: ='Civil Progress'!E93 -> 4 | G51: ='Civil Progress'!F93 -> 0 | H51: ='Civil Progress'!G93 -> 4 | I51: =G51/F51 -> 0 | J51: Yet to Start
D52: ='Civil Progress'!C94 -> B/W | E52: ='Civil Progress'!D94 -> No's | F52: ='Civil Progress'!E94 -> 4 | G52: ='Civil Progress'!F94 -> 0 | H52: ='Civil Progress'!G94 -> 4 | I52: =G52/F52 -> 0 | J52: Yet to Start
D53: ='Civil Progress'!C95 -> Canopy | E53: ='Civil Progress'!D95 -> No's | F53: ='Civil Progress'!E95 -> 4 | G53: ='Civil Progress'!F95 -> 0 | H53: ='Civil Progress'!G95 -> 4 | I53: =G53/F53 -> 0 | J53: Yet to Start
D54: Weightage Progress | F54: 1 | G54: ='SW Civil'!H83 -> 0 | H54: =F54-G54 -> 1 | I54: =G54/F54 -> 0
B55: 6 | D55: Pile marking | E55: No's | F55: ='ICR Pilling'!C2 -> 27000 | G55: 1632 | H55: =F55-G55 -> 25368 | I55: =G55/F55 -> 0.060444444 | J55: WIP
D56: Pile Boring | E56: No's | F56: 27000 | G56: 0 | H56: =F56-G56 -> 27000 | I56: =G56/F56 -> 0 | J56: Yet to Start
D57: Pile Casting | E57: No's | F57: 27000 | G57: 0 | H57: =F57-G57 -> 27000 | I57: =G57/F57 -> 0 | J57: Yet to Start
D58: Weightage Progress | F58: =AVERAGE(F55:F57) -> 27000 | G58: =AVERAGE(G55:G57) -> 544 | H58: =F58-G58 -> 26456 | I58: =G58/F58 -> 0.020148148
B59: 7 | C59: IDT- BESS | D59: ='Civil Progress'!C97 -> Excavation | E59: ='Civil Progress'!D97 -> No's | F59: ='Civil Progress'!E97 -> 5 | G59: ='Civil Progress'!F97 -> 0 | H59: ='Civil Progress'!G97 -> 5 | I59: =G59/F59 -> 0 | J59: Yet to Start
D60: ='Civil Progress'!C98 -> Foundation PCC | E60: ='Civil Progress'!D98 -> No's | F60: ='Civil Progress'!E98 -> 5 | G60: ='Civil Progress'!F98 -> 0 | H60: ='Civil Progress'!G98 -> 5 | I60: =G60/F60 -> 0 | J60: Yet to Start
D61: ='Civil Progress'!C101 -> Foundation Raft casting | E61: ='Civil Progress'!D101 -> No's | F61: ='Civil Progress'!E101 -> 5 | G61: ='Civil Progress'!F101 -> 0 | H61: ='Civil Progress'!G101 -> 5 | I61: =G61/F61 -> 0 | J61: Yet to Start
D62: ='Civil Progress'!C104 -> Wall casting | E62: ='Civil Progress'!D104 -> No's | F62: ='Civil Progress'!E104 -> 10 | G62: ='Civil Progress'!F104 -> 0 | H62: ='Civil Progress'!G104 -> 10 | I62: =G62/F62 -> 0 | J62: Yet to Start
D63: ='Civil Progress'!C106 -> Cashment Wall B/W | E63: ='Civil Progress'!D106 -> No's | F63: ='Civil Progress'!E106 -> 5 | G63: ='Civil Progress'!F106 -> 0 | H63: ='Civil Progress'!G106 -> 5 | I63: =G63/F63 -> 0 | J63: Yet to Start
D64: ='Civil Progress'!C107 -> Fencing - IDT | E64: ='Civil Progress'!D107 -> No's | F64: ='Civil Progress'!E107 -> 5 | G64: ='Civil Progress'!F107 -> 0 | H64: ='Civil Progress'!G107 -> 5 | I64: =G64/F64 -> 0 | J64: Yet to Start
D65: Weightage Progress | F65: 1 | G65: ='Civil Progress'!H87 -> 0 | H65: =F65-G65 -> 1 | I65: =G65/F65 -> 0
B66: 8 | C66: BESS- Civil | D66: ='Civil Progress'!C109 -> Excavation of Container foundation | E66: ='Civil Progress'!D109 -> Nos | F66: ='Civil Progress'!E109 -> 10 | G66: ='Civil Progress'!F109 -> 3 | H66: =F66-G66 -> 7 | I66: =G66/F66 -> 0.3 | J66: Yet to Start
D67: ='Civil Progress'!C110 -> Container Foundation PCC | E67: ='Civil Progress'!D110 -> Nos | F67: ='Civil Progress'!E110 -> 80 | G67: ='Civil Progress'!F110 -> 0 | H67: =F67-G67 -> 80 | I67: =G67/F67 -> 0 | J67: Yet to Start
D68: ='Civil Progress'!C113 -> Container Foundation Concrete Pouring | E68: ='Civil Progress'!D113 -> Nos | F68: ='Civil Progress'!E113 -> 80 | G68: ='Civil Progress'!F113 -> 0 | H68: =F68-G68 -> 80 | I68: =G68/F68 -> 0 | J68: Yet to Start
D69: ='Civil Progress'!C116 -> Container Pedestal Concrete Pouring | E69: ='Civil Progress'!D116 -> Nos | F69: ='Civil Progress'!E116 -> 80 | G69: ='Civil Progress'!F116 -> 0 | H69: =F69-G69 -> 80 | I69: =G69/F69 -> 0 | J69: Yet to Start
D70: ='Civil Progress'!C119 -> Container Tie Beam & Slab Concrete Pouring | E70: ='Civil Progress'!D119 -> Nos | F70: ='Civil Progress'!E119 -> 10 | G70: ='Civil Progress'!F119 -> 0 | H70: =F70-G70 -> 10 | I70: =G70/F70 -> 0 | J70: Yet to Start
D71: ='Civil Progress'!C120 -> B/W of Container Plartform | E71: ='Civil Progress'!D120 -> Nos | F71: ='Civil Progress'!E120 -> 10 | G71: ='Civil Progress'!F120 -> 0 | H71: =F71-G71 -> 10 | I71: =G71/F71 -> 0 | J71: Yet to Start
D72: ='Civil Progress'!C121 -> Excavation of PCS foundation | E72: ='Civil Progress'!D121 -> Nos | F72: ='Civil Progress'!E121 -> 10 | G72: ='Civil Progress'!F121 -> 0 | H72: =F72-G72 -> 10 | I72: =G72/F72 -> 0 | J72: Yet to Start
D73: ='Civil Progress'!C122 -> PCC of PCS foundation | E73: ='Civil Progress'!D122 -> Nos | F73: ='Civil Progress'!E122 -> 40 | G73: ='Civil Progress'!F122 -> 0 | H73: =F73-G73 -> 40 | I73: =G73/F73 -> 0 | J73: Yet to Start
D74: ='Civil Progress'!C125 -> RCC of PCS foundation | E74: ='Civil Progress'!D125 -> Nos | F74: ='Civil Progress'!E125 -> 40 | G74: ='Civil Progress'!F125 -> 0 | H74: =F74-G74 -> 40 | I74: =G74/F74 -> 0 | J74: Yet to Start
D75: ='Civil Progress'!C127 -> RCC of PCS Pedestal | E75: ='Civil Progress'!D127 -> Nos | F75: ='Civil Progress'!E127 -> 40 | G75: ='Civil Progress'!F127 -> 0 | H75: =F75-G75 -> 40 | I75: =G75/F75 -> 0 | J75: Yet to Start
D76: ='Civil Progress'!C129 -> RCC of PCS Tie Beam | E76: ='Civil Progress'!D129 -> Nos | F76: ='Civil Progress'!E129 -> 10 | G76: ='Civil Progress'!F129 -> 0 | H76: =F76-G76 -> 10 | I76: =G76/F76 -> 0 | J76: Yet to Start
D77: ='Civil Progress'!C130 -> B/W of PCS Plartform | E77: ='Civil Progress'!D130 -> Nos | F77: ='Civil Progress'!E130 -> 10 | G77: ='Civil Progress'!F130 -> 0 | H77: =F77-G77 -> 10 | I77: =G77/F77 -> 0 | J77: Yet to Start
D78: Weightage Progress | E78: No's | F78: 1 | G78: ='Civil Progress'!H108 -> 0.013636364 | H78: =F78-G78 -> 0.98636364 | I78: =G78/F78 -> 0.013636364
B79: ELECTRICAL Package
B80: 33 | C80: Switchyard ELE | D80: Structure Errection | E80: Nos | F80: ='SY ELE'!E41 -> 97 | G80: ='SY ELE'!F41 -> 0 | H80: ='SY ELE'!G41 -> 97 | I80: =G80/F80 -> 0
B81: 34 | D81: Equipment Errection | E81: Nos | F81: ='SY ELE'!E60 -> 97 | G81: ='SY ELE'!F60 -> 0 | H81: ='SY ELE'!G60 -> 97 | I81: =G81/F81 -> 0
B82: 35 | D82: Earthing Works | E82: Mtr | F82: ='SY ELE'!E32 -> 3252.375 | G82: ='SY ELE'!F32 -> 0 | H82: ='SY ELE'!G32 -> 3252.375 | I82: =G82/F82 -> 0
B83: 36 | D83: Cabling Works | E83: LS | F83: ='SY ELE'!E91 -> 1 | G83: ='SY ELE'!F91 -> 0 | H83: ='SY ELE'!G91 -> 1 | I83: =G83/F83 -> 0
B84: 37 | D84: Testing Works | E84: LS | F84: ='SY ELE'!E102 -> 1 | G84: ='SY ELE'!F102 -> 0 | H84: ='SY ELE'!G102 -> 1 | I84: =G84/F84 -> 0
B85: 38 | D85: Weightage Progress | E85: LS | F85: =AVERAGE(F80:F84) -> 689.675 | G85: =AVERAGE(G80:G84) -> 0 | H85: =AVERAGE(H80:H84) -> 689.675 | I85: =G85/F85 -> 0
B86: 39 | C86: DC Work | D86: Trench Excavation | E86: Mtr | F86: ='DC Progress'!E3 -> 171000 | G86: ='DC Progress'!G3 -> 950 | H86: =F86-G86 -> 170050 | I86: =G86/F86 -> 0.0055555556
B87: 40 | D87: 400sqmm Cable Laying(SCB) | E87: No's | F87: ='DC Progress'!E4 -> 1824 | G87: ='DC Progress'!G4 -> 0 | H87: =F87-G87 -> 1824 | I87: =G87/F87 -> 0
B88: 41 | D88: Inv Installation | E88: No's | F88: ='DC Progress'!E5 -> 76 | G88: ='DC Progress'!G5 -> 0 | H88: =F88-G88 -> 76 | I88: =G88/F88 -> 0
B89: 42 | D89: 400sqmm Cable Laying | E89: Mtr | F89: ='DC Progress'!E6 -> 638400 | G89: ='DC Progress'!G6 -> 0 | H89: ='DC Progress'!H6 -> 638400 | I89: =G89/F89 -> 0
B90: 43 | D90: SCB Stand Casting | E90: No's | F90: ='DC Progress'!E7 -> 3648 | G90: ='DC Progress'!G7 -> 0 | H90: ='DC Progress'!H7 -> 3648 | I90: =G90/F90 -> 0
B91: 44 | D91: SCB Installation | E91: No's | F91: ='DC Progress'!E8 -> 1824 | G91: ='DC Progress'!G8 -> 0 | H91: =F91-G91 -> 1824 | I91: =G91/F91 -> 0
B92: 45 | D92: 6 Sq. mm Termination | E92: No's | F92: ='DC Progress'!E11 -> 1824 | G92: ='DC Progress'!G11 -> 0 | H92: =F92-G92 -> 1824 | I92: =G92/F92 -> 0
B93: 46 | D93: Termination SCB End | E93: No's | F93: ='DC Progress'!E10 -> 1824 | G93: ='DC Progress'!G10 -> 0 | H93: ='DC Progress'!H10 -> 1824 | I93: =G93/F93 -> 0
B94: 47 | D94: Termination Inv End | E94: No's | F94: ='DC Progress'!E11 -> 1824 | G94: ='DC Progress'!G11 -> 0 | H94: ='DC Progress'!G11 -> 0 | I94: =G94/F94 -> 0
B95: 48 | D95: Earthing Conductor Laying | E95: Mtr | F95: ='DC Progress'!E12 -> 95000 | G95: ='DC Progress'!G12 -> 0 | H95: ='DC Progress'!H12 -> 95000 | I95: =G95/F95 -> 0
B96: 49 | D96: Earthpit Installation | E96: No's | F96: ='DC Progress'!E13 -> 912 | G96: ='DC Progress'!G13 -> 0 | H96: ='DC Progress'!H13 -> 912 | I96: =G96/F96 -> 0
B97: 50 | D97: String Cable Termination | E97: No's | F97: ='DC Progress'!E14 -> 1824 | G97: ='DC Progress'!G14 -> 0 | H97: ='DC Progress'!H14 -> 1824 | I97: =G97/F97 -> 0
B98: 51 | D98: LA Insatallation | E98: No's | F98: ='DC Progress'!E15 -> 190 | G98: ='DC Progress'!G15 -> 0 | H98: ='DC Progress'!H15 -> 190 | I98: =G98/F98 -> 0
B99: 52 | D99: LA Connection | E99: No's | F99: ='DC Progress'!E16 -> 190 | G99: ='DC Progress'!G16 -> 0 | H99: ='DC Progress'!H16 -> 190 | I99: =G99/F99 -> 0
B100: 53 | D100: MMS Installation | E100: No's | F100: ='DC Progress'!E17 -> 14592 | G100: ='DC Progress'!G17 -> 0 | H100: =F100-G100 -> 14592 | I100: =G100/F100 -> 0
B101: 54 | D101: Module Installation | E101: No's | F101: ='DC Progress'!E18 -> 846336 | G101: ='DC Progress'!G18 -> 0 | H101: =F101-G101 -> 846336 | I101: =G101/F101 -> 0
...

Sheet Civil Progress
B2: Civil Progress | J2: DAILY PROGRESS
B3: Sr.no. | C3: Description | D3: UOM | E3: Scope | F3: Progress | G3: Balance | H3: % Progress | J3: Cummulative | K3: 45782 | L3: 45783 | M3: 45784 | N3: 45785 | O3: 45786 | P3: 45787 | Q3: 45788 | R3: 45789 | S3: 45790 | T3: 45791 | U3: 45792 | V3: 45793 | W3: 45794 | X3: 45795 | Y3: 45796 | Z3: 45797 | AA3: 45798 | AB3: 45799 | AC3: 45800 | AD3: 45801 | AE3: 45802 | AF3: 45803 | AG3: 45804 | AH3: 45805 | AI3: 45806 | AJ3: 45807 | AK3: 45808 | AL3: 45809 | AM3: 45810 | AN3: 45811 | AO3: 45812 | AP3: 45813 | AQ3: 45814 | AR3: 45815 | AS3: 45816 | AT3: 45817 | AU3: 45818 | AV3: 45819 | AW3: 45820 | AX3: 45821 | AY3: 45822 | AZ3: 45823 | BA3: 45824 | BB3: 45825 | BC3: 45826 | BD3: 45827 | BE3: 45828 | BF3: 45829 | BG3: 45830 | BH3: 45831 | BI3: 45832 | BJ3: 45833 | BK3: 45834 | BL3: 45835 | BM3: 45836 | BN3: 45837 | BO3: 45838 | BP3: 45839 | BQ3: 45840 | BR3: 45841 | BS3: 45842 | BT3: 45843 | BU3: 45844 | BV3: 45845 | BW3: 45846 | BX3: 45847 | BY3: 45848 | BZ3: 45849 | CA3: 45850 | CB3: 45851 | CC3: 45852 | CD3: 45853 | CE3: 45854 | CF3: 45855 | CG3: 45856 | CH3: 45857 | CI3: 45858 | CJ3: 45859 | CK3: 45860 | CL3: 45861 | CM3: 45862 | CN3: 45863 | CO3: 45864 | CP3: 45865 | CQ3: 45866 | CR3: 45867 | CS3: 45868 | CT3: 45869 | CU3: 45870 | CV3: 45871 | CW3: 45872 | CX3: 45873 | CY3: 45874 | CZ3: 45875 | DA3: 45876 | DB3: 45877 | DC3: 45878 | DD3: 45879 | DE3: 45880 | DF3: 45881 | DG3: 45882 | DH3: 45883 | DI3: 45884 | DJ3: 45885 | DK3: 45886 | DL3: 45887 | DM3: 45888 | DN3: 45889 | DO3: 45890 | DP3: 45891 | DQ3: 45892 | DR3: 45893 | DS3: 45894 | DT3: 45895 | DU3: 45896 | DV3: 45897 | DW3: 45898 | DX3: 45899 | DY3: 45900 | DZ3: 45901 | EA3: 45902 | EB3: 45903 | EC3: 45904 | ED3: 45905 | EE3: 45906 | EF3: 45907 | EG3: 45908 | EH3: 45909 | EI3: 45910 | EJ3: 45911 | EK3: 45912 | EL3: 45913 | EM3: 45914 | EN3: 45915 | EO3: 45916 | EP3: 45917 | EQ3: 45918 | ER3: 45919 | ES3: 45920 | ET3: 45921 | EU3: 45922 | EV3: 45923 | EW3: 45924 | EX3: 45925 | EY3: 45926 | EZ3: 45927 | FA3: 45928 | FB3: 45929 | FC3: 45930 | FD3: 45931 | FE3: 45932 | FF3: 45933 | FG3: 45934 | FH3: 45935 | FI3: 45936 | FJ3: 45937 | FK3: 45938 | FL3: 45939 | FM3: 45940 | FN3: 45941 | FO3: 45942 | FP3: 45943 | FQ3: 45944 | FR3: 45945 | FS3: 45946 | FT3: 45947 | FU3: 45948 | FV3: 45949 | FW3: 45950 | FX3: 45951 | FY3: 45952 | FZ3: 45953 | GA3: 45954 | GB3: 45955 | GC3: 45956 | GD3: 45957 | GE3: 45958 | GF3: 45959 | GG3: 45960 | GH3: 45961
B5: Boundary Fencing | D5: Rm | E5: =AVERAGE(E6:E10) -> 5690 | F5: =AVERAGE(F6:F10) -> 4851.5 | G5: =AVERAGE(G6:G10) -> 838.5 | H5: =AVERAGE(H6:H10) -> 0.8526362
B6: 1 | C6: Boundary Demarcation and marking | D6: Rm | E6: =2276*2.5 -> 5690 | F6: =J6 -> 5500 | G6: =E6-F6 -> 190 | H6: =F6/E6 -> 0.96660808 | J6: =SUM(K6:KBF6) -> 5500 | K6: 0 | L6: 0 | M6: 0 | N6: 0 | O6: 0 | P6: 0 | Q6: 0 | R6: 0 | S6: 0 | T6: 0 | U6: 0 | V6: 0 | W6: 0 | X6: 0 | Y6: 0 | Z6: 0 | AA6: 0 | AB6: 0 | AC6: 0 | AD6: 0 | AE6: 0 | AF6: 0 | AG6: 0 | AH6: 0 | AI6: 0 | AJ6: 0 | AK6: 0 | AL6: 0 | AM6: 0 | AN6: 0 | AO6: 0 | AP6: 0 | AQ6: 0 | AR6: 0 | AS6: 0 | AT6: 0 | AU6: 0 | AV6: 0 | AW6: 0 | AX6: 0 | AY6: 0 | AZ6: 0 | BA6: 0 | BB6: 0 | BC6: 0 | BD6: 0 | BE6: 0 | BF6: 0 | BG6: 0 | BH6: 0 | BI6: =2100*2.5 -> 5250 | BJ6: 0 | BK6: 0 | BL6: 0 | BM6: 0 | BN6: 0 | BO6: 0 | BP6: 0 | BQ6: 125 | BR6: 125
B7: 2 | C7: Plie Boring | D7: Rm | E7: =2276*2.5 -> 5690 | F7: =J7 -> 4957.5 | G7: =E7-F7 -> 732.5 | H7: =F7/E7 -> 0.87126538 | J7: =SUM(K7:KBF7) -> 4957.5 | K7: 0 | L7: 0 | M7: 0 | N7: 0 | O7: 0 | P7: 0 | Q7: 0 | R7: 0 | S7: 0 | T7: 0 | U7: 0 | V7: 0 | W7: 0 | X7: 0 | Y7: 0 | Z7: 0 | AA7: 0 | AB7: 0 | AC7: 0 | AD7: 0 | AE7: 0 | AF7: 0 | AG7: 0 | AH7: 0 | AI7: 0 | AJ7: 0 | AK7: 0 | AL7: 0 | AM7: 0 | AN7: 0 | AO7: 0 | AP7: 0 | AQ7: 0 | AR7: 0 | AS7: 0 | AT7: 0 | AU7: 0 | AV7: 0 | AW7: 0 | AX7: 0 | AY7: 0 | AZ7: 0 | BA7: 0 | BB7: 0 | BC7: 0 | BD7: 0 | BE7: 0 | BF7: 0 | BG7: 0 | BH7: 0 | BI7: =1983*2.5 -> 4957.5 | BJ7: 0 | BK7: 0 | BL7: 0 | BM7: 0 | BN7: 0 | BO7: 0 | BP7: 0 | BQ7: 0 | BR7: 0 | BS7: 0 | BT7: 0 | BU7: 0 | BV7: 0 | BW7: 0 | BX7: 0 | BY7: 0 | BZ7: 0 | CA7: 0 | CB7: 0 | CC7: 0 | CD7: 0 | CE7: 0 | CF7: 0 | CG7: 0 | CH7: 0 | CI7: 0 | CJ7: 0 | CK7: 0 | CL7: 0 | CM7: 0 | CN7: 0 | CO7: 0 | CP7: 0 | CQ7: 0 | CR7: 0 | CS7: 0 | CT7: 0 | CU7: 0 | CV7: 0 | CW7: 0 | CX7: 0 | CY7: 0 | CZ7: 0 | DA7: 0 | DB7: 0 | DC7: 0 | DD7: 0 | DE7: 0 | DF7: 0
B8: 3 | C8: Fence post Allignment and Concrete Pouring | D8: Rm | E8: =2276*2.5 -> 5690 | F8: =J8 -> 5150 | G8: =E8-F8 -> 540 | H8: =F8/E8 -> 0.90509666 | J8: =SUM(K8:KBF8) -> 5150 | K8: 0 | L8: 0 | M8: 0 | N8: 0 | O8: 0 | P8: 0 | Q8: 0 | R8: 0 | S8: 0 | T8: 0 | U8: 0 | V8: 0 | W8: 0 | X8: 0 | Y8: 0 | Z8: 0 | AA8: 0 | AB8: 0 | AC8: 0 | AD8: 0 | AE8: 0 | AF8: 0 | AG8: 0 | AH8: 0 | AI8: 0 | AJ8: 0 | AK8: 0 | AL8: 0 | AM8: 0 | AN8: 0 | AO8: 0 | AP8: 0 | AQ8: 0 | AR8: 0 | AS8: 0 | AT8: 0 | AU8: 0 | AV8: 0 | AW8: 0 | AX8: 0 | AY8: 0 | AZ8: 0 | BA8: 0 | BB8: 0 | BC8: 0 | BD8: 0 | BE8: 0 | BF8: 0 | BG8: 0 | BH8: 0 | BI8: =657*2.5 -> 1642.5 | BJ8: 0 | BK8: 0 | BL8: 0 | BM8: 0 | BN8: 0 | BO8: 0 | BP8: 0 | BQ8: 0 | BR8: 52 | BS8: 0 | BT8: 0 | BU8: 75.5 | BV8: 0 | BW8: 250 | BX8: 250 | BY8: 225 | BZ8: 272.5 | CA8: 200 | CB8: 250 | CC8: 225 | CD8: =70*2.5 -> 175 | CE8: =77*2.5 -> 192.5 | CF8: 0 | CG8: =70*2.5 -> 175 | CH8: =75*2.5 -> 187.5 | CI8: 0 | CJ8: =62*2.5 -> 155 | CK8: 0 | CL8: =75*2.5 -> 187.5 | CM8: 0 | CN8: 0 | CO8: 0 | CP8: 0 | CQ8: 0 | CR8: 0 | CS8: 0 | CT8: 0 | CU8: 0 | CV8: 0 | CW8: 0 | CX8: 0 | CY8: 0 | CZ8: 0 | DA8: 35 | DB8: 200 | DC8: 200 | DD8: 200 | DE8: 0 | DF8: 0
B9: 4 | C9: Barbed wire installation | D9: Rm | E9: =2276*2.5 -> 5690 | F9: =J9 -> 4315 | G9: =E9-F9 -> 1375 | H9: =F9/E9 -> 0.75834798 | J9: =SUM(K9:KBF9) -> 4315 | K9: 0 | L9: 0 | M9: 0 | N9: 0 | O9: 0 | P9: 0 | Q9: 0 | R9: 0 | S9: 0 | T9: 0 | U9: 0 | V9: 0 | W9: 0 | X9: 0 | Y9: 0 | Z9: 0 | AA9: 0 | AB9: 0 | AC9: 0 | AD9: 0 | AE9: 0 | AF9: 0 | AG9: 0 | AH9: 0 | AI9: 0 | AJ9: 0 | AK9: 0 | AL9: 0 | AM9: 0 | AN9: 0 | AO9: 0 | AP9: 0 | AQ9: 0 | AR9: 0 | AS9: 0 | AT9: 0 | AU9: 0 | AV9: 0 | AW9: 0 | AX9: 0 | AY9: 0 | AZ9: 0 | BA9: 0 | BB9: 0 | BC9: 0 | BD9: 0 | BE9: 0 | BF9: 0 | BG9: 0 | BH9: 0 | BI9: 0 | BJ9: 0 | BK9: 0 | BL9: 0 | BM9: 0 | BN9: 0 | BO9: 0 | BP9: 0 | BQ9: 0 | BR9: 1300 | BS9: 180 | BT9: 0 | BU9: 0 | BV9: 0 | BW9: 0 | BX9: 0 | BY9: 0 | BZ9: 290 | CA9: 315 | CB9: 315 | CC9: 320 | CD9: 0 | CE9: 0 | CF9: 0 | CG9: 0 | CH9: 0 | CI9: 0 | CJ9: 0 | CK9: 0 | CL9: 0 | CM9: 0 | CN9: 0 | CO9: 0 | CP9: 0 | CQ9: 100 | CR9: 100 | CS9: 100 | CT9: 100 | CU9: 100 | CV9: 100 | CW9: 100 | CX9: 100 | CY9: 0 | CZ9: 0 | DA9: 0 | DB9: 0 | DC9: 0 | DD9: 195 | DE9: 300 | DF9: 300
B10: 5 | C10: Mesh installation with connecting strip and tightening | D10: Rm | E10: =2276*2.5 -> 5690 | F10: =J10 -> 4335 | G10: =E10-F10 -> 1355 | H10: =F10/E10 -> 0.76186292 | J10: =SUM(K10:KBF10) -> 4335 | K10: 0 | L10: 0 | M10: 0 | N10: 0 | O10: 0 | P10: 0 | Q10: 0 | R10: 0 | S10: 0 | T10: 0 | U10: 0 | V10: 0 | W10: 0 | X10: 0 | Y10: 0 | Z10: 0 | AA10: 0 | AB10: 0 | AC10: 0 | AD10: 0 | AE10: 0 | AF10: 0 | AG10: 0 | AH10: 0 | AI10: 0 | AJ10: 0 | AK10: 0 | AL10: 0 | AM10: 0 | AN10: 0 | AO10: 0 | AP10: 0 | AQ10: 0 | AR10: 0 | AS10: 0 | AT10: 0 | AU10: 0 | AV10: 0 | AW10: 0 | AX10: 0 | AY10: 0 | AZ10: 0 | BA10: 0 | BB10: 0 | BC10: 0 | BD10: 0 | BE10: 0 | BF10: 0 | BG10: 0 | BH10: 0 | BI10: 0 | BJ10: 0 | BK10: 0 | BL10: 0 | BM10: 0 | BN10: 0 | BO10: 0 | BP10: 0 | BQ10: 0 | BR10: 1300 | BS10: 180 | BT10: 0 | BU10: 0 | BV10: 0 | BW10: 0 | BX10: 50 | BY10: 60 | BZ10: 210 | CA10: 180 | CB10: 180 | CC10: 220 | CD10: 105 | CE10: 0 | CF10: 0 | CG10: 150 | CH10: 165 | CI10: 0 | CJ10: 180 | CK10: 0 | CL10: 180 | CM10: 0 | CN10: 0 | CO10: 0 | CP10: 0 | CQ10: 100 | CR10: 100 | CS10: 100 | CT10: 100 | CU10: 100 | CV10: 100 | CW10: 100 | CX10: 100 | CY10: 0 | CZ10: 0 | DA10: 0 | DB10: 0 | DC10: 0 | DD10: 195 | DE10: 90 | DF10: 90
B11: Main Gate | D11: Nos | E11: =AVERAGE(E12:E16) -> 2.8 | F11: =AVERAGE(F12:F16) -> 2.8 | G11: =AVERAGE(G12:G16) -> 0 | H11: =AVERAGE(H12:H16) -> 1
B12: 1 | C12: Foundation Excavation | D12: Nos | E12: 3 | F12: =J12 -> 3 | G12: =E12-F12 -> 0 | H12: =F12/E12 -> 1 | J12: =SUM(K12:KBF12) -> 3 | BI12: 0 | BJ12: 0 | BK12: 0 | BL12: 0 | BM12: 0 | BN12: 0 | BO12: 0 | BP12: 3
B13: 2 | C13: Foundation PCC | D13: Nos | E13: 3 | F13: =J13 -> 3 | G13: =E13-F13 -> 0 | H13: =F13/E13 -> 1 | J13: =SUM(K13:KBF13) -> 3 | BI13: 0 | BJ13: 0 | BK13: 0 | BL13: 0 | BM13: 0 | BN13: 0 | BO13: 0 | BP13: 0 | BQ13: 3
B14: 3 | C14: Foundation RCC | D14: Nos | E14: 3 | F14: =J14 -> 3 | G14: =E14-F14 -> 0 | H14: =F14/E14 -> 1 | J14: =SUM(K14:KBF14) -> 3 | BI14: 0 | BJ14: 0 | BK14: 0 | BL14: 0 | BM14: 0 | BN14: 0 | BO14: 0 | BP14: 0 | BQ14: 0 | BR14: 0 | BS14: 0 | BT14: 0 | BU14: 0 | BV14: 0 | BW14: 3
B15: 4 | C15: Columns | D15: Nos | E15: 3 | F15: =J15 -> 3 | G15: =E15-F15 -> 0 | H15: =F15/E15 -> 1 | J15: =SUM(K15:KBF15) -> 3 | BI15: 0 | BJ15: 0 | BK15: 0 | BL15: 0 | BM15: 0 | BN15: 0 | BO15: 0 | BP15: 0 | BQ15: 0 | BR15: 0 | BS15: 0 | BT15: 0 | BU15: 0 | BV15: 0 | BW15: 0 | BX15: 0 | BY15: 0 | BZ15: 1 | CA15: 2
B16: 5 | C16: Gate Febrication and Installation | D16: Nos | E16: 2 | F16: =J16 -> 2 | G16: =E16-F16 -> 0 | H16: =F16/E16 -> 1 | J16: =SUM(K16:KBF16) -> 2 | BI16: 0 | BJ16: 0 | BK16: 0 | BL16: 0 | BM16: 0 | BN16: 0 | BO16: 0 | BP16: 0 | BQ16: 0 | BR16: 0 | BS16: 0 | BT16: 0 | BU16: 0 | BV16: 0 | BW16: 0 | BX16: 0 | BY16: 0 | BZ16: 0 | CA16: 2
B17: Street light Work | D17: No's | E17: =AVERAGE(E18:E19) -> 175 | F17: =AVERAGE(F18:F19) -> 0 | G17: =AVERAGE(G18:G19) -> 175 | H17: =AVERAGE(H18:H19) -> 0
B18: 1 | C18: Pole Casting | D18: No's | E18: 175 | F18: 0 | G18: =E18-F18 -> 175 | H18: =F18/E18 -> 0 | J18: =SUM(K18:KBF18) -> 0
B19: 2 | C19: Light Erection | D19: No's | E19: 175 | F19: 0 | G19: =E19-F19 -> 175 | H19: =F19/G19 -> 0 | J19: =SUM(K19:KBF19) -> 0
B20: MCR | H20: =AVERAGE(H21:H44,H45,H54,H63) -> 0.15617716
B21: 1 | C21: Excavation | D21: No's | E21: 33 | F21: =J21 -> 33 | G21: =E21-F21 -> 0 | H21: =F21/E21 -> 1 | J21: =SUM(K21:KBF21) -> 33 | BI21: 33
B22: 2 | C22: Foundation PCC | D22: No's | E22: 33 | F22: =J22 -> 33 | G22: =E22-F22 -> 0 | H22: =F22/E22 -> 1 | J22: =SUM(K22:KBF22) -> 33 | BI22: 17 | BJ22: 0 | BK22: 0 | BL22: 0 | BM22: 0 | BN22: 0 | BO22: 0 | BP22: 0 | BQ22: 0 | BR22: 0 | BS22: 0 | BT22: 0 | BU22: 0 | BV22: 0 | BW22: 0 | BX22: 0 | BY22: 0 | BZ22: 0 | CA22: 0 | CB22: 0 | CC22: 0 | CD22: 0 | CE22: 0 | CF22: 0 | CG22: 0 | CH22: 0 | CI22: 5 | CJ22: 11
B23: 3 | C23: Foundation Reinforcement | D23: No's | E23: 33 | F23: =J23 -> 17 | G23: =E23-F23 -> 16 | H23: =F23/E23 -> 0.51515152 | J23: =SUM(K23:KBF23) -> 17 | BI23: 17 | BJ23: 0 | BK23: 0 | BL23: 0 | BM23: 0 | BN23: 0 | BO23: 0 | BP23: 0 | BQ23: 0 | BR23: 0 | BS23: 0 | BT23: 0 | BU23: 0 | BV23: 0 | BW23: 0 | BX23: 0 | BY23: 0 | BZ23: 0 | CA23: 0 | CB23: 0 | CC23: 0 | CD23: 0 | CE23: 0 | CF23: 0 | CG23: 0 | CH23: 0 | CI23: 0 | CJ23: 0 | CK23: 0 | CL23: 0 | CM23: 0 | CN23: 0 | CO23: 0 | CP23: 0 | CQ23: 0 | CR23: 0 | CS23: 0 | CT23: 0 | CU23: 0 | CV23: 0 | CW23: 0 | CX23: 0 | CY23: 0 | CZ23: 0 | DA23: 0 | DB23: 0 | DC23: 0 | DD23: 0 | DE23: 0 | DF23: 0
B24: 4 | C24: Foundation Shuttering | D24: No's | E24: 33 | F24: =J24 -> 17 | G24: =E24-F24 -> 16 | H24: =F24/E24 -> 0.51515152 | J24: =SUM(K24:KBF24) -> 17 | BI24: 17 | BJ24: 0 | BK24: 0 | BL24: 0 | BM24: 0 | BN24: 0 | BO24: 0 | BP24: 0 | BQ24: 0 | BR24: 0 | BS24: 0 | BT24: 0 | BU24: 0 | BV24: 0 | BW24: 0 | BX24: 0 | BY24: 0 | BZ24: 0 | CA24: 0 | CB24: 0 | CC24: 0 | CD24: 0 | CE24: 0 | CF24: 0 | CG24: 0 | CH24: 0 | CI24: 0 | CJ24: 0 | CK24: 0 | CL24: 0 | CM24: 0 | CN24: 0 | CO24: 0 | CP24: 0 | CQ24: 0 | CR24: 0 | CS24: 0 | CT24: 0 | CU24: 0 | CV24: 0 | CW24: 0 | CX24: 0 | CY24: 0 | CZ24: 0 | DA24: 0 | DB24: 0 | DC24: 0 | DD24: 0 | DE24: 0 | DF24: 0
B25: 5 | C25: Footing Foundation casting | D25: No's | E25: 33 | F25: =J25 -> 17 | G25: =E25-F25 -> 16 | H25: =F25/E25 -> 0.51515152 | J25: =SUM(K25:KBF25) -> 17 | BI25: 17 | BJ25: 0 | BK25: 0 | BL25: 0 | BM25: 0 | BN25: 0 | BO25: 0 | BP25: 0 | BQ25: 0 | BR25: 0 | BS25: 0 | BT25: 0 | BU25: 0 | BV25: 0 | BW25: 0 | BX25: 0 | BY25: 0 | BZ25: 0 | CA25: 0 | CB25: 0 | CC25: 0 | CD25: 0 | CE25: 0 | CF25: 0 | CG25: 0 | CH25: 0 | CI25: 0 | CJ25: 0 | CK25: 0 | CL25: 0 | CM25: 0 | CN25: 0 | CO25: 0 | CP25: 0 | CQ25: 0 | CR25: 0 | CS25: 0 | CT25: 0 | CU25: 0 | CV25: 0 | CW25: 0 | CX25: 0 | CY25: 0 | CZ25: 0 | DA25: 0 | DB25: 0 | DC25: 0 | DD25: 0 | DE25: 0 | DF25: 0
B26: 6 | C26: Back filling | D26: No's | E26: 33 | F26: =J26 -> 17 | G26: =E26-F26 -> 16 | H26: =F26/E26 -> 0.51515152 | J26: =SUM(K26:KBF26) -> 17 | BI26: 0 | BJ26: 0 | BK26: 0 | BL26: 0 | BM26: 0 | BN26: 0 | BO26: 0 | BP26: 0 | BQ26: 0 | BR26: 0 | BS26: 0 | BT26: 0 | BU26: 0 | BV26: 0 | BW26: 0 | BX26: 0 | BY26: 0 | BZ26: 0 | CA26: 0 | CB26: 0 | CC26: 0 | CD26: 0 | CE26: 0 | CF26: 0 | CG26: 0 | CH26: 0 | CI26: 0 | CJ26: 0 | CK26: 0 | CL26: 0 | CM26: 0 | CN26: 0 | CO26: 0 | CP26: 0 | CQ26: 0 | CR26: 0 | CS26: 0 | CT26: 17 | CU26: 0 | CV26: 0 | CW26: 0 | CX26: 0 | CY26: 0 | CZ26: 0 | DA26: 0 | DB26: 0 | DC26: 0 | DD26: 0 | DE26: 0 | DF26: 0
B27: 7 | C27: Column upto Plinth Beam | D27: No's | E27: 33 | F27: =J27 -> 0 | G27: =E27-F27 -> 33 | H27: =F27/E27 -> 0 | J27: =SUM(K27:KBF27) -> 0 | BI27: 0
B28: 8 | C28: Plinth Beam Reinforcement | D28: Mtr | E28: 322 | F28: =J28 -> 0 | G28: =E28-F28 -> 322 | H28: =F28/E28 -> 0 | J28: =SUM(K28:XFD28) -> 0 | BI28: 0
B29: 9 | C29: Plinth Beam shuttering | D29: Mtr | E29: 322 | F29: =J29 -> 0 | G29: =E29-F29 -> 322 | H29: =F29/E29 -> 0 | J29: =SUM(K29:KBF29) -> 0 | BI29: 0
B30: 10 | C30: Plinth Beam Casting | D30: Mtr | E30: 322 | F30: =J30 -> 0 | G30: =E30-F30 -> 322 | H30: =F30/E30 -> 0 | J30: =SUM(K30:KBF30) -> 0 | BI30: 0
B31: 11 | C31: Column upto Lintel Beam | D31: No's | E31: 33 | F31: =J31 -> 0 | G31: =E31-F31 -> 33 | H31: =F31/E31 -> 0 | J31: =SUM(K31:KBF31) -> 0 | BI31: 0
B32: 12 | C32: Lintel and sunshade reinforcement & shuttering | D32: Mtr | E32: 132 | F32: =J32 -> 0 | G32: =E32-F32 -> 132 | H32: =F32/E32 -> 0 | J32: =SUM(K32:KBF32) -> 0 | BI32: 0
B33: 13 | C33: Lintel and sunshade casting | D33: Mtr | E33: 132 | F33: =J33 -> 0 | G33: =E33-F33 -> 132 | H33: =F33/E33 -> 0 | J33: =SUM(K33:KBF33) -> 0 | BI33: 0
B34: 14 | C34: Cable Trench PCC Base | D34: Mtr | E34: 50 | F34: =J34 -> 0 | G34: =E34-F34 -> 50 | H34: =F34/E34 -> 0 | J34: =SUM(K34:KBF34) -> 0 | BI34: 0
B35: 15 | C35: Cable Trench Reinforcement & Shuttering | D35: Mtr | E35: 50 | F35: =J35 -> 0 | G35: =E35-F35 -> 50 | H35: =F35/E35 -> 0 | J35: =SUM(K35:KBF35) -> 0 | BI35: 0
B36: 16 | C36: Cable Trench Raft Casting | D36: Mtr | E36: 50 | F36: =J36 -> 0 | G36: =E36-F36 -> 50 | H36: =F36/E36 -> 0 | J36: =SUM(K36:KBF36) -> 0 | BI36: 0
B37: 17 | C37: Cable Trench Wall casting | D37: Mtr | E37: 100 | F37: =J37 -> 0 | G37: =E37-F37 -> 100 | H37: =F37/E37 -> 0 | J37: =SUM(K37:KBF37) -> 0 | BI37: 0
B38: 18 | C38: Column upto Roof Beam | D38: No's | E38: 33 | F38: =J38 -> 0 | G38: =E38-F38 -> 33 | H38: =F38/E38 -> 0 | J38: =SUM(K38:KBF38) -> 0 | BI38: 0
B39: 19 | C39: Roof Beam & Slab shuttering | D39: Ls | E39: 1 | F39: =J39 -> 0 | G39: =E39-F39 -> 1 | H39: =F39/E39 -> 0 | J39: =SUM(K39:KBF39) -> 0 | BI39: 0
B40: 20 | C40: Roof Beam & Slab reinforcement | D40: Ls | E40: 1 | F40: =J40 -> 0 | J40: =SUM(K40:KBF40) -> 0 | BI40: 0
B41: 21 | C41: Roof Beam & Slab Casting | D41: Ls | E41: 1 | F41: =J41 -> 0 | G41: =E41-F41 -> 1 | H41: =F41/E41 -> 0 | J41: =SUM(K41:KBF41) -> 0 | BI41: 0
B42: 22 | C42: Floor Slab Casting | D42: Ls | E42: 1 | F42: =J42 -> 0 | G42: =E42-F42 -> 1 | H42: =F42/E42 -> 0 | J42: =SUM(K42:KBF42) -> 0 | BI42: 0
B43: 23 | C43: Brick Masonry Work | D43: Cu. Mtr | E43: 310 | F43: =J43 -> 0 | G43: =E43-F43 -> 310 | H43: =F43/E43 -> 0 | J43: =SUM(K43:KBF43) -> 0 | BI43: 0
B44: 24 | C44: Wall & Celling Plaster | D44: Sq. Mtr | E44: 2380 | F44: =J44 -> 0 | G44: =E44-F44 -> 2380 | H44: =F44/E44 -> 0 | J44: =SUM(K44:KBF44) -> 0 | BI44: 0
B45: 25 | C45: Flooring | D45: No's | E45: =SUM(E46:E53) -> 8 | F45: =SUM(F46:F53) -> 0 | G45: 0 | H45: =F45/E45 -> 0
C46: Scada Room (10 x 7.8)mtr | D46: No's | E46: 1 | F46: =J46 -> 0 | G46: =E46-F46 -> 1 | H46: =F46/E46 -> 0 | J46: =SUM(K46:KBF46) -> 0 | BI46: 0
C47: Conference Room (5.2 x 3.6)mtr | D47: No's | E47: 1 | F47: =J47 -> 0 | G47: =E47-F47 -> 1 | H47: =F47/E47 -> 0 | J47: =SUM(K47:KBF47) -> 0 | BI47: 0
C48: Manager Room (2.5 x 3.6)mtr | D48: No's | E48: 1 | F48: =J48 -> 0 | G48: =E48-F48 -> 1 | H48: =F48/E48 -> 0 | J48: =SUM(K48:KBF48) -> 0 | BI48: 0
C49: Store Room (2.51 x 3.6)mtr | D49: No's | E49: 1 | F49: =J49 -> 0 | G49: =E49-F49 -> 1 | H49: =F49/E49 -> 0 | J49: =SUM(K49:KBF49) -> 0 | BI49: 0
C50: Battery Room (4.6 x 4.6)mtr | D50: No's | E50: 1 | F50: =J50 -> 0 | G50: =E50-F50 -> 1 | H50: =F50/E50 -> 0 | J50: =SUM(K50:KBF50) -> 0 | BI50: 0
C51: LT Panel Room (4.2 x 8.25)mtr | D51: No's | E51: 1 | F51: =J51 -> 0 | G51: =E51-F51 -> 1 | H51: =F51/E51 -> 0 | J51: =SUM(K51:KBF51) -> 0 | BI51: 0
C52: Toilet (2.85 x 3.6) mtr | D52: No's | E52: 1 | F52: =J52 -> 0 | G52: =E52-F52 -> 1 | H52: =F52/E52 -> 0 | J52: =SUM(K52:KBF52) -> 0 | BI52: 0
C53: Pantry Room (2.4 x 3.6) mtr | D53: No's | E53: 1 | F53: =J53 -> 0 | G53: =E53-F53 -> 1 | H53: =F53/E53 -> 0 | J53: =SUM(K53:KBF53) -> 0 | BI53: 0
B54: 26 | C54: Putty & Paint work | D54: No's | E54: =SUM(E55:E62) -> 8 | F54: =SUM(F55:F62) -> 0 | G54: 0 | H54: =F54/E54 -> 0
C55: Scada Room (10 x 7.8)mtr | D55: No's | E55: 1 | F55: =J55 -> 0 | G55: =E55-F55 -> 1 | H55: =F55/E55 -> 0 | J55: =SUM(K55:KBF55) -> 0 | BI55: 0
C56: Conference Room (5.2 x 3.6)mtr | D56: No's | E56: 1 | F56: =J56 -> 0 | G56: =E56-F56 -> 1 | H56: =F56/E56 -> 0 | J56: =SUM(K56:KBF56) -> 0 | BI56: 0
C57: Manager Room (2.5 x 3.6)mtr | D57: No's | E57: 1 | F57: =J57 -> 0 | G57: =E57-F57 -> 1 | H57: =F57/E57 -> 0 | J57: =SUM(K57:KBF57) -> 0 | BI57: 0
C58: Store Room (2.51 x 3.6)mtr | D58: No's | E58: 1 | F58: =J58 -> 0 | G58: =E58-F58 -> 1 | H58: =F58/E58 -> 0 | J58: =SUM(K58:KBF58) -> 0 | BI58: 0
C59: Battery Room (4.6 x 4.6)mtr | D59: No's | E59: 1 | F59: =J59 -> 0 | G59: =E59-F59 -> 1 | H59: =F59/E59 -> 0 | J59: =SUM(K59:KBF59) -> 0 | BI59: 0
C60: LT Panel Room (4.2 x 8.25)mtr | D60: No's | E60: 1 | F60: =J60 -> 0 | G60: =E60-F60 -> 1 | H60: =F60/E60 -> 0 | J60: =SUM(K60:KBF60) -> 0 | BI60: 0
C61: Toilet (2.85 x 3.6) mtr | D61: No's | E61: 1 | F61: =J61 -> 0 | G61: =E61-F61 -> 1 | H61: =F61/E61 -> 0 | J61: =SUM(K61:KBF61) -> 0 | BI61: 0
C62: Pantry Room (2.4 x 3.6) mtr | D62: No's | E62: 1 | F62: =J62 -> 0 | G62: =E62-F62 -> 1 | H62: =F62/E62 -> 0 | J62: =SUM(K62:KBF62) -> 0 | BI62: 0
B63: 27 | C63: Misc Work | D63: LS | E63: =AVERAGE(E64:E70) -> 1 | F63: =AVERAGE(F64:F70) -> 0 | G63: 0 | H63: 0
C64: Drain | D64: Ls | E64: 1 | F64: =J64 -> 0 | G64: =E64-F64 -> 1 | H64: =F64/E64 -> 0 | J64: =SUM(K64:KBF64) -> 0 | BI64: 0
C65: Ramp | D65: LS | E65: 1 | F65: =J65 -> 0 | G65: =E65-F65 -> 1 | H65: =F65/E65 -> 0 | J65: =SUM(K65:KBF65) -> 0 | BI65: 0
C66: Steps | D66: LS | E66: 1 | F66: =J66 -> 0 | G66: =E66-F66 -> 1 | H66: =F66/E66 -> 0 | J66: =SUM(K66:KBF66) -> 0 | BI66: 0
C67: Septic Tank | D67: LS | E67: 1 | F67: =J67 -> 0 | G67: =E67-F67 -> 1 | H67: =F67/E67 -> 0 | J67: =SUM(K67:KBF67) -> 0 | BI67: 0
C68: Soak Pit | D68: LS | E68: 1 | F68: =J68 -> 0 | G68: =E68-F68 -> 1 | H68: =F68/E68 -> 0 | J68: =SUM(K68:KBF68) -> 0 | BI68: 0
C69: Plumbing Works | D69: LS | E69: 1 | F69: =J69 -> 0 | G69: =E69-F69 -> 1 | H69: =F69/E69 -> 0 | J69: =SUM(K69:KBF69) -> 0 | BI69: 0
C70: Electrical works | D70: LS | E70: 1 | F70: =J70 -> 0 | G70: =E70-F70 -> 1 | H70: =F70/E70 -> 0 | J70: =SUM(K70:KBF70) -> 0 | BI70: 0
B71: IDT- Solar | F71: =AVERAGE(F72:F82) -> 3 | H71: =AVERAGE(H72:H82) -> 0.54545455
B72: 1 | C72: Excavation | D72: No's | E72: 4 | F72: =J72 -> 3 | G72: =E72-F72 -> 1 | H72: =F72/E72 -> 0.75 | J72: =SUM(K72:KBF72) -> 3 | BI72: 3
B73: 2 | C73: Foundation PCC | D73: No's | E73: 4 | F73: =J73 -> 3 | G73: =E73-F73 -> 1 | H73: =F73/E73 -> 0.75 | J73: =SUM(K73:KBF73) -> 3 | BI73: 3
B74: 3 | C74: Foundation Raft Reinforcement | D74: No's | E74: 4 | F74: =J74 -> 3 | G74: =E74-F74 -> 1 | H74: =F74/E74 -> 0.75 | J74: =SUM(K74:KBF74) -> 3 | BI74: 3
B75: 4 | C75: Foundation Raft Shuttering | D75: No's | E75: 4 | F75: =J75 -> 3 | G75: =E75-F75 -> 1 | H75: =F75/E75 -> 0.75 | J75: =SUM(K75:KBF75) -> 3 | BI75: 3
B76: 5 | C76: Foundation Raft casting | D76: No's | E76: 4 | F76: =J76 -> 3 | G76: =E76-F76 -> 1 | H76: =F76/E76 -> 0.75 | J76: =SUM(K76:KBF76) -> 3 | BI76: 3
B77: 6 | C77: Wall Reinforcement | D77: No's | E77: 8 | F77: =J77 -> 6 | G77: =E77-F77 -> 2 | H77: =F77/E77 -> 0.75 | J77: =SUM(K77:KBF77) -> 6 | BI77: 6
B78: 7 | C78: Wall Shuttering | D78: No's | E78: 8 | F78: =J78 -> 6 | G78: =E78-F78 -> 2 | H78: =F78/E78 -> 0.75 | J78: =SUM(K78:KBF78) -> 6 | BI78: 6
B79: 8 | C79: Wall casting | D79: No's | E79: 8 | F79: =J79 -> 6 | G79: =E79-F79 -> 2 | H79: =F79/E79 -> 0.75 | J79: =SUM(K79:KBF79) -> 6 | BI79: 6
B80: 9 | C80: Back filling | D80: No's | E80: 4 | F80: =J80 -> 0 | G80: =E80-F80 -> 4 | H80: =F80/E80 -> 0 | J80: =SUM(K80:KBF80) -> 0 | BI80: 0
B81: 10 | C81: Cashment Wall B/W | D81: No's | E81: 4 | F81: =J81 -> 0 | G81: =E81-F81 -> 4 | H81: =F81/E81 -> 0 | J81: =SUM(K81:KBF81) -> 0 | BI81: 0
B82: 11 | C82: Fencing - IDT | D82: No's | E82: 4 | F82: =J82 -> 0 | G82: =E82-F82 -> 4 | H82: =F82/E82 -> 0 | J82: =SUM(K82:KBF82) -> 0 | BI82: 0
B83: LCR- Solar | H83: =AVERAGE(H84:H95) -> 0
B84: 1 | C84: Excavation | D84: No's | E84: 32 | F84: =J84 -> 0 | G84: =E84-F84 -> 32 | H84: =F84/E84 -> 0 | J84: =SUM(K84:KBF84) -> 0
B85: 2 | C85: Foundation PCC | D85: No's | E85: 32 | F85: =J85 -> 0 | G85: =E85-F85 -> 32 | H85: =F85/E85 -> 0 | J85: =SUM(K85:KBF85) -> 0
B86: 3 | C86: Foundation Raft Reinforcement | D86: No's | E86: 32 | F86: =J86 -> 0 | G86: =E86-F86 -> 32 | H86: =F86/E86 -> 0 | J86: =SUM(K86:KBF86) -> 0
B87: 4 | C87: Foundation Raft Shuttering | D87: No's | E87: 32 | F87: =J87 -> 0 | G87: =E87-F87 -> 32 | H87: =F87/E87 -> 0 | J87: =SUM(K87:KBF87) -> 0
B88: 5 | C88: Foundation Raft casting | D88: No's | E88: 32 | F88: =J88 -> 0 | G88: =E88-F88 -> 32 | H88: =F88/E88 -> 0 | J88: =SUM(K88:KBF88) -> 0
B89: 6 | C89: Pedestal Reinforcement | D89: No's | E89: 32 | F89: =J89 -> 0 | G89: =E89-F89 -> 32 | H89: =F89/E89 -> 0 | J89: =SUM(K89:KBF89) -> 0
B90: 7 | C90: Pedestal Shuttering | D90: No's | E90: 32 | F90: =J90 -> 0 | G90: =E90-F90 -> 32 | H90: =F90/E90 -> 0 | J90: =SUM(K90:KBF90) -> 0
B91: 8 | C91: Pedestal casting | D91: No's | E91: 32 | F91: =J91 -> 0 | G91: =E91-F91 -> 32 | H91: =F91/E91 -> 0 | J91: =SUM(K91:KBF91) -> 0
B92: 9 | C92: Slab Shuttering & Reinforcement | D92: No's | E92: 4 | F92: =J92 -> 0 | G92: =E92-F92 -> 4 | H92: =F92/E92 -> 0 | J92: =SUM(K92:KBF92) -> 0
B93: 10 | C93: Slab Casting | D93: No's | E93: 4 | F93: =J93 -> 0 | G93: =E93-F93 -> 4 | H93: =F93/E93 -> 0 | J93: =SUM(K93:KBF93) -> 0
B94: 11 | C94: B/W | D94: No's | E94: 4 | F94: =J94 -> 0 | G94: =E94-F94 -> 4 | H94: =F94/E94 -> 0 | J94: =SUM(K94:KBF94) -> 0
B95: 12 | C95: Canopy | D95: No's | E95: 4 | F95: =J95 -> 0 | G95: =E95-F95 -> 4 | H95: =F95/E95 -> 0 | J95: =SUM(K95:KBF95) -> 0
B96: IDT- BESS | F96: =AVERAGE(F97:F107) -> 0 | H96: =AVERAGE(H97:H107) -> 0
B97: 1 | C97: Excavation | D97: No's | E97: 5 | F97: =J97 -> 0 | G97: =E97-F97 -> 5 | H97: =F97/E97 -> 0 | J97: =SUM(K97:KBF97) -> 0
B98: 2 | C98: Foundation PCC | D98: No's | E98: 5 | F98: =J98 -> 0 | G98: =E98-F98 -> 5 | H98: =F98/E98 -> 0 | J98: =SUM(K98:KBF98) -> 0
B99: 3 | C99: Foundation Raft Reinforcement | D99: No's | E99: 5 | F99: =J99 -> 0 | G99: =E99-F99 -> 5 | H99: =F99/E99 -> 0 | J99: =SUM(K99:KBF99) -> 0
B100: 4 | C100: Foundation Raft Shuttering | D100: No's | E100: 5 | F100: =J100 -> 0 | G100: =E100-F100 -> 5 | H100: =F100/E100 -> 0 | J100: =SUM(K100:KBF100) -> 0
B101: 5 | C101: Foundation Raft casting | D101: No's | E101: 5 | F101: =J101 -> 0 | G101: =E101-F101 -> 5 | H101: =F101/E101 -> 0 | J101: =SUM(K101:KBF101) -> 0
B102: 6 | C102: Wall Reinforcement | D102: No's | E102: 10 | F102: =J102 -> 0 | G102: =E102-F102 -> 10 | H102: =F102/E102 -> 0 | J102: =SUM(K102:KBF102) -> 0
...

Sheet ICR Pilling
B1: ICR NO. | C1: Scope | D1: Piling Progress | E1: Progress in % | F1: 45807 | G1: =F1+1 -> 45808 | H1: =G1+1 -> 45809 | I1: =H1+1 -> 45810 | J1: =I1+1 -> 45811 | K1: =J1+1 -> 45812 | L1: =K1+1 -> 45813 | M1: =L1+1 -> 45814 | N1: =M1+1 -> 45815 | ... FD1: =FC1+1 -> 45961
B2: Total | C2: =SUM(C3:C6) -> 27000 | D2: =SUM(D3:D6) -> 0 | E2: =D2/C2 -> 0 | F2: =SUM(F3:F6) -> 0 | G2: =SUM(G3:G6) -> 0 | H2: =SUM(H3:H6) -> 0 | I2: =SUM(I3:I6) -> 0 | J2: =SUM(J3:J6) -> 0 | K2: =SUM(K3:K6) -> 0 | L2: =SUM(L3:L6) -> 0 | M2: =SUM(M3:M6) -> 0 | ... FD2: =SUM(FD3:FD6) -> 0
B3: 1 | C3: 6750 | D3: =SUM(F3:FD3) -> 0 | E3: =D3/C3 -> 0
B4: 2 | C4: 6750 | D4: =SUM(F4:FD4) -> 0 | E4: =D4/C4 -> 0
B5: 3 | C5: 6750 | D5: =SUM(F5:FD5) -> 0 | E5: =D5/C5 -> 0
B6: 4 | C6: 6750 | D6: =SUM(F6:FD6) -> 0 | E6: =D6/C6 -> 0

Sheet SW Civil
B1: Switchyard Equipment Progress
B2: Sr. No. | C2: Description | D2: UOM | E2: Weightage Scope | F2: Weightage completion | G2: Equipments | H2: Foundation Scope (Nos) | I2: Excavation | M2: PCC | Q2: Raft Foundation | U2: Column casting/J-bolt fixing
I3: Start Date | J3: End Date | K3: Progress | L3: Percentage | M3: Start Date | N3: End Date | O3: Progress | P3: Percentage | Q3: Start Date | R3: End Date | S3: Progress | T3: Percentage | U3: Start Date | V3: End Date | W3: Progress | X3: Percentage | AJ3: Sr. No. | AK3: Description | AL3: Activity | AM3: Unit | AN3: Equipment | AO3: Foundation | AP3: Cummulative | AQ3: Balance | AS3: 45608 | AT3: =AS3+1 -> 45609 | AU3: =AT3+1 -> 45610 | AV3: =AU3+1 -> 45611 | AW3: =AV3+1 -> 45612 | AX3: =AW3+1 -> 45613 | AY3: =AX3+1 -> 45614 | AZ3: =AY3+1 -> 45615 | BA3: =AZ3+1 -> 45616 | ... HT3: =HS3+1 -> 45791
B4: 1 | C4: Tower Foundation | D4: Nos | E4: 0.15 | F4: =E4*(AVERAGE(K4,O4,S4,W4)/H4) -> 0 | G4: 14 | H4: 14 | K4: =AP4 -> 0 | L4: =K4/H4 -> 0 | M4: =I4+2 -> 2 | N4: =M4+25 -> 27 | O4: =AP5 -> 0 | P4: =O4/H4 -> 0 | Q4: =M4+25 -> 27 | R4: =Q4+20 -> 47 | S4: =AP6 -> 0 | T4: =S4/H4 -> 0 | U4: =Q4+10 -> 37 | V4: =U4+20 -> 57 | W4: =AP7 -> 0 | X4: =W4/H4 -> 0 | Z4: =AVERAGE(K4,O4,S4,W4)/H4 -> 0 | AJ4: 1 | AK4: Tower Foundation | AL4: EXC | AM4: Nos | AN4: 14 | AO4: 14 | AP4: =SUM(AS4:JG4) -> 0 | AQ4: =AO4-AP4 -> 14
B5: 2 | C5: Power Transformer | D5: Nos | E5: 0.15 | F5: =E5*(AVERAGE(K5,O5,S5,W5)/H5) -> 0 | G5: 2 | H5: 2 | K5: =AP8 -> 0 | L5: =K5/H5 -> 0 | M5: =J5 -> 0 | N5: =M5+6 -> 6 | O5: =AP9 -> 0 | P5: =O5/H5 -> 0 | Q5: =N5+10 -> 16 | R5: =Q5+10 -> 26 | S5: =AP10 -> 0 | T5: =S5/H5 -> 0 | U5: =R5+1 -> 27 | V5: =U5+25 -> 52 | W5: =AP11 -> 0 | X5: =W5/H5 -> 0 | Z5: =AVERAGE(K5,O5,S5,W5)/H5 -> 0 | AL5: PCC | AP5: =SUM(AS5:JG5) -> 0 | AQ5: =AO4-AP5 -> 14
B6: 3 | C6: LM Tower | D6: Nos | E6: 0.01 | F6: =E6*(AVERAGE(K6,O6,S6,W6)/H6) -> 0 | G6: 1 | H6: 1 | K6: =AP12 -> 0 | L6: =K6/H6 -> 0 | M6: =J6+1 -> 1 | N6: =M6+1 -> 2 | O6: =AP13 -> 0 | P6: =O6/H6 -> 0 | Q6: =R4+1 -> 48 | R6: =Q6+3 -> 51 | S6: =AP14 -> 0 | T6: =S6/H6 -> 0 | U6: =R6+2 -> 53 | V6: =U6+4 -> 57 | W6: =AP15 -> 0 | X6: =W6/H6 -> 0 | Z6: =AVERAGE(K6,O6,S6,W6)/H6 -> 0 | AL6: Raft | AP6: =SUM(AS6:JG6) -> 0 | AQ6: =AO4-AP6 -> 14
B7: 4 | C7: LA | D7: Nos | E7: 0.02 | F7: =E7*(AVERAGE(K7,O7,S7,W7)/H7) -> 0 | G7: 3 | H7: 3 | K7: =AP16 -> 0 | L7: =K7/H7 -> 0 | M7: =J7 -> 0 | N7: =M7+1 -> 1 | O7: =AP17 -> 0 | P7: =O7/H7 -> 0 | Q7: =N7+1 -> 2 | R7: =Q7+2 -> 4 | S7: =AP18 -> 0 | T7: =S7/H7 -> 0 | U7: =R7+1 -> 5 | V7: =U7+4 -> 9 | W7: =AP19 -> 0 | X7: =W7/H7 -> 0 | Z7: =AVERAGE(K7,O7,S7,W7)/H7 -> 0 | AL7: Column | AP7: =SUM(AS7:JG7) -> 0 | AQ7: =AO4-AP7 -> 14
B8: 5 | C8: HLA | D8: Nos | E8: 0.01 | F8: =E8*(AVERAGE(K8,O8,S8,W8)/H8) -> 0 | G8: 6 | H8: 6 | K8: =AP20 -> 0 | L8: =K8/H8 -> 0 | M8: =J8 -> 0 | N8: =M8+1 -> 1 | O8: =AP21 -> 0 | P8: =O8/H8 -> 0 | Q8: =N8+1 -> 2 | R8: =Q8+1 -> 3 | S8: =AP22 -> 0 | T8: =S8/H8 -> 0 | U8: =R8+1 -> 4 | V8: =U8+3 -> 7 | W8: =AP23 -> 0 | X8: =W8/H8 -> 0 | Z8: =AVERAGE(K8,O8,S8,W8)/H8 -> 0 | AJ8: 2 | AK8: Power Transformer | AL8: EXC | AM8: Nos | AN8: 2 | AO8: 2 | AP8: =SUM(AS8:JG8) -> 0 | AQ8: =AO8-AP8 -> 2
B9: 6 | C9: CB | D9: Nos | E9: 0.04 | F9: =E9*(AVERAGE(K9,O9,S9,W9)/H9) -> 0 | G9: 12 | H9: 12 | K9: =AP24 -> 0 | L9: =K9/H9 -> 0 | O9: =AP25 -> 0 | P9: =O9/H9 -> 0 | S9: =AP26 -> 0 | T9: =S9/H9 -> 0 | W9: =AP27 -> 0 | X9: =W9/H9 -> 0 | Z9: =AVERAGE(K9,O9,S9,W9)/H9 -> 0 | AL9: PCC | AP9: =SUM(AS9:JG9) -> 0 | AQ9: =AO8-AP9 -> 2
B10: 7 | C10: Wave Trap | D10: Nos | E10: 0.01 | F10: =E10*(AVERAGE(K10,O10,S10,W10)/H10) -> 0 | G10: 3 | H10: 3 | K10: =AP28 -> 0 | L10: =K10/H10 -> 0 | O10: =AP30 -> 0 | P10: =O10/H10 -> 0 | S10: =AP31 -> 0 | T10: =S10/H10 -> 0 | W10: =AP32 -> 0 | X10: =W10/H10 -> 0 | Z10: =AVERAGE(K10,O10,S10,W10)/H10 -> 0 | AL10: Raft | AP10: =SUM(AS10:JG10) -> 0 | AQ10: =AO8-AP10 -> 2
B11: 8 | C11: LINE CVT | D11: Nos | E11: 0.02 | F11: =E11*(AVERAGE(K11,O11,S11,W11)/H11) -> 0 | G11: 3 | H11: 3 | K11: =AP33 -> 0 | L11: =K11/H11 -> 0 | O11: =AP34 -> 0 | P11: =O11/H11 -> 0 | S11: =AP35 -> 0 | T11: =S11/H11 -> 0 | W11: =AP36 -> 0 | X11: =W11/H11 -> 0 | Z11: =AVERAGE(K11,O11,S11,W11)/H11 -> 0 | AL11: Column | AP11: =SUM(AS11:JG11) -> 0 | AQ11: =AO8-AP11 -> 2
B12: 9 | C12: BUS CVT | D12: Nos | E12: 0.04 | F12: =E12*(AVERAGE(K12,O12,S12,W12)/H12) -> 0 | G12: 6 | H12: 6 | K12: =AP37 -> 0 | L12: =K12/H12 -> 0 | O12: =AP38 -> 0 | P12: =O12/H12 -> 0 | S12: =AP39 -> 0 | T12: =S12/H12 -> 0 | W12: =AP40 -> 0 | X12: =W12/H12 -> 0 | Z12: =AVERAGE(K12,O12,S12,W12)/H12 -> 0 | AJ12: 3 | AK12: LM Tower | AL12: EXC | AM12: Nos | AN12: 1 | AO12: 1 | AP12: =SUM(AS12:JG12) -> 0 | AQ12: =AO12-AP12 -> 1
B13: 10 | C13: MCVT | D13: Nos | E13: 0.01 | F13: =E13*(AVERAGE(K13,O13,S13,W13)/H13) -> 0 | G13: 3 | H13: 3 | K13: =AP41 -> 0 | L13: =K13/H13 -> 0 | O13: =AP42 -> 0 | P13: =O13/H13 -> 0 | S13: =AP43 -> 0 | T13: =S13/H13 -> 0 | W13: =AP44 -> 0 | X13: =W13/H13 -> 0 | Z13: =AVERAGE(K13,O13,S13,W13)/H13 -> 0 | AL13: PCC | AP13: =SUM(AS13:JG13) -> 0 | AQ13: =AO12-AP13 -> 1
B14: 11 | C14: HCT | D14: Nos | E14: 0.04 | F14: =E14*(AVERAGE(K14,O14,S14,W14)/H14) -> 0 | G14: 12 | H14: 12 | K14: =AP45 -> 0 | L14: =K14/H14 -> 0 | O14: =AP46 -> 0 | P14: =O14/H14 -> 0 | S14: =AP47 -> 0 | T14: =S14/H14 -> 0 | W14: =AP48 -> 0 | X14: =W14/H14 -> 0 | Z14: =AVERAGE(K14,O14,S14,W14)/H14 -> 0 | AL14: Raft | AP14: =SUM(AS14:JG14) -> 0 | AQ14: =AO12-AP14 -> 1
B15: 12 | C15: MCT | D15: Nos | E15: 0.01 | F15: =E15*(AVERAGE(K15,O15,S15,W15)/H15) -> 0 | G15: 3 | H15: 3 | K15: =AP49 -> 0 | L15: =K15/H15 -> 0 | O15: =AP50 -> 0 | P15: =O15/H15 -> 0 | S15: =AP51 -> 0 | T15: =S15/H15 -> 0 | W15: =AP52 -> 0 | X15: =W15/H15 -> 0 | Z15: =AVERAGE(K15,O15,S15,W15)/H15 -> 0 | AL15: Column | AP15: =SUM(AS15:JG15) -> 0 | AQ15: =AO12-AP15 -> 1
B16: 13 | C16: ISO with ES | D16: Nos | E16: 0.04 | F16: =E16*(AVERAGE(K16,O16,S16,W16)/H16) -> 0 | G16: 18 | H16: 18 | K16: =AP53 -> 0 | L16: =K16/H16 -> 0 | O16: =AP54 -> 0 | P16: =O16/H16 -> 0 | S16: =AP55 -> 0 | T16: =S16/H16 -> 0 | W16: =AP56 -> 0 | X16: =W16/H16 -> 0 | Z16: =AVERAGE(K16,O16,S16,W16)/H16 -> 0 | AJ16: 4 | AK16: LA | AL16: EXC | AM16: Nos | AN16: =G7 -> 3 | AO16: =AN16 -> 3 | AP16: =SUM(AS16:JG16) -> 0 | AQ16: =AO16-AP16 -> 3
B17: 14 | C17: ISO | D17: Nos | E17: 0.08 | F17: =E17*(AVERAGE(K17,O17,S17,W17)/H17) -> 0 | G17: 42 | H17: 42 | K17: =AP57 -> 0 | L17: =K17/H17 -> 0 | O17: =AP58 -> 0 | P17: =O17/H17 -> 0 | S17: =AP59 -> 0 | T17: =S17/H17 -> 0 | W17: =AP60 -> 0 | X17: =W17/H17 -> 0 | Z17: =AVERAGE(K17,O17,S17,W17)/H17 -> 0 | AL17: PCC | AP17: =SUM(AS17:JG17) -> 0 | AQ17: =AO16-AP17 -> 3
B18: 15 | C18: Isolator-T | D18: Nos | E18: 0.02 | F18: =E18*(AVERAGE(K18,O18,S18,W18)/H18) -> 0 | G18: 18 | H18: 18 | K18: =AP61 -> 0 | L18: =K18/H18 -> 0 | O18: =AP62 -> 0 | P18: =O18/H18 -> 0 | S18: =AP63 -> 0 | T18: =S18/H18 -> 0 | W18: =AP64 -> 0 | X18: =W18/H18 -> 0 | Z18: =AVERAGE(K18,O18,S18,W18)/H18 -> 0 | AL18: Raft | AP18: =SUM(AS18:JG18) -> 0 | AQ18: =AO16-AP18 -> 3
B19: 16 | C19: HBPI | D19: Nos | E19: 0.03 | F19: =E19*(AVERAGE(K19,O19,S19,W19)/H19) -> 0 | G19: 6 | H19: 6 | K19: =AP65 -> 0 | L19: =K19/H19 -> 0 | O19: =AP66 -> 0 | P19: =O19/H19 -> 0 | S19: =AP67 -> 0 | T19: =S19/H19 -> 0 | W19: =AP68 -> 0 | X19: =W19/H19 -> 0 | Z19: =AVERAGE(K19,O19,S19,W19)/H19 -> 0 | AL19: Column | AP19: =SUM(AS19:JG19) -> 0 | AQ19: =AO16-AP19 -> 3
B20: 17 | C20: BPI | D20: Nos | E20: 0.08 | F20: =E20*(AVERAGE(K20,O20,S20,W20)/H20) -> 0 | G20: 17 | H20: 17 | K20: =AP69 -> 0 | L20: =K20/H20 -> 0 | O20: =AP70 -> 0 | P20: =O20/H20 -> 0 | S20: =AP71 -> 0 | T20: =S20/H20 -> 0 | W20: =AP72 -> 0 | X20: =W20/H20 -> 0 | Z20: =AVERAGE(K20,O20,S20,W20)/H20 -> 0 | AJ20: 5 | AK20: HLA | AL20: EXC | AM20: Nos | AN20: =G8 -> 6 | AO20: =AN20 -> 6 | AP20: =SUM(AS20:JG20) -> 0 | AQ20: =$AO$20-AP20 -> 6
B21: 18 | C21: Aux Trafo | D21: Nos | E21: 0.01 | F21: =E21*(AVERAGE(K21,O21,S21,W21)/H21) -> 0 | G21: 2 | H21: 2 | K21: =AP73 -> 0 | L21: =K21/H21 -> 0 | O21: =AP74 -> 0 | P21: =O21/H21 -> 0 | S21: =AP75 -> 0 | T21: =S21/H21 -> 0 | W21: =AP80 -> 0 | X21: =W21/H21 -> 0 | Z21: =AVERAGE(K22,O22,S22,W22)/H22 -> 0 | AL21: PCC | AP21: =SUM(AS21:JG21) -> 0 | AQ21: =$AO$20-AP21 -> 6
B22: 19 | C22: BMK | D22: Nos | E22: 0.02 | F22: =E22*(AVERAGE(K22,O22,S22,W22)/H22) -> 0 | G22: 4 | H22: 4 | K22: =AP77 -> 0 | L22: =K22/H22 -> 0 | O22: =AP78 -> 0 | P22: =O22/H22 -> 0 | S22: =AP79 -> 0 | T22: =S22/H22 -> 0 | W22: =AP84 -> 0 | X22: =W22/H22 -> 0 | Z22: =AVERAGE(K23,O23,S23,W23)/H23 -> 0 | AL22: Raft | AP22: =SUM(AS22:JG22) -> 0 | AQ22: =$AO$20-AP22 -> 6
B23: 20 | C23: NIFPS | D23: Nos | E23: 0.02 | F23: =E23*(AVERAGE(K23,O23,S23,W23)/H23) -> 0 | G23: 2 | H23: 2 | K23: =AP81 -> 0 | L23: =K23/H23 -> 0 | O23: =AP82 -> 0 | P23: =O23/H23 -> 0 | S23: =AP83 -> 0 | T23: =S23/H23 -> 0 | W23: =AP88 -> 0 | X23: =W23/H23 -> 0 | Z23: =AVERAGE(K24,O24,S24,W24)/H24 -> 0 | AL23: Column | AP23: =SUM(AS23:JG23) -> 0 | AQ23: =$AO$20-AP23 -> 6
B24: 21 | C24: BOT Oil Pit | D24: Nos | E24: 0.02 | F24: =E24*(AVERAGE(K24,O24,S24,W24)/H24) -> 0 | G24: 0 | H24: 1 | K24: =AP85 -> 0 | L24: =K24/H24 -> 0 | O24: =AP86 -> 0 | P24: =O24/H24 -> 0 | S24: =AP87 -> 0 | T24: =S24/H24 -> 0 | W24: =AP88 -> 0 | X24: =W24/H24 -> 0 | Z24: =AVERAGE(K25,O25,S25,W25)/H25 -> 0 | AJ24: 6 | AK24: CB | AL24: EXC | AM24: Nos | AN24: =G9 -> 12 | AO24: =AN24 -> 12 | AP24: =SUM(AS24:JG24) -> 0 | AQ24: =AN24-AP24 -> 12
B25: 22 | C25: Cable Trench | D25: mtr | E25: 0.05 | F25: =E25*(AVERAGE(K25,O25,S25,W25)/H25) -> 0 | G25: 315 | H25: 315 | K25: =AP89 -> 0 | L25: =K25/H25 -> 0 | O25: =AP90 -> 0 | P25: =O25/H25 -> 0 | S25: =AP91 -> 0 | T25: =S25/H25 -> 0 | W25: =AP92 -> 0 | X25: =W25/H25 -> 0 | Z25: =AVERAGE(K26,O26,S26,W26)/H26 -> 0 | AL25: PCC | AP25: =SUM(AS25:JG25) -> 0 | AQ25: =AO24-AP25 -> 12
B26: 23 | C26: Rain Water Drain | D26: Mtr | E26: 0.005 | F26: =E26*(AVERAGE(K26,O26,S26,W26)/H26) -> 0 | G26: 0 | H26: 1 | K26: =AP93 -> 0 | L26: =K26/H26 -> 0 | O26: =AP94 -> 0 | P26: =O26/H26 -> 0 | S26: =AP95 -> 0 | T26: =S26/H26 -> 0 | W26: =AP100 -> 0 | X26: =W26/H26 -> 0 | Z26: =AVERAGE(K27,O27,S27,W27)/H27 -> 0 | AL26: Raft | AP26: =SUM(AS26:JG26) -> 0 | AQ26: =AO24-AP26 -> 12
B27: 24 | C27: Fencing | D27: Nos | E27: 0.01 | F27: =E27*(AVERAGE(K27,O27,S27,W27)/H27) -> 0 | G27: 0 | H27: 1 | K27: =AP97 -> 0 | L27: =K27/H27 -> 0 | O27: =AP98 -> 0 | P27: =O27/H27 -> 0 | Z27: =AVERAGE(K28,O28,S28,W28)/H28 -> 0 | AL27: Column | AP27: =SUM(AS27:JG27) -> 0 | AQ27: =AO24-AP27 -> 12
B28: 25 | C28: Road | D28: Ls | E28: 0.06 | F28: 0 | G28: 0 | H28: 1 | K28: =AP101 -> 0 | L28: 0 | O28: =AP102 -> 0 | P28: 0 | S28: =AP103 -> 0 | T28: =S28/H28 -> 0 | W28: =AP108 -> 0 | X28: =W28/H28 -> 0 | Z28: =AVERAGE(K30,O30,S30,W30)/H30 -> 0 | AJ28: 7 | AK28: Wave Trap | AL28: EXC | AM28: Nos | AN28: =G10 -> 3 | AO28: =AN28 -> 3 | AP28: =SUM(AS28:JG28) -> 0 | AQ28: =AO28-AP28 -> 3
B29: 26 | C29: Gravel Filling | D29: Ls | E29: 0.04 | F29: 0 | G29: 0 | H29: 1
B30: Total | E30: =SUM(E4:E29) -> 0.995 | F30: =SUM(F4:F28) -> 0 | G30: =SUM(G7:G20) -> 152 | H30: =SUM(H7:H20) -> 152 | I30: =MIN(I4:I29) -> 0 | J30: =MAX(J4:J20) -> 0 | K30: =SUM(K7:K20) -> 0 | L30: =K30/H30 -> 0 | M30: =MIN(M4:M29) -> 0 | N30: =MAX(N4:N20) -> 27 | O30: =SUM(O7:O20) -> 0 | P30: =O30/H30 -> 0 | Q30: =MIN(Q4:Q28) -> 2 | R30: =MAX(R4:R20) -> 51 | S30: =SUM(S7:S20) -> 0 | T30: =S30/H30 -> 0 | U30: =MIN(U4:U28) -> 4 | V30: =MAX(V4:V20) -> 57 | W30: =SUM(W7:W20) -> 0 | X30: =W30/H30 -> 0 | AL30: PCC | AP30: =SUM(AS30:JG30) -> 0 | AQ30: =AO28-AP30 -> 3
AL31: Raft | AP31: =SUM(AS31:JG31) -> 0 | AQ31: =AO28-AP31 -> 3
AL32: Column | AP32: =SUM(AS32:JG32) -> 0 | AQ32: =AO28-AP32 -> 3
AJ33: 8 | AK33: Line-CVT | AL33: EXC | AM33: Nos | AN33: =G11 -> 3 | AO33: =AN33 -> 3 | AP33: =SUM(AS33:JG33) -> 0 | AQ33: =AO33-AP33 -> 3
AL34: PCC | AP34: =SUM(AS34:JG34) -> 0 | AQ34: =AO33-AP34 -> 3
AL35: Raft | AP35: =SUM(AS35:JG35) -> 0 | AQ35: =AO33-AP35 -> 3
AL36: Column | AP36: =SUM(AS36:JG36) -> 0 | AQ36: =AO33-AP36 -> 3
AJ37: 9 | AK37: BUS CVT | AL37: EXC | AM37: Nos | AN37: =G12 -> 6 | AO37: =AN37 -> 6 | AP37: =SUM(AS37:JG37) -> 0 | AQ37: =AO37-AP37 -> 6
AL38: PCC | AP38: =SUM(AS38:JG38) -> 0 | AQ38: =AO37-AP38 -> 6
AL39: Raft | AP39: =SUM(AS39:JG39) -> 0 | AQ39: =AO37-AP39 -> 6
AL40: Column | AP40: =SUM(AS40:JG40) -> 0 | AQ40: =AO37-AP40 -> 6
AJ41: 10 | AK41: MCVT | AL41: EXC | AM41: Nos | AN41: =G13 -> 3 | AO41: 3 | AP41: =SUM(AS41:JG41) -> 0 | AQ41: =AO41-AP41 -> 3
AL42: PCC | AP42: =SUM(AS42:JG42) -> 0 | AQ42: =AO41-AP42 -> 3
AL43: Raft | AP43: =SUM(AS43:JG43) -> 0 | AQ43: =AO41-AP43 -> 3
AL44: Column | AP44: =SUM(AS44:JG44) -> 0 | AQ44: =AO41-AP44 -> 3
AJ45: 11 | AK45: HCT | AL45: EXC | AM45: Nos | AN45: =G14 -> 12 | AO45: =AN45 -> 12 | AP45: =SUM(AS45:JG45) -> 0 | AQ45: =AO45-AP45 -> 12
AL46: PCC | AP46: =SUM(AS46:JG46) -> 0 | AQ46: =AO45-AP46 -> 12
AL47: Raft | AP47: =SUM(AS47:JG47) -> 0 | AQ47: =AO45-AP47 -> 12
AL48: Column | AP48: =SUM(AS48:JG48) -> 0 | AQ48: =AO45-AP48 -> 12
AJ49: 12 | AK49: MCT | AL49: EXC | AM49: Nos | AN49: =G15 -> 3 | AO49: =AN49 -> 3 | AP49: =SUM(AS49:JG49) -> 0 | AQ49: =AO49-AP49 -> 3
AL50: PCC | AP50: =SUM(AS50:JG50) -> 0 | AQ50: =AO49-AP50 -> 3
AL51: Raft | AP51: =SUM(AS51:JG51) -> 0 | AQ51: =AO49-AP51 -> 3
AL52: Column | AP52: =SUM(AS52:JG52) -> 0 | AQ52: =AO49-AP52 -> 3
AJ53: 13 | AK53: ISO with ES | AL53: EXC | AM53: Nos | AN53: =G16 -> 18 | AO53: =AN53 -> 18 | AP53: =SUM(AS53:JG53) -> 0 | AQ53: =AO53-AP53 -> 18
AL54: PCC | AP54: =SUM(AS54:JG54) -> 0 | AQ54: =AO53-AP54 -> 18
AL55: Raft | AP55: =SUM(AS55:JG55) -> 0 | AQ55: =AO53-AP55 -> 18
AL56: Column | AP56: =SUM(AS56:JG56) -> 0 | AQ56: =AO53-AP56 -> 18
AJ57: 14 | AK57: ISO | AL57: EXC | AM57: Nos | AN57: =G17 -> 42 | AO57: 42 | AP57: =SUM(AS57:JG57) -> 0 | AQ57: =AO57-AP57 -> 42
AL58: PCC | AP58: =SUM(AS58:JG58) -> 0 | AQ58: =AO57-AP58 -> 42
AL59: Raft | AP59: =SUM(AS59:JG59) -> 0 | AQ59: =AO57-AP59 -> 42
AL60: Column | AP60: =SUM(AS60:JG60) -> 0 | AQ60: =AO57-AP60 -> 42
AJ61: 15 | AK61: ISO -T | AL61: EXC | AM61: Nos | AN61: 18 | AO61: 18 | AP61: =SUM(AS61:JG61) -> 0 | AQ61: =AO61-AP61 -> 18
AL62: PCC | AP62: =SUM(AS62:JG62) -> 0 | AQ62: =AO61-AP62 -> 18
AL63: Raft | AP63: =SUM(AS63:JG63) -> 0 | AQ63: =AO61-AP63 -> 18
AL64: Column | AP64: =SUM(AS64:JG64) -> 0 | AQ64: =AO61-AP64 -> 18
AJ65: 16 | AK65: HBPI | AL65: EXC | AM65: Nos | AN65: =G19 -> 6 | AO65: 6 | AP65: =SUM(AS65:JG65) -> 0 | AQ65: =AO65-AP65 -> 6
AL66: PCC | AP66: =SUM(AS66:JG66) -> 0 | AQ66: =AO65-AP66 -> 6
AL67: Raft | AP67: =SUM(AS67:JG67) -> 0 | AQ67: =AO65-AP67 -> 6
AL68: Column | AP68: =SUM(AS68:JG68) -> 0 | AQ68: =AO65-AP68 -> 6
AJ69: 17 | AK69: BPI | AL69: EXC | AM69: Nos | AN69: 17 | AO69: 17 | AP69: =SUM(AS69:JG69) -> 0 | AQ69: =AO69-AP69 -> 17
AL70: PCC | AP70: =SUM(AS70:JG70) -> 0 | AQ70: =AO69-AP70 -> 17
AL71: Raft | AP71: =SUM(AS71:JG71) -> 0 | AQ71: =AO69-AP71 -> 17
AL72: Column | AP72: =SUM(AS72:JG72) -> 0 | AQ72: =AO69-AP72 -> 17
AJ73: 18 | AK73: Aux Trafo | AL73: EXC | AM73: Nos | AN73: 2 | AO73: 2 | AP73: =SUM(AS73:JG73) -> 0 | AQ73: =AO73-AP73 -> 2
AL74: PCC | AP74: =SUM(AS74:JG74) -> 0 | AQ74: =AO73-AP74 -> 2
AL75: Raft | AP75: =SUM(AS75:JG75) -> 0 | AQ75: =AO73-AP75 -> 2
AL76: Column | AP76: =SUM(AS76:JG76) -> 0 | AQ76: =AO73-AP76 -> 2
AJ77: 19 | AK77: BMK | AL77: EXC | AM77: Nos | AN77: 4 | AO77: 4 | AP77: =SUM(AS77:JG77) -> 0 | AQ77: =AO77-AP77 -> 4
AL78: PCC | AP78: =SUM(AS78:JG78) -> 0 | AQ78: =AO77-AP78 -> 4
AL79: Raft | AP79: =SUM(AS79:JG79) -> 0 | AQ79: =AO77-AP79 -> 4
AL80: Column | AP80: =SUM(AS80:JG80) -> 0 | AQ80: =AO77-AP80 -> 4
AJ81: 20 | AK81: NIFPS | AL81: EXC | AM81: Nos | AN81: 2 | AO81: 2 | AP81: =SUM(AS81:JG81) -> 0 | AQ81: =AO81-AP81 -> 2
AL82: PCC | AP82: =SUM(AS82:JG82) -> 0 | AQ82: =AO81-AP82 -> 2
AL83: Raft | AP83: =SUM(AS83:JG83) -> 0 | AQ83: =AO81-AP83 -> 2
AL84: Column | AP84: =SUM(AS84:JG84) -> 0 | AQ84: =AO81-AP84 -> 2
AJ85: 21 | AK85: BOT Oil Pit | AL85: EXC | AM85: Nos | AN85: 1 | AO85: 1 | AP85: =SUM(AS85:JG85) -> 0 | AQ85: =AO85-AP85 -> 1
AL86: PCC | AP86: =SUM(AS86:JG86) -> 0 | AQ86: =AO85-AP86 -> 1
AL87: Raft | AP87: =SUM(AS87:JG87) -> 0 | AQ87: =AO85-AP87 -> 1
AL88: Wall | AP88: =SUM(AS88:JG88) -> 0 | AQ88: =AO85-AP88 -> 1
AJ89: 22 | AK89: Cable Trench | AL89: EXC | AM89: Mtr | AN89: 315 | AO89: 315 | AP89: =SUM(AS89:JG89) -> 0 | AQ89: =AO89-AP89 -> 315
AL90: PCC | AP90: =SUM(AS90:JG90) -> 0 | AQ90: =AO89-AP90 -> 315
AL91: Raft | AP91: =SUM(AS91:JG91) -> 0 | AQ91: =AO89-AP91 -> 315
AL92: Wall | AP92: =SUM(AS92:JG92) -> 0 | AQ92: =AO89-AP92 -> 315
AJ93: 23 | AK93: Rain Water Drain | AL93: EXC | AM93: LS | AN93: 1 | AO93: 1 | AP93: =SUM(AS93:JG93) -> 0 | AQ93: =AO93-AP93 -> 1
AL94: PCC | AP94: =SUM(AS94:JG94) -> 0 | AQ94: =AO93-AP94 -> 1
AL95: Raft | AP95: =SUM(AS95:JG95) -> 0 | AQ95: =AO93-AP95 -> 1
AL96: Column | AP96: =SUM(AS96:JG96) -> 0 | AQ96: =AO93-AP96 -> 1
AJ97: 24 | AK97: Fencing | AL97: EXC | AM97: LS | AN97: 1 | AO97: 1 | AP97: =SUM(AS97:JG97) -> 0 | AQ97: =AO97-AP97 -> 1
AL98: PCC | AP98: =SUM(AS98:JG98) -> 0 | AQ98: =AO97-AP98 -> 1
AL99: Raft | AP99: =SUM(AS99:JG99) -> 0 | AQ99: =AO97-AP99 -> 1
AL100: Column | AP100: =SUM(AS100:JG100) -> 0 | AQ100: =AO97-AP100 -> 1
...

Sheet SY ELE
B2: Electrical Progress | Q2: DAILY PROGRESS
B3: Sr.no. | C3: Description | D3: UOM | E3: Scope | F3: Progress | G3: Balance | H3: % Progress | I3: BaseLine Plan | L3: Forecast | O3: Remarks | Q3: Cummulative | R3: 45627 | S3: =R3+1 -> 45628 | T3: =S3+1 -> 45629 | U3: =T3+1 -> 45630 | V3: =U3+1 -> 45631 | W3: =V3+1 -> 45632 | X3: =W3+1 -> 45633 | Y3: =X3+1 -> 45634 | Z3: =Y3+1 -> 45635 | ... GQ3: =GP3+1 -> 45808
I4: Start Date | J4: Finish Date | K4: Days | L4: Start Date | M4: Finish Date | N4: Days
B5: MCR | H5: =AVERAGE(H6,H32,H41,H60,H91,H98,H102,H82) -> 0 | I5: =MIN(I6,I32,I41,I60,I82,I91,I98,I102) -> 45362 | J5: =MAX(J6,J32,J41,J60,J82,J91,J98,J102) -> 45838 | L5: 45362 | M5: 45838
C6: Panel Installation | D6: No's | E6: =SUM(E7:E30) -> 44 | F6: =SUM(F7:F30) -> 0 | G6: =E6-F6 -> 44 | H6: =F6/E6 -> 0 | I6: =MIN(I7:I30) -> 45362 | J6: =MAX(J7:J30) -> 45751 | K6: =J6-I6 -> 389 | L6: 45362 | M6: 45751 | N6: 389
B7: 1 | C7: 33KV HT & Bus Bar Panel | D7: Set | E7: 4 | F7: =Q7 -> 0 | G7: 4 | H7: =F7/E7 -> 0 | I7: 45736 | J7: =I7+15 -> 45751 | K7: =J7-I7 -> 15 | L7: 45736 | M7: 45751 | N7: 15 | Q7: =SUM(R7:GQ7) -> 0
B8: 2 | C8: C&R Panel | D8: No's | E8: 7 | F8: =Q8 -> 0 | G8: 7 | H8: =F8/E8 -> 0 | I8: 45362 | J8: =I8+10 -> 45372 | K8: =J8-I8 -> 10 | L8: 45362 | M8: 45372 | N8: 10 | Q8: =SUM(R8:GQ8) -> 0
B9: 3 | C9: Busbar Panel | D9: No's | E9: 1 | F9: =Q9 -> 0 | G9: 1 | H9: =F9/E9 -> 0 | I9: =I7 -> 45736 | J9: =I9+2 -> 45738 | K9: =J9-I9 -> 2 | L9: 45736 | M9: 45738 | N9: 2
B10: 4 | C10: PPC | D10: No's | E10: 1 | F10: =Q10 -> 0 | G10: 1 | H10: =F10/E10 -> 0 | I10: =I8+2 -> 45364 | J10: =I10+1 -> 45365 | K10: =J10-I10 -> 1 | L10: 45364 | M10: 45365 | N10: 1 | Q10: =SUM(R10:GQ10) -> 0
B11: 5 | C11: MU PLC 2 | D11: No's | E11: 2 | F11: =Q11 -> 0 | G11: 2 | H11: =F11/E11 -> 0 | I11: =J10+1 -> 45366 | J11: =I11+2 -> 45368 | K11: =J11-I11 -> 2 | L11: 45366 | M11: 45368 | N11: 2 | Q11: =SUM(R11:GQ11) -> 0
B12: 6 | C12: Fote Panel | D12: No's | E12: 1 | F12: =Q12 -> 0 | G12: 1 | H12: =F12/E12 -> 0 | I12: =J11+1 -> 45369 | J12: =I12+3 -> 45372 | K12: =J12-I12 -> 3 | L12: 45369 | M12: 45372 | N12: 3 | Q12: =SUM(R12:GQ12) -> 0
B13: 7 | C13: CCTV Panel | D13: No's | E13: 1 | F13: =Q13 -> 0 | G13: 1 | H13: =F13/E13 -> 0 | I13: =J12+1 -> 45373 | J13: =I13+2 -> 45375 | K13: =J13-I13 -> 2 | L13: 45373 | M13: 45375 | N13: 2 | Q13: =SUM(R13:GQ13) -> 0
B14: 8 | C14: PLCC Panel | D14: No's | E14: 1 | F14: =Q14 -> 0 | G14: 1 | H14: =F14/E14 -> 0 | I14: =J13+1 -> 45376 | J14: =I14+2 -> 45378 | K14: =J14-I14 -> 2 | L14: 45376 | M14: 45378 | N14: 2 | Q14: =SUM(R14:GQ14) -> 0
B15: 9 | C15: RTCC Panel | D15: No's | E15: 2 | F15: =Q15 -> 0 | G15: 2 | H15: =F15/E15 -> 0 | I15: =J14+1 -> 45379 | J15: =I15+2 -> 45381 | K15: =J15-I15 -> 2 | L15: 45379 | M15: 45381 | N15: 2 | Q15: =SUM(R15:GQ15) -> 0
B16: 10 | C16: PLC/Scada | D16: No's | E16: 1 | F16: =Q16 -> 0 | G16: 1 | H16: =F16/E16 -> 0 | I16: =J15+1 -> 45382 | J16: =I16+6 -> 45388 | K16: =J16-I16 -> 6 | L16: 45382 | M16: 45388 | N16: 6
B17: 11 | C17: SAS Panel | D17: No's | E17: 1 | F17: =Q17 -> 0 | G17: 1 | H17: =F17/E17 -> 0 | I17: =J15+1 -> 45382 | J17: =I17+2 -> 45384 | K17: =J17-I17 -> 2 | L17: 45382 | M17: 45384 | N17: 2 | Q17: =SUM(R17:GQ17) -> 0
B18: 12 | C18: ACDB | D18: No's | E18: 1 | F18: =Q18 -> 0 | G18: 1 | H18: =F18/E18 -> 0 | I18: =J17+1 -> 45385 | J18: =I18+3 -> 45388 | K18: =J18-I18 -> 3 | L18: 45385 | M18: 45388 | N18: 3 | Q18: =SUM(R18:GQ18) -> 0
B19: 13 | C19: Lighting DB | D19: No's | E19: 1 | F19: =Q19 -> 0 | G19: 1 | H19: =F19/E19 -> 0 | I19: =J18+1 -> 45389 | J19: =I19+1 -> 45390 | K19: =J19-I19 -> 1 | L19: 45389 | M19: 45390 | N19: 1 | Q19: =SUM(R19:GQ19) -> 0
B20: 14 | C20: ELDB | D20: No's | E20: 1 | F20: =Q20 -> 0 | G20: 1 | H20: =F20/E20 -> 0 | I20: =I19+1 -> 45390 | J20: =I20+1 -> 45391 | K20: =J20-I20 -> 1 | L20: 45390 | M20: 45391 | N20: 1
B21: 15 | C21: UPS | D21: No's | E21: 2 | F21: =Q21 -> 0 | G21: 2 | H21: =F21/E21 -> 0 | I21: =I20+1 -> 45391 | J21: =I21+5 -> 45396 | K21: =J21-I21 -> 5 | L21: 45391 | M21: 45396 | N21: 5 | Q21: =SUM(R21:GQ21) -> 0
B22: 16 | C22: UPS DB | D22: No's | E22: 1 | F22: =Q22 -> 0 | G22: 1 | H22: =F22/E22 -> 0 | I22: =I21+1 -> 45392 | J22: =I22+1 -> 45393 | K22: =J22-I22 -> 1 | L22: 45392 | M22: 45393 | N22: 1 | Q22: =SUM(R22:GQ22) -> 0
B23: 17 | C23: UPS Battery | D23: Set | E23: 4 | F23: =Q23 -> 0 | G23: 4 | H23: =F23/E23 -> 0 | I23: =I22+1 -> 45393 | J23: =I23+1 -> 45394 | K23: =J23-I23 -> 1 | L23: 45393 | M23: 45394 | N23: 1
B24: 18 | C24: Battery Charger & DCDB (220V) | D24: No's | E24: 2 | F24: =Q24 -> 0 | G24: 2 | H24: =F24/E24 -> 0 | I24: =I23+1 -> 45394 | J24: =I24+2 -> 45396 | K24: =J24-I24 -> 2 | L24: 45394 | M24: 45396 | N24: 2 | Q24: =SUM(R24:GQ24) -> 0
B25: 19 | C25: Battery Bank (220V) | D25: No's | E25: 2 | F25: =Q25 -> 0 | G25: 2 | H25: =F25/E25 -> 0 | I25: =I24+1 -> 45395 | J25: =I25+4 -> 45399 | K25: =J25-I25 -> 4 | L25: 45395 | M25: 45399 | N25: 4
B26: 20 | C26: Battery Charger (48V) & DCDB | D26: No's | E26: 2 | F26: =Q26 -> 0 | G26: 2 | H26: =F26/E26 -> 0 | I26: =I25+1 -> 45396 | J26: =I26+2 -> 45398 | K26: =J26-I26 -> 2 | L26: 45396 | M26: 45398 | N26: 2 | Q26: =SUM(R26:GQ26) -> 0
B27: 21 | C27: Battery Bank (48V) | D27: Set | E27: 2 | F27: =Q27 -> 0 | G27: 2 | H27: =F27/E27 -> 0 | I27: =I26+1 -> 45397 | J27: =I27+2 -> 45399 | K27: =J27-I27 -> 2 | L27: 45397 | M27: 45399 | N27: 2 | Q27: =SUM(R27:GQ27) -> 0
B28: 22 | C28: NIFPS CP | D28: No's | E28: 2 | F28: =Q28 -> 0 | G28: 2 | H28: =F28/E28 -> 0 | I28: =I27+1 -> 45398 | J28: =I28+1 -> 45399 | K28: =J28-I28 -> 1 | L28: 45398 | M28: 45399 | N28: 1 | Q28: =SUM(R28:GQ28) -> 0
B29: 23 | C29: PC with Table | D29: Lot | E29: 1 | F29: =Q29 -> 0 | G29: 1 | H29: =F29/E29 -> 0 | I29: =I28+1 -> 45399 | J29: =I29+2 -> 45401 | K29: =J29-I29 -> 2 | L29: 45399 | M29: 45401 | N29: 2 | Q29: =SUM(R29:GQ29) -> 0
B30: 24 | C30: Illumination | D30: Lot | E30: 1 | F30: =Q30 -> 0 | G30: 1 | H30: =F30/E30 -> 0 | I30: =I29+1 -> 45400 | J30: =I30+5 -> 45405 | K30: =J30-I30 -> 5 | L30: 45400 | M30: 45405 | N30: 5 | Q30: =SUM(R30:GQ30) -> 0
B31: SW Electrical Works
C32: SW Earthing works | E32: =AVERAGE(E33:E40) -> 3252.375 | F32: =AVERAGE(F33:F40) -> 0 | G32: =AVERAGE(G33:G40) -> 3252.375 | H32: =F32/E32 -> 0 | I32: =MIN(I33:I40) -> 45738 | J32: =MAX(J33:J40) -> 45774 | K32: =J32-I32 -> 36 | L32: =MIN(L33:L40) -> 45738 | M32: =MAX(M33:M40) -> 45798 | N32: =M32-L32 -> 60
B33: 1 | C33: Excavation for Grid Earth Mat | D33: Mtr | E33: 7500 | F33: =Q33 -> 0 | G33: =E33-F33 -> 7500 | H33: =F33/E33 -> 0 | I33: 45738 | J33: =I33+6 -> 45744 | K33: =J33-I33 -> 6 | L33: 45738 | M33: =L33+18 -> 45756 | N33: =M33-L33 -> 18 | Q33: =SUM(R33:GQ33) -> 0
B34: 2 | C34: Grid Earthing- MS Rod (32mm) | D34: Mtr | E34: 7500 | F34: =Q34 -> 0 | G34: =E34-F34 -> 7500 | H34: =F34/E34 -> 0 | I34: =I33+2 -> 45740 | J34: =I34+8 -> 45748 | K34: =J34-I34 -> 8 | L34: =L33+2 -> 45740 | M34: =L34+20 -> 45760 | N34: =M34-L34 -> 20 | Q34: =SUM(R34:GQ34) -> 0
B35: 3 | C35: 75*12mm GI Flat for equiment earthing | D35: Mtr | E35: 2500 | F35: =Q35 -> 0 | G35: =E35-F35 -> 2500 | H35: =F35/E35 -> 0 | I35: =I34+3 -> 45743 | J35: =I35+8 -> 45751 | K35: =J35-I35 -> 8 | L35: =L34+4 -> 45744 | M35: =L35+15 -> 45759 | N35: =M35-L35 -> 15
B36: 4 | C36: 50*6 mm GI Flat for equipment & fencing | D36: Mtr | E36: 900 | F36: =Q36 -> 0 | G36: =E36-F36 -> 900 | H36: =F36/E36 -> 0 | I36: =J35+1 -> 45752 | J36: =I36+15 -> 45767 | K36: =J36-I36 -> 15 | L36: =M35 -> 45759 | M36: =L36+4 -> 45763 | N36: =M36-L36 -> 4
B37: 5 | C37: Aux Mat | D37: Nos | E37: 34 | F37: =Q37 -> 0 | G37: =E37-F37 -> 34 | H37: =F37/E37 -> 0 | I37: =J34+1 -> 45749 | J37: =I37+6 -> 45755 | K37: =J37-I37 -> 6 | L37: =M36+3 -> 45766 | M37: =L37+8 -> 45774 | N37: =M37-L37 -> 8 | Q37: =SUM(R37:GQ37) -> 0
B38: 7 | C38: Backfilling | D38: Mtr | E38: 7500 | F38: =Q38 -> 0 | G38: =E38-F38 -> 7500 | H38: =F38/E38 -> 0 | I38: =J37 -> 45755 | J38: =I38+15 -> 45770 | K38: =J38-I38 -> 15 | L38: =M37+1 -> 45775 | M38: =L38+6 -> 45781 | N38: =M38-L38 -> 6 | Q38: =SUM(R38:GQ38) -> 0
B39: 6 | C39: Earthing Ms Rod | D39: Nos | E39: 60 | F39: =Q39 -> 0 | G39: =E39-F39 -> 60 | H39: =F39/E39 -> 0 | I39: =I37+5 -> 45754 | J39: =I39+15 -> 45769 | K39: =J39-I39 -> 15 | L39: =M38+1 -> 45782 | M39: =L39+8 -> 45790 | N39: =M39-L39 -> 8 | Q39: =SUM(R39:GQ39) -> 0
B40: 8 | C40: Earthing Pipe GI | D40: Nos | E40: 25 | F40: =Q40 -> 0 | G40: =E40-F40 -> 25 | H40: =F40/E40 -> 0 | I40: =I38+5 -> 45760 | J40: =I40+14 -> 45774 | K40: =J40-I40 -> 14 | L40: =M39 -> 45790 | M40: =L40+8 -> 45798 | N40: =M40-L40 -> 8 | Q40: =SUM(R40:GQ40) -> 0
C41: SW Structural | E41: =SUM(E42:E59) -> 97 | F41: =SUM(F42:F59) -> 0 | G41: =E41-F41 -> 97 | H41: =F41/E41 -> 0 | I41: =MIN(I42:I59) -> 45717 | J41: =MAX(J42:J59) -> 45780 | K41: =J41-I41 -> 63 | L41: =MIN(L42:L59) -> 45732 | M41: =MAX(M42:M59) -> 45754 | N41: =M41-L41 -> 22
B42: 1 | C42: Tower (T-1,2,4,5) | D42: Nos | E42: 14 | F42: =Q42 -> 0 | G42: 14 | H42: =F42/E42 -> 0 | I42: 45717 | J42: =I42+30 -> 45747 | K42: =J42-I42 -> 30 | L42: 45732 | M42: 45748 | N42: =M42-L42 -> 16 | Q42: =SUM(R42:GQ42) -> 0
B43: 2 | C43: LM Tower | D43: Nos | E43: 1 | F43: =Q43 -> 0 | G43: 1 | H43: =F43/E43 -> 0 | I43: =I49 -> 45759 | J43: =I43+3 -> 45762 | K43: =J43-I43 -> 3 | L43: 45732 | M43: 45748 | N43: =M43-L43 -> 16 | Q43: =SUM(R43:GQ43) -> 0
B44: 3 | C44: HLA | D44: Nos | E44: 6 | F44: =Q44 -> 0 | G44: 6 | H44: =F44/E44 -> 0 | I44: =I49 -> 45759 | J44: =I44+7 -> 45766 | K44: =J44-I44 -> 7 | L44: 45743 | M44: =L44 -> 45743 | N44: =M44-L44 -> 0 | Q44: =SUM(R44:GQ44) -> 0
B45: 4 | C45: HL-BPI | D45: Nos | E45: 6 | F45: =Q45 -> 0 | G45: 6 | H45: =F45/E45 -> 0 | I45: =J49+1 -> 45763 | J45: =I45+2 -> 45765 | K45: =J45-I45 -> 2 | L45: =M44+1 -> 45744 | M45: =L45 -> 45744 | N45: =M45-L45 -> 0 | Q45: =SUM(R45:GQ45) -> 0
B46: 5 | C46: CT | D46: Nos | E46: 12 | F46: =Q46 -> 0 | G46: 12 | H46: =F46/E46 -> 0 | I46: =J42+1 -> 45748 | J46: =I46+10 -> 45758 | K46: =J46-I46 -> 10 | L46: =M45+1 -> 45745 | M46: =L46 -> 45745 | N46: =M46-L46 -> 0 | Q46: =SUM(R46:GQ46) -> 0
B47: 6 | C47: CB | D47: Set | E47: 4 | F47: =Q47 -> 0 | G47: 4 | H47: =F47/E47 -> 0 | I47: =J46+1 -> 45759 | J47: =I47+5 -> 45764 | K47: =J47-I47 -> 5 | L47: =M46+1 -> 45746 | M47: =L47 -> 45746 | N47: =M47-L47 -> 0 | Q47: =SUM(R47:GQ47) -> 0
B48: 7 | C48: BPI | D48: Nos | E48: 17 | F48: =Q48 -> 0 | G48: 17 | H48: =F48/E48 -> 0 | I48: =J47+1 -> 45765 | J48: =I48+5 -> 45770 | K48: =J48-I48 -> 5 | L48: =M47+1 -> 45747 | M48: =L48 -> 45747 | N48: =M48-L48 -> 0 | Q48: =SUM(R48:GQ48) -> 0
B49: 8 | C49: CVT | D49: Nos | E49: 9 | F49: =Q49 -> 0 | G49: 9 | H49: =F49/E49 -> 0 | I49: =I47 -> 45759 | J49: =I49+3 -> 45762 | K49: =J49-I49 -> 3 | L49: =M48+1 -> 45748 | M49: =L49 -> 45748 | N49: =M49-L49 -> 0 | Q49: =SUM(R49:GQ49) -> 0
B50: 9 | C50: 3-Ph HDB Motorized Isolator with Single motorized ES ( 3-PH) | D50: Set | E50: 5 | F50: =Q50 -> 0 | G50: 5 | H50: =F50/E50 -> 0 | I50: =J49+1 -> 45763 | J50: =I50+4 -> 45767 | K50: =J50-I50 -> 4 | L50: =M49+1 -> 45749 | M50: =L50 -> 45749 | N50: =M50-L50 -> 0
B51: 10 | C51: 3-Ph HDB Motorized Isolator with Double motorized ES (3-Ph) | D51: Set | E51: 5 | F51: =Q51 -> 0 | G51: 5 | H51: =F51/E51 -> 0 | I51: =J50+1 -> 45768 | J51: =I51+4 -> 45772 | K51: =J51-I51 -> 4 | L51: =M50+1 -> 45750 | M51: =L51 -> 45750 | N51: =M51-L51 -> 0
B52: 11 | C52: 3-Ph HDB motorized tandem Isolator | D52: Set | E52: 3 | F52: =Q52 -> 0 | G52: 3 | H52: =F52/E52 -> 0 | I52: =J51+1 -> 45773 | J52: =I52+2 -> 45775 | K52: =J52-I52 -> 2 | L52: =M51+1 -> 45751 | M52: =L52 -> 45751 | N52: =M52-L52 -> 0 | Q52: =SUM(R52:GQ52) -> 0
B53: 12 | C53: MCT | D53: NOs | E53: 3 | F53: =Q53 -> 0 | G53: 3 | H53: =F53/E53 -> 0 | I53: =J52+1 -> 45776 | J53: =I53+2 -> 45778 | K53: =J53-I53 -> 2 | L53: =M52+1 -> 45752 | M53: =L53 -> 45752 | N53: =M53-L53 -> 0
B54: 13 | C54: MCVT | D54: NOs | E54: 3 | F54: =Q54 -> 0 | G54: 3 | H54: =F54/E54 -> 0 | I54: =J53+1 -> 45779 | J54: =I54+1 -> 45780 | K54: =J54-I54 -> 1 | L54: =M53+1 -> 45753 | M54: =L54 -> 45753 | N54: =M54-L54 -> 0
B55: 14 | C55: Wave Trap | D55: Nos | E55: 2 | F55: =Q55 -> 0 | G55: 2 | H55: =F55/E55 -> 0 | I55: =I43 -> 45759 | J55: =I55+3 -> 45762 | K55: =J55-I55 -> 3 | L55: =M54+1 -> 45754 | M55: =L55 -> 45754 | N55: =M55-L55 -> 0 | Q55: =SUM(R55:GQ55) -> 0
B56: 15 | C56: LA | D56: Nos | E56: 3 | F56: =Q56 -> 0 | G56: 3 | H56: =F56/E56 -> 0 | I56: =I45 -> 45763 | J56: =I56+3 -> 45766 | K56: =J56-I56 -> 3 | L56: =M55 -> 45754 | M56: =L56 -> 45754 | N56: =M56-L56 -> 0 | Q56: =SUM(R56:GQ56) -> 0
B57: 16 | C57: NIFPS Panel, piping with Support structure | D57: Lot | E57: 2 | F57: =Q57 -> 0 | G57: 2 | H57: =F57/E57 -> 0 | I57: =J56+1 -> 45767 | J57: =I57+3 -> 45770 | K57: =J57-I57 -> 3 | L57: 45751 | M57: =L57 -> 45751 | N57: =M57-L57 -> 0 | Q57: =SUM(R57:GQ57) -> 0
B58: 17 | C58: Clamp & Connector | D58: Lot | E58: 1 | F58: =Q58 -> 0 | G58: 1 | H58: =F58/E58 -> 0 | I58: =J57+1 -> 45771 | J58: =I58+5 -> 45776 | K58: =J58-I58 -> 5 | L58: =L56 -> 45754 | M58: =L58 -> 45754 | N58: =M58-L58 -> 0 | Q58: =SUM(R58:GQ58) -> 0
B59: 18 | C59: Spacers fixing | D59: Lot | E59: 1 | F59: =Q59 -> 0 | G59: 1 | H59: =F59/E59 -> 0 | I59: =I58+3 -> 45774 | J59: =I59+5 -> 45779 | K59: =J59-I59 -> 5 | L59: =L58 -> 45754 | M59: =L59 -> 45754 | N59: =M59-L59 -> 0
C60: Equipment Errection | E60: =SUM(E61:E81) -> 97 | F60: =SUM(F61:F81) -> 0 | G60: =E60-F60 -> 97 | H60: =F60/E60 -> 0 | I60: =MIN(I61:I81) -> 45672 | J60: =MAX(J61:J81) -> 45808 | K60: =J60-I60 -> 136 | L60: =MIN(L61:L81) -> 45726 | M60: =MAX(M61:M81) -> 45773 | N60: =M60-L60 -> 47
B61: 1 | C61: Power Transformer | D61: Nos | E61: 2 | F61: =Q61 -> 0 | G61: =E61-F61 -> 2 | H61: =F61/E61 -> 0 | I61: 45672 | J61: =I61+15 -> 45687 | K61: =J61-I61 -> 15 | L61: 45726 | M61: 45728 | N61: =M61-L61 -> 2 | Q61: =SUM(R61:GQ61) -> 0
B62: 2 | C62: HLA along with Accessories | D62: Nos | E62: 6 | F62: =Q62 -> 0 | G62: =E62-F62 -> 6 | H62: =F62/E62 -> 0 | I62: =J44 -> 45766 | J62: =I62+10 -> 45776 | K62: =J62-I62 -> 10 | L62: 45748 | M62: =L62+1 -> 45749 | N62: =M62-L62 -> 1 | Q62: =SUM(R62:GQ62) -> 0
B63: 3 | C63: HL-BPI | D63: Nos | E63: 6 | F63: =Q63 -> 0 | G63: =E63-F63 -> 6 | H63: =F63/E63 -> 0 | I63: =J45 -> 45765 | J63: =I63+4 -> 45769 | K63: =J63-I63 -> 4 | L63: =M62 -> 45749 | M63: =L63+1 -> 45750 | N63: =M63-L63 -> 1 | Q63: =SUM(R63:GQ63) -> 0
B64: 4 | C64: CT | D64: Nos | E64: 12 | F64: =Q64 -> 0 | G64: =E64-F64 -> 12 | H64: =F64/E64 -> 0 | I64: =J46 -> 45758 | J64: =I64+10 -> 45768 | K64: =J64-I64 -> 10 | L64: =M63 -> 45750 | M64: =L64+2 -> 45752 | N64: =M64-L64 -> 2 | Q64: =SUM(R64:GQ64) -> 0
B65: 5 | C65: CB (3-PH) | D65: Set | E65: 4 | F65: =Q65 -> 0 | G65: =E65-F65 -> 4 | H65: =F65/E65 -> 0 | I65: =J47 -> 45764 | J65: =I65+8 -> 45772 | K65: =J65-I65 -> 8 | L65: =M64 -> 45752 | M65: =L65+1 -> 45753 | N65: =M65-L65 -> 1 | Q65: =SUM(R65:GQ65) -> 0
B66: 6 | C66: BPI | D66: Nos | E66: 17 | F66: =Q66 -> 0 | G66: =E66-F66 -> 17 | H66: =F66/E66 -> 0 | I66: =J65+1 -> 45773 | J66: =I66+15 -> 45788 | K66: =J66-I66 -> 15 | L66: =M65 -> 45753 | M66: =L66+2 -> 45755 | N66: =M66-L66 -> 2 | Q66: =SUM(R66:GQ66) -> 0
B67: 7 | C67: CVT | D67: Nos | E67: 9 | F67: =Q67 -> 0 | G67: =E67-F67 -> 9 | H67: =F67/E67 -> 0 | I67: =J49 -> 45762 | J67: =I67+8 -> 45770 | K67: =J67-I67 -> 8 | L67: =M66 -> 45755 | M67: =L67+1 -> 45756 | N67: =M67-L67 -> 1 | Q67: =SUM(R67:GQ67) -> 0
B68: 8 | C68: 3-Ph HDB Motorized Isolator with Single motorized ES ( 3-PH) | D68: Set | E68: 5 | F68: =Q68 -> 0 | G68: =E68-F68 -> 5 | H68: =F68/E68 -> 0 | I68: =J50 -> 45767 | J68: =I68+15 -> 45782 | K68: =J68-I68 -> 15 | L68: =M67 -> 45756 | M68: =L68+2 -> 45758 | N68: =M68-L68 -> 2 | Q68: =SUM(R68:GQ68) -> 0
B69: 9 | C69: 3-Ph HDB Motorized Isolator with Double motorized ES (3-Ph) | D69: Set | E69: 5 | F69: =Q69 -> 0 | G69: =E69-F69 -> 5 | H69: =F69/E69 -> 0 | I69: =I68+3 -> 45770 | J69: =I69+15 -> 45785 | K69: =J69-I69 -> 15 | L69: =M68 -> 45758 | M69: =L69+3 -> 45761 | N69: =M69-L69 -> 3 | Q69: =SUM(R69:GQ69) -> 0
B70: 10 | C70: 3-Ph HDB motorized tandem Isolator | D70: Set | E70: 3 | F70: =Q70 -> 0 | G70: =E70-F70 -> 3 | H70: =F70/E70 -> 0 | I70: =I69+1 -> 45771 | J70: =I70+10 -> 45781 | K70: =J70-I70 -> 10 | L70: =M69 -> 45761 | M70: =L70+2 -> 45763 | N70: =M70-L70 -> 2 | Q70: =SUM(R70:GQ70) -> 0
B71: 11 | C71: MCT | D71: Nos | E71: 3 | F71: =Q71 -> 0 | G71: 2 | H71: =F71/E71 -> 0 | I71: =J53 -> 45778 | J71: =I71+2 -> 45780 | K71: =J71-I71 -> 2 | L71: =M70 -> 45763 | M71: =L71+1 -> 45764 | N71: =M71-L71 -> 1 | Q71: =SUM(R71:GQ71) -> 0
B72: 12 | C72: MCVT | D72: Nos | E72: 3 | F72: =Q72 -> 0 | G72: =E72-F72 -> 3 | H72: =F72/E72 -> 0 | I72: =J71+1 -> 45781 | J72: =I72+4 -> 45785 | K72: =J72-I72 -> 4 | L72: =M71 -> 45764 | M72: =L72+1 -> 45765 | N72: =M72-L72 -> 1 | Q72: =SUM(R72:GQ72) -> 0
B73: 13 | C73: Wave Trap | D73: Nos | E73: 2 | F73: =Q73 -> 0 | G73: =E73-F73 -> 2 | H73: =F73/E73 -> 0 | I73: =J55+1 -> 45763 | J73: =I73+4 -> 45767 | K73: =J73-I73 -> 4 | L73: =M72 -> 45765 | M73: =L73+1 -> 45766 | N73: =M73-L73 -> 1 | Q73: =SUM(R73:GQ73) -> 0
B74: 14 | C74: LA | D74: Nos | E74: 3 | F74: =Q74 -> 0 | G74: =E74-F74 -> 3 | H74: =F74/E74 -> 0 | I74: =J56+5 -> 45771 | J74: =I74+4 -> 45775 | K74: =J74-I74 -> 4 | L74: =M73 -> 45766 | M74: =L74+2 -> 45768 | N74: =M74-L74 -> 2 | Q74: =SUM(R74:GQ74) -> 0
B75: 15 | C75: Aux Traffo | D75: Nos | E75: 2 | F75: =Q75 -> 0 | G75: =E75-F75 -> 2 | H75: =F75/E75 -> 0 | I75: 45718 | J75: =I75+2 -> 45720 | K75: =J75-I75 -> 2 | L75: 45757 | M75: 45762 | N75: =M75-L75 -> 5 | Q75: =SUM(R75:GQ75) -> 0
B76: 16 | C76: BMK | D76: Nos | E76: 4 | F76: =Q76 -> 0 | G76: =E76-F76 -> 4 | H76: =F76/E76 -> 0 | I76: =J74+2 -> 45777 | J76: =I76+4 -> 45781 | K76: =J76-I76 -> 4 | L76: 45767 | M76: 45773 | N76: =M76-L76 -> 6 | Q76: =SUM(R76:GQ76) -> 0
B77: 17 | C77: CT JB | D77: Nos | E77: 4 | F77: =Q77 -> 0 | G77: =E77-F77 -> 4 | H77: =F77/E77 -> 0 | I77: =J76+2 -> 45783 | J77: =I77+2 -> 45785 | K77: =J77-I77 -> 2 | L77: 45767 | M77: 45773 | N77: =M77-L77 -> 6 | Q77: =SUM(R77:GQ77) -> 0
B78: 18 | C78: CVT JB | D78: Nos | E78: 3 | F78: =Q78 -> 0 | G78: =E78-F78 -> 3 | H78: =F78/E78 -> 0 | I78: =J77+1 -> 45786 | J78: =I78+2 -> 45788 | K78: =J78-I78 -> 2 | L78: 45767 | M78: 45773 | N78: =M78-L78 -> 6 | Q78: =SUM(R78:GQ78) -> 0
B79: 20 | C79: Capacitor Bank ( SVG) | D79: Lot | E79: 2 | F79: =Q79 -> 0 | G79: =E79-F79 -> 2 | H79: =F79/E79 -> 0 | I79: =J78+0 -> 45788 | J79: =I79+8 -> 45796 | K79: =J79-I79 -> 8 | L79: 45767 | M79: 45773 | N79: =M79-L79 -> 6 | Q79: =SUM(R79:GQ79) -> 0
B80: 21 | C80: Metering Cubical | D80: Nos | E80: 1 | F80: =Q80 -> 0 | G80: =E80-F80 -> 1 | H80: =F80/E80 -> 0 | I80: =J79+8 -> 45804 | J80: =I80+4 -> 45808 | K80: =J80-I80 -> 4 | L80: 45767 | M80: 45773 | N80: =M80-L80 -> 6 | Q80: =SUM(R80:GQ80) -> 0
B81: 22 | C81: Yard illumination along with Accessories | D81: Lot | E81: 1 | F81: =Q81 -> 0 | G81: =E81-F81 -> 1 | H81: =F81/E81 -> 0 | I81: 45792 | J81: =I81+8 -> 45800 | K81: =J81-I81 -> 8 | L81: 45767 | M81: 45773 | N81: =M81-L81 -> 6 | Q81: =SUM(R81:GQ81) -> 0
C82: Stringing, IPS Tubing & Cable tray | E82: =AVERAGE(E83:E90) -> 1 | F82: =AVERAGE(F83:F90) -> 0 | G82: =E82-F82 -> 1 | H82: =F82/E82 -> 0 | I82: =MIN(I83:I90) -> 45689 | J82: =MAX(J83:J87) -> 45805 | K82: =J82-I82 -> 116 | L82: =MIN(L83:L90) -> 45774 | M82: =MAX(M83:M87) -> 45790 | N82: =M82-L82 -> 16 | Q82: =SUM(R82:GQ82) -> 0
B83: 1 | C83: Clamp & connector | D83: Lot | E83: 1 | F83: =Q83 -> 0 | G83: =E83-F83 -> 1 | H83: =F83/E83 -> 0 | I83: =J74 -> 45775 | J83: =I83+15 -> 45790 | K83: =J83-I83 -> 15 | L83: 45775 | M83: =L83+4 -> 45779 | N83: =M83-L83 -> 4 | Q83: =SUM(R83:GQ83) -> 0
B84: 2 | C84: 4" IPS Al Tube installation | D84: Lot | E84: 1 | F84: =Q84 -> 0 | G84: =E84-F84 -> 1 | H84: =F84/E84 -> 0 | I84: =J83+14 -> 45804 | J84: =I84+1 -> 45805 | K84: =J84-I84 -> 1 | L84: =M83+1 -> 45780 | M84: =L84+2 -> 45782 | N84: =M84-L84 -> 2 | Q84: =SUM(R84:GQ84) -> 0
B85: 3 | C85: TWIN AL-59 Moose conductor ( Jumper) | D85: Lot | E85: 1 | F85: =Q85 -> 0 | G85: =E85-F85 -> 1 | H85: =F85/E85 -> 0 | I85: =I83 -> 45775 | J85: =I85+5 -> 45780 | K85: =J85-I85 -> 5 | L85: =M84+1 -> 45783 | M85: =L85+2 -> 45785 | N85: =M85-L85 -> 2 | Q85: =SUM(R85:GQ85) -> 0
B86: 4 | C86: Spacers | D86: Lot | E86: 1 | F86: =Q86 -> 0 | G86: =E86-F86 -> 1 | H86: =F86/E86 -> 0 | I86: 45689 | J86: =I86+28 -> 45717 | K86: =J86-I86 -> 28 | L86: =M85+1 -> 45786 | M86: =L86+2 -> 45788 | N86: =M86-L86 -> 2 | Q86: =SUM(R86:GQ86) -> 0
B87: 5 | C87: Sheild wire Support Cleat with tower | D87: Lot | E87: 1 | F87: =Q87 -> 0 | G87: =E87-F87 -> 1 | H87: =F87/E87 -> 0 | I87: =J85+1 -> 45781 | J87: =I87+4 -> 45785 | K87: =J87-I87 -> 4 | L87: =M86+1 -> 45789 | M87: =L87+1 -> 45790 | N87: =M87-L87 -> 1 | Q87: =SUM(R87:GQ87) -> 0
B88: 6 | C88: HDPE Pipe laying in switchyard | D88: Lot | E88: 1 | F88: =Q88 -> 0 | G88: =E88-F88 -> 1 | H88: =F88/E88 -> 0 | I88: 45717 | J88: =I88+7 -> 45724 | K88: =J88-I88 -> 7 | L88: 45774 | M88: =L88+3 -> 45777 | N88: =M88-L88 -> 3 | Q88: =SUM(R88:GQ88) -> 0
B89: 7 | C89: Cable Tray installation with support in switchyard | D89: Lot | E89: 1 | F89: =Q89 -> 0 | G89: =E89-F89 -> 1 | H89: =F89/E89 -> 0 | I89: =J88+1 -> 45725 | J89: =I89+7 -> 45732 | K89: =J89-I89 -> 7 | L89: =M88+1 -> 45778 | M89: =L89+4 -> 45782 | N89: =M89-L89 -> 4 | Q89: =SUM(R89:GQ89) -> 0
B90: 8 | C90: Cable Tray installation with support in MCR | D90: Lot | E90: 1 | F90: =Q90 -> 0 | G90: =E90-F90 -> 1 | H90: =F90/E90 -> 0 | I90: 45717 | J90: =I90+5 -> 45722 | K90: =J90-I90 -> 5 | L90: =M89+1 -> 45783 | M90: =L90+4 -> 45787 | N90: =M90-L90 -> 4 | Q90: =SUM(R90:GQ90) -> 0
C91: SW cable laying & Termination | E91: =AVERAGE(E92:E97) -> 1 | F91: =AVERAGE(F92:F97) -> 0 | G91: =E91-F91 -> 1 | H91: =F91/E91 -> 0 | I91: =MIN(I92:I97) -> 45695 | J91: =MAX(J92:J97) -> 45799 | K91: =J91-I91 -> 104 | L91: =MIN(L92:L97) -> 45779 | M91: =MAX(M92:M97) -> 45794 | N91: =M91-L91 -> 15 | Q91: =SUM(R91:GQ91) -> 0
B92: 1 | C92: 33KV HT Cable laying ( Outgoing HT Switchgear to PTR) | D92: Lot | E92: 1 | F92: =Q92/1000 -> 0 | G92: =E92-F92 -> 1 | H92: =F92/E92 -> 0 | I92: =J61+8 -> 45695 | J92: =I92+10 -> 45705 | K92: =J92-I92 -> 10 | L92: 45779 | M92: =L92+4 -> 45783 | N92: 10 | Q92: =SUM(R92:GQ92) -> 0
B93: 2 | C93: LT Power cable Laying | D93: Lot | E93: 1 | F93: =Q93/1000 -> 0 | G93: =E93-F93 -> 1 | H93: =F93/E93 -> 0 | I93: =J92+8 -> 45713 | J93: =I93+15 -> 45728 | K93: =J93-I93 -> 15 | L93: 45781 | M93: =L93+4 -> 45785 | N93: 15 | Q93: =SUM(R93:GQ93) -> 0
B94: 3 | C94: Control cable laying | D94: Lot | E94: 1 | F94: =Q94/1000 -> 0 | G94: =E94-F94 -> 1 | H94: =F94/E94 -> 0 | I94: =J93+3 -> 45731 | J94: =I94+10 -> 45741 | K94: =J94-I94 -> 10 | L94: =L93+1 -> 45782 | M94: =L94+4 -> 45786 | N94: 10 | Q94: =SUM(R94:GQ94) -> 0
B95: 4 | C95: Communication cable laying | D95: Lot | E95: 1 | F95: =Q95/1000 -> 0 | G95: =E95-F95 -> 1 | H95: =F95/E95 -> 0 | I95: =J94+10 -> 45751 | J95: =I95+5 -> 45756 | K95: =J95-I95 -> 5 | L95: 45782 | M95: =L95+4 -> 45786 | N95: 5 | Q95: =SUM(R95:GQ95) -> 0
B96: 5 | C96: Glanding | D96: Lot | E96: 1 | F96: =Q96/1000 -> 0 | G96: =E96-F96 -> 1 | H96: =F96/E96 -> 0 | I96: 45776 | J96: =I96+5 -> 45781 | K96: =J96-I96 -> 5 | L96: =M95 -> 45786 | M96: =L96+4 -> 45790 | N96: 5 | Q96: =SUM(R96:GQ96) -> 0
B97: 6 | C97: Termination | D97: Lot | E97: 1 | F97: =Q97/1000 -> 0 | G97: =E97-F97 -> 1 | H97: =F97/E97 -> 0 | I97: =J96+8 -> 45789 | J97: =I97+10 -> 45799 | K97: =J97-I97 -> 10 | L97: =M96 -> 45790 | M97: =L97+4 -> 45794 | N97: 10 | Q97: =SUM(R97:GQ97) -> 0
C98: Earthing | E98: =AVERAGE(E99:E101) -> 52 | F98: =AVERAGE(F99:F101) -> 0 | G98: =E98-F98 -> 52 | H98: =F98/E98 -> 0 | I98: =MIN(I99:I101) -> 45718 | J98: =MAX(J99:J101) -> 45749 | K98: =J98-I98 -> 31 | L98: =MIN(L99:L101) -> 45757 | M98: =MAX(M99:M101) -> 45773 | N98: =M98-L98 -> 16 | Q98: =SUM(R98:GQ98) -> 0
B99: 1 | C99: Drilling | D99: Nos | E99: 52 | F99: =Q99 -> 0 | G99: =E99-F99 -> 52 | H99: =F99/E99 -> 0 | I99: 45718 | J99: =I99+25 -> 45743 | K99: =J99-I99 -> 25 | L99: 45757 | M99: =L99+8 -> 45765 | N99: =M99-L99 -> 8 | Q99: =SUM(R99:GQ99) -> 0
B100: 2 | C100: Rod installtion | D100: Nos | E100: 52 | F100: =Q100 -> 0 | G100: =E100-F100 -> 52 | H100: =F100/E100 -> 0 | I100: =I99+5 -> 45723 | J100: =I100+25 -> 45748 | K100: =J100-I100 -> 25 | L100: =L99+4 -> 45761 | M100: =L100+8 -> 45769 | N100: =M100-L100 -> 8 | Q100: =SUM(R100:GQ100) -> 0
B101: 3 | C101: Pit Connection | D101: Nos | E101: 52 | F101: =Q101 -> 0 | G101: =E101-F101 -> 52 | H101: =F101/E101 -> 0 | I101: =I100+1 -> 45724 | J101: =I101+25 -> 45749 | K101: =J101-I101 -> 25 | L101: =M100 -> 45769 | M101: =L101+4 -> 45773 | N101: =M101-L101 -> 4 | Q101: =SUM(R101:GQ101) -> 0
...

Sheet Cont Piling
A1: S.no. | B1: Contractor | C1: Activity | D1: Scope | E1: Progress | F1: 45807 | G1: =F1+1 -> 45808 | H1: =G1+1 -> 45809 | I1: =H1+1 -> 45810 | J1: =I1+1 -> 45811 | K1: =J1+1 -> 45812 | L1: =K1+1 -> 45813 | M1: =L1+1 -> 45814 | N1: =M1+1 -> 45815 | ... DM1: =DL1+1 -> 45918 | DN1: 45597 | DO1: 45598 | DP1: 45599 | DQ1: 45600 | DR1: 45601 | DS1: 45602 | DT1: 45603 | DU1: 45604 | DV1: 45605 | DW1: 45606 | DX1: 45607 | DY1: 45608 | DZ1: 45609 | EA1: 45610 | EB1: 45611 | EC1: 45612 | ED1: 45613 | EE1: 45614 | EF1: 45615 | EG1: 45616 | EH1: 45617 | EI1: 45618 | EJ1: 45619 | EK1: 45620 | EL1: 45621 | EM1: 45622 | EN1: 45623 | EO1: 45624 | EP1: 45625 | EQ1: 45626 | ER1: =EQ1+1 -> 45627 | ES1: =ER1+1 -> 45628 | ET1: =ES1+1 -> 45629 | EU1: =ET1+1 -> 45630 | EV1: =EU1+1 -> 45631 | EW1: =EV1+1 -> 45632 | EX1: =EW1+1 -> 45633 | EY1: =EX1+1 -> 45634 | ... JH1: =JG1+1 -> 45747
A2: A) | C2: Marking | E2: =SUM(F2:HE2) -> 4050 | F2: 80 | G2: 260 | H2: 0 | I2: 0 | J2: 0 | K2: 0 | L2: 0 | M2: 0 | N2: 0 | O2: 0 | P2: 0 | Q2: 0 | R2: 0 | S2: 0 | T2: 0 | U2: 0 | V2: 0 | W2: 0 | X2: 150 | Y2: 220 | Z2: 0 | AA2: 0 | AB2: 0 | AC2: 0 | AD2: 120 | AE2: 90 | AF2: 70 | AG2: 120 | AH2: 0 | AI2: 220 | AJ2: 0 | AK2: 0 | AL2: 250 | AM2: 0 | AN2: 200 | AO2: 90 | AP2: 200 | AQ2: 180 | AR2: 80 | AS2: 260 | AT2: 220 | AU2: 0 | AV2: 0 | AW2: 0 | AX2: 0 | AY2: 220 | AZ2: 0 | BA2: 200 | BB2: 220 | BC2: 100 | BD2: 0 | BE2: 200 | BF2: 200 | BG2: 100 | BH2: 0 | BI2: 0 | BJ2: 0 | BK2: 0 | BL2: 0 | BM2: 0 | BN2: 0 | BO2: 0 | BP2: 0 | BQ2: 0 | BR2: 0 | BS2: 0 | BT2: 0 | BU2: 0 | BV2: 0 | BW2: 0 | BX2: 0 | BY2: 0 | BZ2: 0 | CA2: 0 | CB2: 0 | CC2: 0 | CD2: 0 | CE2: 0 | CF2: 0 | CG2: 0 | CH2: 0 | CI2: 0 | CJ2: 0 | CK2: 0 | CL2: 0 | CM2: 0 | CN2: 0 | CO2: 0 | CP2: 0
C3: Auguring | E3: =SUM(F3:HE3) -> 0 | F3: 0 | G3: 0 | H3: 0 | I3: 0 | J3: 0 | K3: 0 | L3: 0 | M3: 0 | N3: 0 | O3: 0 | P3: 0 | Q3: 0 | R3: 0 | S3: 0 | T3: 0 | U3: 0 | V3: 0 | W3: 0 | X3: 0 | Y3: 0 | Z3: 0 | AA3: 0 | AB3: 0 | AC3: 0 | AD3: 0 | AE3: 0 | AF3: 0 | AG3: 0 | AH3: 0 | AI3: 0 | AJ3: 0 | AK3: 0 | AL3: 0 | AM3: 0 | AN3: 0 | AO3: 0 | AP3: 0 | AQ3: 0 | AR3: 0 | AS3: 0 | AT3: 0 | AU3: 0 | AV3: 0 | AW3: 0 | AX3: 0 | AY3: 0 | AZ3: 0 | BA3: 0 | BB3: 0 | BC3: 0 | BD3: 0 | BE3: 0 | BF3: 0 | BG3: 0 | BH3: 0 | BI3: 0 | BJ3: 0 | BK3: 0 | BL3: 0 | BM3: 0 | BN3: 0 | BO3: 0 | BP3: 0 | BQ3: 0 | BR3: 0 | BS3: 0 | BT3: 0 | BU3: 0 | BV3: 0 | BW3: 0 | BX3: 0 | BY3: 0 | BZ3: 0 | CA3: 0 | CB3: 0 | CC3: 0 | CD3: 0 | CE3: 0 | CF3: 0 | CG3: 0 | CH3: 0 | CI3: 0 | CJ3: 0 | CK3: 0 | CL3: 0 | CM3: 0 | CN3: 0 | CO3: 0 | CP3: 0
C4: DTH | E4: =SUM(F4:HE4) -> 4011 | F4: 60 | G4: 60 | H4: 0 | I4: 0 | J4: 0 | K4: 0 | L4: 30 | M4: 30 | N4: 0 | O4: 0 | P4: 0 | Q4: 0 | R4: 60 | S4: 0 | T4: 0 | U4: 0 | V4: 109 | W4: 0 | X4: 53 | Y4: 70 | Z4: 50 | AA4: 90 | AB4: 80 | AC4: 0 | AD4: 120 | AE4: 105 | AF4: 70 | AG4: 110 | AH4: 0 | AI4: 120 | AJ4: 0 | AK4: 60 | AL4: 90 | AM4: 200 | AN4: 110 | AO4: 124 | AP4: 150 | AQ4: 120 | AR4: 130 | AS4: 150 | AT4: 150 | AU4: 140 | AV4: 0 | AW4: 0 | AX4: 0 | AY4: 210 | AZ4: 0 | BA4: 190 | BB4: 250 | BC4: 0 | BD4: 250 | BE4: 100 | BF4: 100 | BG4: 100 | BH4: 100 | BI4: 70 | BJ4: 0 | BK4: 0 | BL4: 0 | BM4: 0 | BN4: 0 | BO4: 0 | BP4: 0 | BQ4: 0 | BR4: 0 | BS4: 0 | BT4: 0 | BU4: 0 | BV4: 0 | BW4: 0 | BX4: 0 | BY4: 0 | BZ4: 0 | CA4: 0 | CB4: 0 | CC4: 0 | CD4: 0 | CE4: 0 | CF4: 0 | CG4: 0 | CH4: 0 | CI4: 0 | CJ4: 0 | CK4: 0 | CL4: 0 | CM4: 0 | CN4: 0 | CO4: 0 | CP4: 0
C5: Casting | E5: =SUM(F5:HE5) -> 3983 | F5: 18 | G5: 82 | H5: 0 | I5: 0 | J5: 0 | K5: 0 | L5: 0 | M5: 0 | N5: 0 | O5: 0 | P5: 0 | Q5: 51 | R5: 29 | S5: 0 | T5: 0 | U5: 31 | V5: 102 | W5: 0 | X5: 112 | Y5: 48 | Z5: 27 | AA5: 103 | AB5: 26 | AC5: 0 | AD5: 108 | AE5: 130 | AF5: 60 | AG5: 79 | AH5: 74 | AI5: 24 | AJ5: 80 | AK5: 53 | AL5: 85 | AM5: 124 | AN5: 151 | AO5: 157 | AP5: 188 | AQ5: 62 | AR5: 124 | AS5: 126 | AT5: 123 | AU5: 149 | AV5: 0 | AW5: 0 | AX5: 81 | AY5: 120 | AZ5: 0 | BA5: 216 | BB5: 224 | BC5: 31 | BD5: 61 | BE5: 129 | BF5: 91 | BG5: 25 | BH5: 64 | BI5: 65 | BJ5: 58 | BK5: 66 | BL5: 93 | BM5: 65 | BN5: 0 | BO5: 0 | BP5: 0 | BQ5: 0 | BR5: 0 | BS5: 0 | BT5: 0 | BU5: 0 | BV5: 0 | BW5: 0 | BX5: 0 | BY5: 0 | BZ5: 0 | CA5: 0 | CB5: 0 | CC5: 0 | CD5: 0 | CE5: 0 | CF5: 0 | CG5: 0 | CH5: 0 | CI5: 29 | CJ5: 39 | CK5: 0 | CL5: 0 | CM5: 0 | CN5: 0 | CO5: 0 | CP5: 0
A6: B) | C6: Marking | E6: =SUM(F6:HE6) -> 5886 | F6: 0 | G6: 0 | H6: 0 | I6: 0 | J6: 0 | K6: 0 | L6: 360 | M6: 0 | N6: 0 | O6: 0 | P6: 0 | Q6: 0 | R6: 232 | S6: 0 | T6: 0 | U6: 0 | V6: 30 | W6: 0 | X6: 28 | Y6: 60 | Z6: 110 | AA6: 0 | AB6: 190 | AC6: 0 | AD6: 76 | AE6: 0 | AF6: 230 | AG6: 0 | AH6: 0 | AI6: 210 | AJ6: 250 | AK6: 100 | AL6: 0 | AM6: 0 | AN6: 0 | AO6: 150 | AP6: 200 | AQ6: 210 | AR6: 130 | AS6: 240 | AT6: 220 | AU6: 250 | AV6: 200 | AW6: 180 | AX6: 240 | AY6: 0 | AZ6: 0 | BA6: 90 | BB6: 190 | BC6: 200 | BD6: 210 | BE6: 100 | BF6: 100 | BG6: 0 | BH6: 0 | BI6: 0 | BJ6: 0 | BK6: 0 | BL6: 0 | BM6: 0 | BN6: 0 | BO6: 0 | BP6: 0 | BQ6: 0 | BR6: 0 | BS6: 200 | BT6: 0 | BU6: 450 | BV6: 0 | BW6: 0 | BX6: 0 | BY6: 0 | BZ6: 0 | CA6: 0 | CB6: 0 | CC6: 0 | CD6: 0 | CE6: 0 | CF6: 0 | CG6: 0 | CH6: 0 | CI6: 0 | CJ6: 200 | CK6: 0 | CL6: 0 | CM6: 250 | CN6: 0 | CO6: 0 | CP6: 0
C7: Auguring | E7: =SUM(F7:HE7) -> 538 | F7: 0 | G7: 0 | H7: 0 | I7: 0 | J7: 0 | K7: 0 | L7: 0 | M7: 0 | N7: 0 | O7: 0 | P7: 0 | Q7: 0 | R7: 0 | S7: 0 | T7: 0 | U7: 0 | V7: 0 | W7: 0 | X7: 0 | Y7: 0 | Z7: 0 | AA7: 0 | AB7: 0 | AC7: 0 | AD7: 0 | AE7: 0 | AF7: 0 | AG7: 0 | AH7: 0 | AI7: 0 | AJ7: 0 | AK7: 0 | AL7: 0 | AM7: 0 | AN7: 0 | AO7: 0 | AP7: 0 | AQ7: 0 | AR7: 0 | AS7: 0 | AT7: 0 | AU7: 0 | AV7: 0 | AW7: 0 | AX7: 0 | AY7: 0 | AZ7: 0 | BA7: 0 | BB7: 0 | BC7: 0 | BD7: 100 | BE7: 0 | BF7: 0 | BG7: 0 | BH7: 0 | BI7: 0 | BJ7: 0 | BK7: 0 | BL7: 0 | BM7: 0 | BN7: 0 | BO7: 0 | BP7: 0 | BQ7: 0 | BR7: 0 | BS7: 0 | BT7: 0 | BU7: 80 | BV7: 125 | BW7: 101 | BX7: 40 | BY7: 0 | BZ7: 0 | CA7: 0 | CB7: 0 | CC7: 0 | CD7: 0 | CE7: 0 | CF7: 0 | CG7: 0 | CH7: 0 | CI7: 0 | CJ7: 0 | CK7: 0 | CL7: 0 | CM7: 0 | CN7: 0 | CO7: 55 | CP7: 37
C8: DTH | E8: =SUM(F8:HE8) -> 5187 | F8: 0 | G8: 0 | H8: 0 | I8: 0 | J8: 0 | K8: 0 | L8: 160 | M8: 40 | N8: 0 | O8: 0 | P8: 101 | Q8: 134 | R8: 65 | S8: 0 | T8: 0 | U8: 70 | V8: 31 | W8: 0 | X8: 60 | Y8: 40 | Z8: 0 | AA8: 65 | AB8: 90 | AC8: 120 | AD8: 110 | AE8: 0 | AF8: 120 | AG8: 0 | AH8: 90 | AI8: 210 | AJ8: 190 | AK8: 100 | AL8: 0 | AM8: 0 | AN8: 0 | AO8: 204 | AP8: 180 | AQ8: 190 | AR8: 150 | AS8: 220 | AT8: 260 | AU8: 180 | AV8: 120 | AW8: 140 | AX8: 210 | AY8: 0 | AZ8: 0 | BA8: 200 | BB8: 160 | BC8: 230 | BD8: 160 | BE8: 150 | BF8: 150 | BG8: 0 | BH8: 0 | BI8: 0 | BJ8: 0 | BK8: 0 | BL8: 0 | BM8: 0 | BN8: 0 | BO8: 0 | BP8: 0 | BQ8: 0 | BR8: 0 | BS8: 27 | BT8: 120 | BU8: 0 | BV8: 20 | BW8: 0 | BX8: 20 | BY8: 20 | BZ8: 0 | CA8: 0 | CB8: 0 | CC8: 0 | CD8: 0 | CE8: 0 | CF8: 0 | CG8: 0 | CH8: 0 | CI8: 0 | CJ8: 0 | CK8: 0 | CL8: 280 | CM8: 0 | CN8: 0 | CO8: 0 | CP8: 0
C9: Casting | E9: =SUM(F9:HE9) -> 5615 | F9: 0 | G9: 0 | H9: 0 | I9: 0 | J9: 0 | K9: 0 | L9: 40 | M9: 46 | N9: 0 | O9: 78 | P9: 77 | Q9: 143 | R9: 93 | S9: 0 | T9: 0 | U9: 31 | V9: 61 | W9: 0 | X9: 29 | Y9: 57 | Z9: 25 | AA9: 86 | AB9: 80 | AC9: 60 | AD9: 110 | AE9: 25 | AF9: 30 | AG9: 71 | AH9: 118 | AI9: 202 | AJ9: 141 | AK9: 123 | AL9: 0 | AM9: 0 | AN9: 27 | AO9: 145 | AP9: 150 | AQ9: 190 | AR9: 191 | AS9: 181 | AT9: 208 | AU9: 243 | AV9: 186 | AW9: 125 | AX9: 95 | AY9: 145 | AZ9: 0 | BA9: 189 | BB9: 180 | BC9: 210 | BD9: 208 | BE9: 119 | BF9: 125 | BG9: 20 | BH9: 40 | BI9: 0 | BJ9: 0 | BK9: 0 | BL9: 0 | BM9: 0 | BN9: 0 | BO9: 0 | BP9: 0 | BQ9: 0 | BR9: 0 | BS9: 24 | BT9: 0 | BU9: 106 | BV9: 90 | BW9: 114 | BX9: 90 | BY9: 142 | BZ9: 0 | CA9: 0 | CB9: 0 | CC9: 0 | CD9: 0 | CE9: 0 | CF9: 0 | CG9: 0 | CH9: 0 | CI9: 0 | CJ9: 0 | CK9: 0 | CL9: 0 | CM9: 85 | CN9: 81 | CO9: 90 | CP9: 90
A10: C) | C10: Marking | E10: =SUM(F10:HE10) -> 6845 | F10: 0 | G10: 0 | H10: 0 | I10: 0 | J10: 0 | K10: 0 | L10: 80 | M10: 100 | N10: 0 | O10: 0 | P10: 0 | Q10: 0 | R10: 220 | S10: 0 | T10: 0 | U10: 220 | V10: 75 | W10: 0 | X10: 0 | Y10: 80 | Z10: 0 | AA10: 0 | AB10: 0 | AC10: 0 | AD10: 220 | AE10: 140 | AF10: 120 | AG10: 0 | AH10: 300 | AI10: 0 | AJ10: 250 | AK10: 220 | AL10: 290 | AM10: 300 | AN10: 300 | AO10: 300 | AP10: 110 | AQ10: 140 | AR10: 160 | AS10: 220 | AT10: 259 | AU10: 110 | AV10: 110 | AW10: 120 | AX10: 160 | AY10: 0 | AZ10: 0 | BA10: 200 | BB10: 100 | BC10: 100 | BD10: 206 | BE10: 110 | BF10: 100 | BG10: 0 | BH10: 0 | BI10: 0 | BJ10: 0 | BK10: 0 | BL10: 0 | BM10: 0 | BN10: 0 | BO10: 0 | BP10: 0 | BQ10: 0 | BR10: 0 | BS10: 250 | BT10: 0 | BU10: 0 | BV10: 440 | BW10: 0 | BX10: 0 | BY10: 0 | BZ10: 0 | CA10: 0 | CB10: 0 | CC10: 400 | CD10: 0 | CE10: 0 | CF10: 100 | CG10: 35 | CH10: 40 | CI10: 40 | CJ10: 0 | CK10: 0 | CL10: 0 | CM10: 0 | CN10: 0 | CO10: 120 | CP10: 0
C11: Auguring | E11: =SUM(F11:HE11) -> 763 | F11: 0 | G11: 0 | H11: 0 | I11: 0 | J11: 0 | K11: 0 | L11: 0 | M11: 0 | N11: 0 | O11: 0 | P11: 0 | Q11: 0 | R11: 0 | S11: 0 | T11: 0 | U11: 0 | V11: 0 | W11: 0 | X11: 0 | Y11: 0 | Z11: 29 | AA11: 0 | AB11: 0 | AC11: 57 | AD11: 0 | AE11: 0 | AF11: 0 | AG11: 0 | AH11: 0 | AI11: 0 | AJ11: 0 | AK11: 0 | AL11: 0 | AM11: 0 | AN11: 0 | AO11: 0 | AP11: 0 | AQ11: 0 | AR11: 0 | AS11: 0 | AT11: 0 | AU11: 0 | AV11: 0 | AW11: 0 | AX11: 0 | AY11: 0 | AZ11: 0 | BA11: 0 | BB11: 0 | BC11: 0 | BD11: 0 | BE11: 0 | BF11: 0 | BG11: 0 | BH11: 0 | BI11: 40 | BJ11: 0 | BK11: 0 | BL11: 0 | BM11: 0 | BN11: 0 | BO11: 0 | BP11: 0 | BQ11: 0 | BR11: 0 | BS11: 127 | BT11: 0 | BU11: 0 | BV11: 130 | BW11: 100 | BX11: 60 | BY11: 0 | BZ11: 0 | CA11: 0 | CB11: 0 | CC11: 0 | CD11: 0 | CE11: 0 | CF11: 70 | CG11: 0 | CH11: 20 | CI11: 20 | CJ11: 0 | CK11: 0 | CL11: 0 | CM11: 0 | CN11: 0 | CO11: 110 | CP11: 0
C12: DTH | E12: =SUM(F12:HE12) -> 5698 | F12: 0 | G12: 0 | H12: 0 | I12: 0 | J12: 0 | K12: 0 | L12: 60 | M12: 80 | N12: 0 | O12: 20 | P12: 55 | Q12: 45 | R12: 70 | S12: 0 | T12: 0 | U12: 60 | V12: 40 | W12: 0 | X12: 20 | Y12: 50 | Z12: 0 | AA12: 45 | AB12: 70 | AC12: 0 | AD12: 120 | AE12: 216 | AF12: 120 | AG12: 90 | AH12: 180 | AI12: 160 | AJ12: 190 | AK12: 210 | AL12: 250 | AM12: 250 | AN12: 250 | AO12: 249 | AP12: 260 | AQ12: 0 | AR12: 200 | AS12: 160 | AT12: 260 | AU12: 190 | AV12: 100 | AW12: 130 | AX12: 180 | AY12: 200 | AZ12: 0 | BA12: 0 | BB12: 120 | BC12: 150 | BD12: 180 | BE12: 80 | BF12: 80 | BG12: 25 | BH12: 25 | BI12: 28 | BJ12: 0 | BK12: 0 | BL12: 0 | BM12: 0 | BN12: 0 | BO12: 0 | BP12: 0 | BQ12: 0 | BR12: 0 | BS12: 0 | BT12: 0 | BU12: 0 | BV12: 0 | BW12: 0 | BX12: 0 | BY12: 180 | BZ12: 100 | CA12: 100 | CB12: 0 | CC12: 0 | CD12: 0 | CE12: 50 | CF12: 0 | CG12: 0 | CH12: 0 | CI12: 0 | CJ12: 0 | CK12: 0 | CL12: 0 | CM12: 0 | CN12: 0 | CO12: 0 | CP12: 0
C13: Casting | E13: =SUM(F13:HE13) -> 6485 | F13: 0 | G13: 0 | H13: 0 | I13: 0 | J13: 0 | K13: 0 | L13: 28 | M13: 20 | N13: 0 | O13: 73 | P13: 46 | Q13: 52 | R13: 60 | S13: 0 | T13: 0 | U13: 31 | V13: 59 | W13: 0 | X13: 59 | Y13: 27 | Z13: 0 | AA13: 60 | AB13: 61 | AC13: 57 | AD13: 117 | AE13: 152 | AF13: 124 | AG13: 180 | AH13: 156 | AI13: 154 | AJ13: 186 | AK13: 213 | AL13: 248 | AM13: 214 | AN13: 250 | AO13: 308 | AP13: 235 | AQ13: 95 | AR13: 122 | AS13: 147 | AT13: 240 | AU13: 175 | AV13: 120 | AW13: 90 | AX13: 120 | AY13: 145 | AZ13: 0 | BA13: 120 | BB13: 166 | BC13: 125 | BD13: 166 | BE13: 53 | BF13: 35 | BG13: 28 | BH13: 116 | BI13: 91 | BJ13: 40 | BK13: 0 | BL13: 0 | BM13: 0 | BN13: 0 | BO13: 0 | BP13: 0 | BQ13: 0 | BR13: 0 | BS13: 0 | BT13: 90 | BU13: 89 | BV13: 86 | BW13: 87 | BX13: 60 | BY13: 90 | BZ13: 110 | CA13: 93 | CB13: 0 | CC13: 91 | CD13: 0 | CE13: 80 | CF13: 29 | CG13: 55 | CH13: 30 | CI13: 29 | CJ13: 0 | CK13: 0 | CL13: 0 | CM13: 30 | CN13: 0 | CO13: 60 | CP13: 12
A14: D) | C14: Marking | E14: =SUM(F14:HE14) -> 873 | AN14: 100 | AO14: 0 | AP14: 0 | AQ14: 0 | AR14: 230 | AS14: 0 | AT14: 0 | AU14: 0 | AV14: 0 | AW14: 200 | AX14: 270 | AY14: 0 | AZ14: 0 | BA14: 0 | BB14: 0 | BC14: 0 | BD14: 0 | BE14: 0 | BF14: 0 | BG14: 73 | BH14: 0 | BI14: 0 | BJ14: 0 | BK14: 0 | BL14: 0 | BM14: 0 | BN14: 0 | BO14: 0 | BP14: 0 | BQ14: 0 | BR14: 0 | BS14: 0 | BT14: 0 | BU14: 0 | BV14: 0 | BW14: 0 | BX14: 0 | BY14: 0 | BZ14: 0 | CA14: 0 | CB14: 0 | CC14: 0 | CD14: 0 | CE14: 0 | CF14: 0 | CG14: 0 | CH14: 0 | CI14: 0 | CJ14: 0 | CK14: 0 | CL14: 0 | CM14: 0 | CN14: 0 | CO14: 0 | CP14: 0
C15: Auguring | E15: =SUM(F15:HE15) -> 0 | AN15: 0 | AO15: 0 | AP15: 0 | AQ15: 0 | AR15: 0 | AS15: 0 | AT15: 0 | AU15: 0 | AV15: 0 | AW15: 0 | AX15: 0 | AY15: 0 | AZ15: 0 | BA15: 0 | BB15: 0 | BC15: 0 | BD15: 0 | BE15: 0 | BF15: 0 | BG15: 0 | BH15: 0 | BI15: 0 | BJ15: 0 | BK15: 0 | BL15: 0 | BM15: 0 | BN15: 0 | BO15: 0 | BP15: 0 | BQ15: 0 | BR15: 0 | BS15: 0 | BT15: 0 | BU15: 0 | BV15: 0 | BW15: 0 | BX15: 0 | BY15: 0 | BZ15: 0 | CA15: 0 | CB15: 0 | CC15: 0 | CD15: 0 | CE15: 0 | CF15: 0 | CG15: 0 | CH15: 0 | CI15: 0 | CJ15: 0 | CK15: 0 | CL15: 0 | CM15: 0 | CN15: 0 | CO15: 0 | CP15: 0
C16: DTH | E16: =SUM(F16:HE16) -> 943 | AN16: 50 | AO16: 40 | AP16: 50 | AQ16: 0 | AR16: 150 | AS16: 0 | AT16: 0 | AU16: 0 | AV16: 0 | AW16: 0 | AX16: 250 | AY16: 220 | AZ16: 0 | BA16: 0 | BB16: 0 | BC16: 0 | BD16: 33 | BE16: 70 | BF16: 70 | BG16: 10 | BH16: 0 | BI16: 0 | BJ16: 0 | BK16: 0 | BL16: 0 | BM16: 0 | BN16: 0 | BO16: 0 | BP16: 0 | BQ16: 0 | BR16: 0 | BS16: 0 | BT16: 0 | BU16: 0 | BV16: 0 | BW16: 0 | BX16: 0 | BY16: 0 | BZ16: 0 | CA16: 0 | CB16: 0 | CC16: 0 | CD16: 0 | CE16: 0 | CF16: 0 | CG16: 0 | CH16: 0 | CI16: 0 | CJ16: 0 | CK16: 0 | CL16: 0 | CM16: 0 | CN16: 0 | CO16: 0 | CP16: 0
C17: Casting | E17: =SUM(F17:HE17) -> 873 | AN17: 27 | AO17: 27 | AP17: 58 | AQ17: 0 | AR17: 0 | AS17: 60 | AT17: 60 | AU17: 61 | AV17: 60 | AW17: 61 | AX17: 60 | AY17: 60 | AZ17: 0 | BA17: 88 | BB17: 60 | BC17: 55 | BD17: 56 | BE17: 29 | BF17: 30 | BG17: 21 | BH17: 0 | BI17: 0 | BJ17: 0 | BK17: 0 | BL17: 0 | BM17: 0 | BN17: 0 | BO17: 0 | BP17: 0 | BQ17: 0 | BR17: 0 | BS17: 0 | BT17: 0 | BU17: 0 | BV17: 0 | BW17: 0 | BX17: 0 | BY17: 0 | BZ17: 0 | CA17: 0 | CB17: 0 | CC17: 0 | CD17: 0 | CE17: 0 | CF17: 0 | CG17: 0 | CH17: 0 | CI17: 0 | CJ17: 0 | CK17: 0 | CL17: 0 | CM17: 0 | CN17: 0 | CO17: 0 | CP17: 0
B20: Total | C20: ='ICR Pilling'!C2 -> 27000
B21: Balance | C21: =C20 -> 27000

Sheet AC Progress
A5: S.No. | B5: AC Work | C5: UOM | D5: Total | J5: Base Line Plan | M5: Forecast
D6: Cumulative
D7: Scope | E7: Waitage | F7: Today | G7: Cum. | H7: Balance | I7: % | J7: Start Date | K7: Finish Date | L7: Days | M7: Start Date | N7: Finish Date | O7: Days
A8: 1 | B8: AC Trench | C8: Mtr | D8: =(35639/52)*38 -> 26043.885 | E8: 0.12 | F8: =E27 -> 0 | G8: =F27 -> 0 | H8: =D8-G8 -> 26043.885 | I8: =G8*E8/D8 -> 0 | L8: =K8-J8 -> 0 | O8: =N8-M8 -> 0
A9: 2 | B9: 3CX240sqmm Cable Laying | C9: Mtr | D9: =(25000/52)*38 -> 18269.231 | E9: 0.03 | F9: =J27 -> 0 | G9: =K27 -> 0 | H9: =D9-G9 -> 18269.231 | I9: =G9*E9/D9 -> 0 | L9: =K9-J9 -> 0 | O9: =N9-M9 -> 0
A10: 3 | B10: 3CX400sqmm Cable Laying | C10: Mtr | D10: =(80000/52)*38 -> 58461.538 | E10: 0.07 | F10: =T27 -> 0 | G10: =U27 -> 0 | H10: =D10-G10 -> 58461.538 | I10: =G10*E10/D10 -> 0 | L10: =K10-J10 -> 0 | O10: 107
A11: 4 | B11: 1CX400sqmm Cable Laying | C11: LS | D11: 38 | E11: 0.1 | F11: =O27 -> 0 | G11: =P27 -> 0 | H11: =D11-G11 -> 38 | I11: =G11*E11/D11 -> 0 | L11: =K11-J11 -> 0 | O11: =N11-M11 -> 0
A12: 5 | B12: OFC Cable Laying | C12: LS | D12: 38 | E12: 0.05 | F12: =Y27 -> 0 | G12: =Z27 -> 0 | H12: =D12-G12 -> 38 | I12: =G12*E12/D12 -> 0 | L12: =K12-J12 -> 0 | O12: =N12-M12 -> 0
A13: 6 | B13: Grid Earthing | C13: mtr | D13: =38*200 -> 7600 | E13: 0.08 | F13: =AD27 -> 0 | G13: =AE27 -> 0 | H13: =D13-G13 -> 7600 | I13: =G13*E13/D13 -> 0 | L13: =K13-J13 -> 0 | O13: =N13-M13 -> 0
A14: 7 | B14: Tray support casting | C14: No's | D14: 38 | E14: 0 | F14: =AI27 -> 0 | G14: =AJ27 -> 0 | H14: =D14-G14 -> 38 | I14: =G14*E14/D14 -> 0 | L14: =K14-J14 -> 0 | O14: =N14-M14 -> 0
A15: 8 | B15: Tray from INV to LV Side | C15: No's | D15: 38 | E15: 0.05 | F15: =AN27 -> 0 | G15: =AO27 -> 0 | H15: =D15-G15 -> 38 | I15: =G15*E15/D15 -> 0 | L15: =K15-J15 -> 0 | O15: =N15-M15 -> 0
A16: 9 | B16: Earthpit Installation | C16: No's | D16: 38 | E16: 0.05 | F16: =AS27 -> 0 | G16: =AT27 -> 0 | H16: =D16-G16 -> 38 | I16: =G16*E16/D16 -> 0 | L16: =K16-J16 -> 0 | O16: =N16-M16 -> 0
A17: 10 | B17: IDT Erection | C17: No's | D17: 38 | E17: 0.15 | F17: =AX27 -> 0 | G17: =AY27 -> 0 | H17: =D17-G17 -> 38 | I17: =G17*E17/D17 -> 0 | L17: =K17-J17 -> 0 | O17: =N17-M17 -> 0
A18: 11 | B18: ICOG Panel | C18: No's | D18: 38 | E18: 0.05 | F18: =BC27 -> 0 | G18: =BD27 -> 0 | H18: =D18-G18 -> 38 | I18: =G18*E18/D18 -> 0 | L18: =K18-J18 -> 0 | O18: =N18-M18 -> 0
A19: 12 | B19: LT Panel | C19: No's | D19: 38 | E19: 0.05 | F19: =BH27 -> 0 | G19: =BI27 -> 0 | H19: =D19-G19 -> 38 | I19: =G19*E19/D19 -> 0 | L19: =K19-J19 -> 0 | O19: =N19-M19 -> 0
A20: 13 | B20: UPS Panel | C20: No's | D20: 38 | E20: 0.05 | F20: =BM27 -> 0 | G20: =BN27 -> 0 | H20: =D20-G20 -> 38 | I20: =G20*E20/D20 -> 0 | L20: =K20-J20 -> 0 | O20: =N20-M20 -> 0
A21: 14 | B21: Aux Trafo | C21: No's | D21: 38 | E21: 0.05 | F21: =BR27 -> 0 | G21: =BS27 -> 0 | H21: =D21-G21 -> 38 | I21: =G21*E21/D21 -> 0 | L21: =K21-J21 -> 0 | O21: =N21-M21 -> 0
A22: 15 | B22: 1C*400Sqmm cable Termination | C22: Sets | D22: 38 | E22: 0.1 | F22: =BW27 -> 0 | G22: =BX27 -> 0 | H22: =D22-G22 -> 38 | I22: =G22*E22/D22 -> 0 | L22: =K22-J22 -> 0 | O22: =N22-M22 -> 0
E23: =SUM(E8:E22) -> 1 | I23: =SUM(I8:I22) -> 0
A25: Description | D25: =B8 -> AC Trench | I25: =B9 -> 3CX240sqmm Cable Laying | N25: =B11 -> 1CX400sqmm Cable Laying | S25: =B10 -> 3CX400sqmm Cable Laying | X25: =B12 -> OFC Cable Laying | AC25: =B13 -> Grid Earthing | AH25: =B14 -> Tray support casting | AM25: =B15 -> Tray from INV to LV Side | AR25: =B16 -> Earthpit Installation | AW25: =B17 -> IDT Erection | BB25: =B18 -> ICOG Panel | BG25: =B19 -> LT Panel | BL25: =B20 -> UPS Panel | BQ25: =B21 -> Aux Trafo | BV25: =B22 -> 1C*400Sqmm cable Termination
A26: Sr. No. | B26: Contractor Name | C26: ICR No. | D26: Scope | E26: Today | F26: Cum | G26: Diff | H26: % | I26: Scope | J26: Today | K26: Cum | L26: Diff | M26: % | N26: Scope | O26: Today | P26: Cum | Q26: Diff | R26: % | S26: Scope | T26: Today | U26: Cum | V26: Diff | W26: % | X26: Scope | Y26: Today | Z26: Cum | AA26: Diff | AB26: % | AC26: Scope | AD26: Today | AE26: Cum | AF26: Diff | AG26: % | AH26: Scope | AI26: Today | AJ26: Cum | AK26: Diff | AL26: % | AM26: Scope | AN26: Today | AO26: Cum | AP26: Diff | AQ26: % | AR26: Scope | AS26: Today | AT26: Cum | AU26: Diff | AV26: % | AW26: Scope | AX26: Today | AY26: Cum | AZ26: Diff | BA26: % | BB26: Scope | BC26: Today | BD26: Cum | BE26: Diff | BF26: % | BG26: Scope | BH26: Today | BI26: Cum | BJ26: Diff | BK26: % | BL26: Scope | BM26: Today | BN26: Cum | BO26: Diff | BP26: % | BQ26: Scope | BR26: Today | BS26: Cum | BT26: Diff | BU26: % | BV26: Scope | BW26: Today | BX26: Cum | BY26: Diff | BZ26: %
B27: Total | D27: =D8 -> 26043.885 | E27: =SUM(E28:E61) -> 0 | F27: =SUM(F28:F61) -> 0 | G27: =SUM(G28:G61) -> 0 | H27: =F27/D27 -> 0 | I27: =D9 -> 18269.231 | J27: =SUM(J28:J61) -> 0 | K27: =SUM(K28:K61) -> 0 | L27: =SUM(L28:L61) -> 0 | M27: =K27/I27 -> 0 | N27: =D11 -> 38 | O27: =SUM(O28:O61) -> 0 | P27: =SUM(P28:P61) -> 0 | Q27: =SUM(Q28:Q61) -> 0 | R27: =P27/N27 -> 0 | S27: =D10 -> 58461.538 | T27: =SUM(T28:T61) -> 0 | U27: =SUM(U28:U61) -> 0 | V27: =SUM(V28:V61) -> 0 | W27: =U27/S27 -> 0 | X27: =D12 -> 38 | Y27: =SUM(Y28:Y61) -> 0 | Z27: =SUM(Z28:Z61) -> 0 | AA27: =SUM(AA28:AA61) -> 0 | AB27: =Z27/X27 -> 0 | AC27: =D13 -> 7600 | AD27: =SUM(AD28:AD61) -> 0 | AE27: =SUM(AE28:AE61) -> 0 | AF27: =SUM(AF28:AF61) -> 0 | AG27: =AE27/AC27 -> 0 | AH27: =D14 -> 38 | AI27: =SUM(AI28:AI61) -> 0 | AJ27: =SUM(AJ28:AJ61) -> 0 | AK27: =SUM(AK28:AK61) -> 0 | AL27: =AJ27/AH27 -> 0 | AM27: =D15 -> 38 | AN27: =SUM(AN28:AN61) -> 0 | AO27: =SUM(AO28:AO61) -> 0 | AP27: =SUM(AP28:AP61) -> 0 | AQ27: =AO27/AM27 -> 0 | AR27: =D16 -> 38 | AS27: =SUM(AS28:AS61) -> 0 | AT27: =SUM(AT28:AT61) -> 0 | AU27: =SUM(AU28:AU61) -> 0 | AV27: =AT27/AR27 -> 0 | AW27: =D17 -> 38 | AX27: =SUM(AX28:AX61) -> 0 | AY27: =SUM(AY28:AY61) -> 0 | AZ27: =SUM(AZ28:AZ61) -> 34 | BA27: =AY27/AW27 -> 0 | BB27: =D18 -> 38 | BC27: =SUM(BC28:BC61) -> 0 | BD27: =SUM(BD28:BD61) -> 0 | BE27: =SUM(BE28:BE61) -> 0 | BF27: =BD27/BB27 -> 0 | BG27: =D19 -> 38 | BH27: =SUM(BH28:BH61) -> 0 | BI27: =SUM(BI28:BI61) -> 0 | BJ27: =SUM(BJ28:BJ61) -> 0 | BK27: =BI27/BG27 -> 0 | BL27: =D20 -> 38 | BM27: =SUM(BM28:BM61) -> 0 | BN27: =SUM(BN28:BN61) -> 0 | BO27: =SUM(BO28:BO61) -> 0 | BP27: =BN27/BL27 -> 0 | BQ27: =D21 -> 38 | BR27: =SUM(BR28:BR61) -> 0 | BS27: =SUM(BS28:BS61) -> 0 | BT27: =SUM(BT28:BT61) -> 0 | BU27: =BS27/BQ27 -> 0 | BV27: =D22 -> 38 | BW27: =SUM(BW28:BW61) -> 0 | BX27: =SUM(BX28:BX61) -> 0 | BY27: =SUM(BY28:BY61) -> 0 | BZ27: =BX27/BV27 -> 0
A28: 1 | C28: Icr-a | G28: =D28-F28 -> 0 | L28: =I28-K28 -> 0 | Q28: =N28-P28 -> 0 | V28: =S28-U28 -> 0 | AA28: =X28-Z28 -> 0 | AF28: =AC28-AE28 -> 0 | AK28: =AH28-AJ28 -> 0 | AP28: =AM28-AO28 -> 0 | AU28: =AR28-AT28 -> 0 | AW28: 1 | AY28: =AX28 -> 0 | AZ28: =AW28-AY28 -> 1 | BA28: =AY28/AX28 -> #DIV/0! | BE28: =BB28-BD28 -> 0 | BJ28: =BG28-BI28 -> 0 | BO28: =BL28-BN28 -> 0 | BT28: =BQ28-BS28 -> 0 | BY28: =BV28-BX28 -> 0
A29: 2 | C29: Icr-b | G29: =D29-F29 -> 0 | L29: =I29-K29 -> 0 | Q29: =N29-P29 -> 0 | V29: =S29-U29 -> 0 | AA29: =X29-Z29 -> 0 | AF29: =AC29-AE29 -> 0 | AK29: =AH29-AJ29 -> 0 | AP29: =AM29-AO29 -> 0 | AU29: =AR29-AT29 -> 0 | AW29: 1 | AY29: =AX29 -> 0 | AZ29: =AW29-AY29 -> 1 | BA29: =AY29/AX29 -> #DIV/0! | BE29: =BB29-BD29 -> 0 | BJ29: =BG29-BI29 -> 0 | BO29: =BL29-BN29 -> 0 | BT29: =BQ29-BS29 -> 0 | BY29: =BV29-BX29 -> 0
A30: 3 | C30: Icr-c | G30: =D30-F30 -> 0 | L30: =I30-K30 -> 0 | Q30: =N30-P30 -> 0 | V30: =S30-U30 -> 0 | AA30: =X30-Z30 -> 0 | AF30: =AC30-AE30 -> 0 | AK30: =AH30-AJ30 -> 0 | AP30: =AM30-AO30 -> 0 | AU30: =AR30-AT30 -> 0 | AW30: 1 | AY30: =AX30 -> 0 | AZ30: =AW30-AY30 -> 1 | BA30: =AY30/AX30 -> #DIV/0! | BE30: =BB30-BD30 -> 0 | BJ30: =BG30-BI30 -> 0 | BO30: =BL30-BN30 -> 0 | BT30: =BQ30-BS30 -> 0 | BY30: =BV30-BX30 -> 0
A31: 4 | C31: Icr-e | G31: =D31-F31 -> 0 | L31: =I31-K31 -> 0 | Q31: =N31-P31 -> 0 | V31: =S31-U31 -> 0 | AA31: =X31-Z31 -> 0 | AF31: =AC31-AE31 -> 0 | AK31: =AH31-AJ31 -> 0 | AP31: =AM31-AO31 -> 0 | AU31: =AR31-AT31 -> 0 | AW31: 1 | AY31: =AX31 -> 0 | AZ31: =AW31-AY31 -> 1 | BA31: =AY31/AX31 -> #DIV/0! | BE31: =BB31-BD31 -> 0 | BJ31: =BG31-BI31 -> 0 | BO31: =BL31-BN31 -> 0 | BT31: =BQ31-BS31 -> 0 | BY31: =BV31-BX31 -> 0
A32: 5 | C32: Icr-5 | G32: =D32-F32 -> 0 | L32: =I32-K32 -> 0 | Q32: =N32-P32 -> 0 | V32: =S32-U32 -> 0 | AA32: =X32-Z32 -> 0 | AF32: =AC32-AE32 -> 0 | AK32: =AH32-AJ32 -> 0 | AP32: =AM32-AO32 -> 0 | AU32: =AR32-AT32 -> 0 | AW32: 1 | AZ32: =AW32-AY32 -> 1 | BE32: =BB32-BD32 -> 0 | BJ32: =BG32-BI32 -> 0 | BO32: =BL32-BN32 -> 0 | BT32: =BQ32-BS32 -> 0 | BY32: =BV32-BX32 -> 0
A33: 6 | C33: Icr-6 | G33: =D33-F33 -> 0 | L33: =I33-K33 -> 0 | Q33: =N33-P33 -> 0 | V33: =S33-U33 -> 0 | AA33: =X33-Z33 -> 0 | AF33: =AC33-AE33 -> 0 | AK33: =AH33-AJ33 -> 0 | AP33: =AM33-AO33 -> 0 | AU33: =AR33-AT33 -> 0 | AW33: 1 | AZ33: =AW33-AY33 -> 1 | BE33: =BB33-BD33 -> 0 | BJ33: =BG33-BI33 -> 0 | BO33: =BL33-BN33 -> 0 | BT33: =BQ33-BS33 -> 0 | BY33: =BV33-BX33 -> 0
A34: 7 | C34: Icr-7 | G34: =D34-F34 -> 0 | L34: =I34-K34 -> 0 | Q34: =N34-P34 -> 0 | V34: =S34-U34 -> 0 | AA34: =X34-Z34 -> 0 | AF34: =AC34-AE34 -> 0 | AK34: =AH34-AJ34 -> 0 | AP34: =AM34-AO34 -> 0 | AU34: =AR34-AT34 -> 0 | AW34: 1 | AZ34: =AW34-AY34 -> 1 | BE34: =BB34-BD34 -> 0 | BJ34: =BG34-BI34 -> 0 | BO34: =BL34-BN34 -> 0 | BT34: =BQ34-BS34 -> 0 | BY34: =BV34-BX34 -> 0
A35: 8 | C35: Icr-8 | G35: =D35-F35 -> 0 | L35: =I35-K35 -> 0 | Q35: =N35-P35 -> 0 | V35: =S35-U35 -> 0 | AA35: =X35-Z35 -> 0 | AF35: =AC35-AE35 -> 0 | AK35: =AH35-AJ35 -> 0 | AP35: =AM35-AO35 -> 0 | AU35: =AR35-AT35 -> 0 | AW35: 1 | AZ35: =AW35-AY35 -> 1 | BE35: =BB35-BD35 -> 0 | BJ35: =BG35-BI35 -> 0 | BO35: =BL35-BN35 -> 0 | BT35: =BQ35-BS35 -> 0 | BY35: =BV35-BX35 -> 0
A36: 9 | C36: Icr-9 | G36: =D36-F36 -> 0 | L36: =I36-K36 -> 0 | Q36: =N36-P36 -> 0 | V36: =S36-U36 -> 0 | AA36: =X36-Z36 -> 0 | AF36: =AC36-AE36 -> 0 | AK36: =AH36-AJ36 -> 0 | AP36: =AM36-AO36 -> 0 | AU36: =AR36-AT36 -> 0 | AW36: 1 | AZ36: =AW36-AY36 -> 1 | BE36: =BB36-BD36 -> 0 | BJ36: =BG36-BI36 -> 0 | BO36: =BL36-BN36 -> 0 | BT36: =BQ36-BS36 -> 0 | BY36: =BV36-BX36 -> 0
A37: 10 | C37: Icr-10 | G37: =D37-F37 -> 0 | L37: =I37-K37 -> 0 | Q37: =N37-P37 -> 0 | V37: =S37-U37 -> 0 | AA37: =X37-Z37 -> 0 | AF37: =AC37-AE37 -> 0 | AK37: =AH37-AJ37 -> 0 | AP37: =AM37-AO37 -> 0 | AU37: =AR37-AT37 -> 0 | AW37: 1 | AZ37: =AW37-AY37 -> 1 | BE37: =BB37-BD37 -> 0 | BJ37: =BG37-BI37 -> 0 | BO37: =BL37-BN37 -> 0 | BT37: =BQ37-BS37 -> 0 | BY37: =BV37-BX37 -> 0
A38: 11 | C38: Icr-11 | G38: =D38-F38 -> 0 | L38: =I38-K38 -> 0 | Q38: =N38-P38 -> 0 | V38: =S38-U38 -> 0 | AA38: =X38-Z38 -> 0 | AF38: =AC38-AE38 -> 0 | AK38: =AH38-AJ38 -> 0 | AP38: =AM38-AO38 -> 0 | AU38: =AR38-AT38 -> 0 | AW38: 1 | AZ38: =AW38-AY38 -> 1 | BE38: =BB38-BD38 -> 0 | BJ38: =BG38-BI38 -> 0 | BO38: =BL38-BN38 -> 0 | BT38: =BQ38-BS38 -> 0 | BY38: =BV38-BX38 -> 0
A39: 12 | C39: Icr-12 | G39: =D39-F39 -> 0 | L39: =I39-K39 -> 0 | Q39: =N39-P39 -> 0 | V39: =S39-U39 -> 0 | AA39: =X39-Z39 -> 0 | AF39: =AC39-AE39 -> 0 | AK39: =AH39-AJ39 -> 0 | AP39: =AM39-AO39 -> 0 | AU39: =AR39-AT39 -> 0 | AW39: 1 | AZ39: =AW39-AY39 -> 1 | BE39: =BB39-BD39 -> 0 | BJ39: =BG39-BI39 -> 0 | BO39: =BL39-BN39 -> 0 | BT39: =BQ39-BS39 -> 0 | BY39: =BV39-BX39 -> 0
A40: 13 | C40: Icr-13 | G40: =D40-F40 -> 0 | L40: =I40-K40 -> 0 | Q40: =N40-P40 -> 0 | V40: =S40-U40 -> 0 | AA40: =X40-Z40 -> 0 | AF40: =AC40-AE40 -> 0 | AK40: =AH40-AJ40 -> 0 | AP40: =AM40-AO40 -> 0 | AU40: =AR40-AT40 -> 0 | AW40: 1 | AZ40: =AW40-AY40 -> 1 | BE40: =BB40-BD40 -> 0 | BJ40: =BG40-BI40 -> 0 | BO40: =BL40-BN40 -> 0 | BT40: =BQ40-BS40 -> 0 | BY40: =BV40-BX40 -> 0
A41: 14 | C41: Icr-14 | G41: =D41-F41 -> 0 | L41: =I41-K41 -> 0 | Q41: =N41-P41 -> 0 | V41: =S41-U41 -> 0 | AA41: =X41-Z41 -> 0 | AF41: =AC41-AE41 -> 0 | AK41: =AH41-AJ41 -> 0 | AP41: =AM41-AO41 -> 0 | AU41: =AR41-AT41 -> 0 | AW41: 1 | AZ41: =AW41-AY41 -> 1 | BE41: =BB41-BD41 -> 0 | BJ41: =BG41-BI41 -> 0 | BO41: =BL41-BN41 -> 0 | BT41: =BQ41-BS41 -> 0 | BY41: =BV41-BX41 -> 0
A42: 15 | C42: Icr-15 | G42: =D42-F42 -> 0 | L42: =I42-K42 -> 0 | Q42: =N42-P42 -> 0 | V42: =S42-U42 -> 0 | AA42: =X42-Z42 -> 0 | AF42: =AC42-AE42 -> 0 | AK42: =AH42-AJ42 -> 0 | AP42: =AM42-AO42 -> 0 | AU42: =AR42-AT42 -> 0 | AW42: 1 | AZ42: =AW42-AY42 -> 1 | BE42: =BB42-BD42 -> 0 | BJ42: =BG42-BI42 -> 0 | BO42: =BL42-BN42 -> 0 | BT42: =BQ42-BS42 -> 0 | BY42: =BV42-BX42 -> 0
A43: 16 | C43: Icr-16 | G43: =D43-F43 -> 0 | L43: =I43-K43 -> 0 | Q43: =N43-P43 -> 0 | V43: =S43-U43 -> 0 | AA43: =X43-Z43 -> 0 | AF43: =AC43-AE43 -> 0 | AK43: =AH43-AJ43 -> 0 | AP43: =AM43-AO43 -> 0 | AU43: =AR43-AT43 -> 0 | AW43: 1 | AZ43: =AW43-AY43 -> 1 | BE43: =BB43-BD43 -> 0 | BJ43: =BG43-BI43 -> 0 | BO43: =BL43-BN43 -> 0 | BT43: =BQ43-BS43 -> 0 | BY43: =BV43-BX43 -> 0
... A61: 34 | C61: Icr-34 | G61: =D61-F61 -> 0 | L61: =I61-K61 -> 0 | Q61: =N61-P61 -> 0 | V61: =S61-U61 -> 0 | AA61: =X61-Z61 -> 0 | AF61: =AC61-AE61 -> 0 | AK61: =AH61-AJ61 -> 0 | AP61: =AM61-AO61 -> 0 | AU61: =AR61-AT61 -> 0 | AW61: 1 | AZ61: =AW61-AY61 -> 1 | BE61: =BB61-BD61 -> 0 | BJ61: =BG61-BI61 -> 0 | BO61: =BL61-BN61 -> 0 | BT61: =BQ61-BS61 -> 0 | BY61: =BV61-BX61 -> 0

Sheet DC Progress
B1: S.No. | C1: DC Work | D1: UOM | E1: Total | J1: Base Line Plan | M1: Forecast
E2: Scope | F2: Today | G2: Cum. | H2: Balance | I2: % | J2: Start Date | K2: Finish Date | L2: Days | M2: Start Date | N2: Finish Date | O2: Days
B3: 1 | C3: Trench Excavation | D3: Mtr | E3: =4500*38 -> 171000 | F3: =F22 -> 250 | G3: =G22 -> 950 | H3: =E3-G3 -> 170050 | I3: =G3/E3 -> 0.0055555556 | L3: =K3-J3 -> 0 | O3: =N3-M3 -> 0
B4: =B3+1 -> 2 | C4: 400Sqmm Cable laying (SCB's) | D4: No's | E4: =48*38 -> 1824 | F4: =K22 -> 0 | G4: =L22 -> 0 | H4: =E4-G4 -> 1824 | I4: =G4/E4 -> 0 | L4: =K4-J4 -> 0 | O4: =N4-M4 -> 0
B5: =B4+1 -> 3 | C5: Inverter Installation | D5: No's | E5: =38*2 -> 76 | F5: =P22 -> 0 | G5: =Q22 -> 0 | H5: =E5-G5 -> 76 | I5: =G5/E5 -> 0 | L5: =K5-J5 -> 0 | O5: =N5-M5 -> 0
B6: =B5+1 -> 4 | C6: 400 Sqmm cable laying | D6: mtr | E6: =16800*38 -> 638400 | F6: =AO22 -> 0 | G6: =AP22 -> 0 | H6: =E6-G6 -> 638400 | I6: =G6/E6 -> 0 | L6: =K6-J6 -> 0 | O6: =N6-M6 -> 0
B7: =B6+1 -> 5 | C7: SCB Stand Casting | D7: No's | E7: =48*38*2 -> 3648 | F7: =U22 -> 0 | G7: =V22 -> 0 | H7: =E7-G7 -> 3648 | I7: =G7/E7 -> 0 | L7: =K7-J7 -> 0 | O7: =N7-M7 -> 0
B8: =B7+1 -> 6 | C8: SCB Installation | D8: No's | E8: =48*38 -> 1824 | F8: =Z22 -> 0 | G8: =AA22 -> 0 | H8: =E8-G8 -> 1824 | I8: =G8/E8 -> 0 | L8: =K8-J8 -> 0 | O8: =N8-M8 -> 0
B9: =B8+1 -> 7 | C9: 6 Sqmm Laying(SCB's) | D9: No's | E9: =E8 -> 1824 | F9: =AE22 -> 0 | G9: =AF22 -> 0 | H9: =E9-G9 -> 1824 | I9: =G9/E9 -> 0 | L9: =K9-J9 -> 0 | O9: =N9-M9 -> 0
B10: =B9+1 -> 8 | C10: Termination SCB End | D10: No's | E10: =E9 -> 1824 | F10: =AJ22 -> 0 | G10: =AK22 -> 0 | H10: =E10-G10 -> 1824 | I10: =G10/E10 -> 0 | L10: =K10-J10 -> 0 | O10: =N10-M10 -> 0
B11: =B10+1 -> 9 | C11: Termination Inv End | D11: No's | E11: =E9 -> 1824 | F11: =AT22 -> 0 | G11: =AU22 -> 0 | H11: =E11-G11 -> 1824 | I11: =G11/E11 -> 0 | L11: =K11-J11 -> 0 | O11: =N11-M11 -> 0
B12: =B11+1 -> 10 | C12: Earthing Conductor Laying | D12: Mtr | E12: =2500*38 -> 95000 | F12: =AY22 -> 0 | G12: =AZ22 -> 0 | H12: =E12-G12 -> 95000 | I12: 0 | L12: =K12-J12 -> 0 | O12: =N12-M12 -> 0
B13: =B12+1 -> 11 | C13: Earthpit Installation | D13: No's | E13: =24*38 -> 912 | F13: =BD22 -> 0 | G13: =BE22 -> 0 | H13: =E13-G13 -> 912 | I13: =G13/E13 -> 0 | L13: =K13-J13 -> 0 | O13: =N13-M13 -> 0
B14: =B13+1 -> 12 | C14: String Cable termination | D14: No's | E14: =E9 -> 1824 | F14: =BI22 -> 0 | G14: =BJ22 -> 0 | H14: =E14-G14 -> 1824 | I14: =G14/E14 -> 0 | L14: =K14-J14 -> 0 | O14: =N14-M14 -> 0
B15: =B14+1 -> 13 | C15: LA Installation | D15: No's | E15: =38*5 -> 190 | F15: =BN22 -> 0 | G15: =BO23 -> 0 | H15: =E15-G15 -> 190 | I15: =G15/E15 -> 0 | L15: =K15-J15 -> 0 | O15: =N15-M15 -> 0
B16: =B15+1 -> 14 | C16: LA Connection | D16: No's | E16: =38*5 -> 190 | F16: =BS22 -> 0 | G16: =BT22 -> 0 | H16: =E16-G16 -> 190 | I16: =G16/E16 -> 0 | L16: =K16-J16 -> 0 | O16: =N16-M16 -> 0
B17: =B16+1 -> 15 | C17: MMS Installation(Full+Half+Dummy) | D17: No's | E17: =E8*8 -> 14592 | F17: =BX22 -> 0 | G17: =BY22 -> 0 | H17: =E17-G17 -> 14592 | I17: =G17/E17 -> 0 | L17: =K17-J17 -> 0 | O17: =N17-M17 -> 0
B18: =B17+1 -> 16 | C18: Module Mounting | D18: No's | E18: =E17*58 -> 846336 | F18: =CC22 -> 0 | G18: =CD22 -> 0 | H18: =E18-G18 -> 846336 | I18: =G18/E18 -> 0 | L18: =K18-J18 -> 0 | O18: =N18-M18 -> 0
I19: =AVERAGE(I3:I18) -> 0.00034722222
B20: Description | E20: =C3 -> Trench Excavation | J20: =C4 -> 400Sqmm Cable laying (SCB's) | O20: =C5 -> Inverter Installation | T20: =C7 -> SCB Stand Casting | Y20: =C8 -> SCB Installation | AD20: =C9 -> 6 Sqmm Laying(SCB's) | AI20: =C10 -> Termination SCB End | AN20: =C6 -> 400 Sqmm cable laying | AS20: =C11 -> Termination Inv End | AX20: =C12 -> Earthing Conductor Laying | BC20: =C13 -> Earthpit Installation | BH20: =C14 -> String Cable termination | BM20: =C15 -> LA Installation | BR20: =C16 -> LA Connection | BW20: =C17 -> MMS Installation(Full+Half+Dummy) | CB20: =C18 -> Module Mounting
B21: Sr. No. | C21: Contractor Name | D21: ICR No. | E21: Scope | F21: Today | G21: Cum | H21: Diff | I21: % | J21: Scope | K21: Today | L21: Cum | M21: Diff | N21: % | O21: Scope | P21: Today | Q21: Cum | R21: Diff | S21: % | T21: Scope | U21: Today | V21: Cum | W21: Diff | X21: % | Y21: Scope | Z21: Today | AA21: Cum | AB21: Diff | AC21: % | AD21: Scope | AE21: Today | AF21: Cum | AG21: Diff | AH21: % | AI21: Scope | AJ21: Today | AK21: Cum | AL21: Diff | AM21: % | AN21: Scope | AO21: Today | AP21: Cum | AQ21: Diff | AR21: % | AS21: Scope | AT21: Today | AU21: Cum | AV21: Diff | AW21: % | AX21: Scope | AY21: Today | AZ21: Cum | BA21: Diff | BB21: % | BC21: Scope | BD21: Today | BE21: Cum | BF21: Diff | BG21: % | BH21: Scope | BI21: Today | BJ21: Cum | BK21: Diff | BL21: % | BM21: Scope | BN21: Today | BO21: Cum | BP21: Diff | BQ21: % | BR21: Scope | BS21: Today | BT21: Cum | BU21: Diff | BV21: % | BW21: Scope | BX21: Today | BY21: Cum | BZ21: Diff | CA21: % | CB21: Scope | CC21: Today | CD21: Cum | CE21: Diff | CF21: %
C22: Total | E22: =E3 -> 171000 | F22: =SUM(F23:F56) -> 250 | G22: =SUM(G23:G56) -> 950 | H22: =SUM(H23:H56) -> 3550 | I22: =G22/E22 -> 0.0055555556 | J22: =E4 -> 1824 | K22: =SUM(K23:K56) -> 0 | L22: =SUM(L23:L56) -> 0 | M22: =SUM(M23:M56) -> 0 | N22: =L22/J22 -> 0 | O22: =E5 -> 76 | P22: =SUM(P23:P56) -> 0 | Q22: =SUM(Q23:Q56) -> 0 | R22: =SUM(R23:R56) -> 0 | S22: =Q22/O22 -> 0 | T22: =E7 -> 3648 | U22: =SUM(U23:U56) -> 0 | V22: =SUM(V23:V56) -> 0 | W22: =SUM(W23:W56) -> 0 | X22: =V22/T22 -> 0 | Y22: =E8 -> 1824 | Z22: =SUM(Z23:Z56) -> 0 | AA22: =SUM(AA23:AA56) -> 0 | AB22: =SUM(AB23:AB56) -> 0 | AC22: =AA22/Y22 -> 0 | AD22: =E9 -> 1824 | AE22: =SUM(AE23:AE56) -> 0 | AF22: =SUM(AF23:AF56) -> 0 | AG22: =SUM(AG23:AG56) -> 0 | AH22: =AF22/AD22 -> 0 | AI22: =E10 -> 1824 | AJ22: =SUM(AJ23:AJ56) -> 0 | AK22: =SUM(AK23:AK56) -> 0 | AL22: =SUM(AL23:AL56) -> 0 | AM22: =AK22/AI22 -> 0 | AN22: =E6 -> 638400 | AO22: =SUM(AO23:AO56) -> 0 | AP22: =SUM(AP23:AP56) -> 0 | AQ22: =SUM(AQ23:AQ56) -> 0 | AR22: =AP22/AN22 -> 0 | AS22: =E11 -> 1824 | AT22: =SUM(AT23:AT56) -> 0 | AU22: =SUM(AU23:AU56) -> 0 | AV22: =SUM(AV23:AV56) -> 0 | AW22: =AU22/AS22 -> 0 | AX22: =E12 -> 95000 | AY22: =SUM(AY23:AY56) -> 0 | AZ22: =SUM(AZ23:AZ56) -> 0 | BA22: =SUM(BA23:BA56) -> 0 | BB22: =AZ22/AX22 -> 0 | BC22: =E13 -> 912 | BD22: =SUM(BD23:BD56) -> 0 | BE22: =SUM(BE23:BE56) -> 0 | BF22: =SUM(BF23:BF56) -> 0 | BG22: =BE22/BC22 -> 0 | BH22: =E14 -> 1824 | BI22: =SUM(BI23:BI56) -> 0 | BJ22: =SUM(BJ23:BJ56) -> 0 | BK22: =SUM(BK23:BK56) -> 0 | BL22: =BJ22/BH22 -> 0 | BM22: =E15 -> 190 | BN22: =SUM(BN23:BN56) -> 0 | BO22: =SUM(BO23:BO56) -> 0 | BP22: =SUM(BP23:BP56) -> 0 | BQ22: =BO22/BM22 -> 0 | BR22: =E16 -> 190 | BS22: =SUM(BS23:BS56) -> 0 | BT22: =SUM(BT23:BT56) -> 0 | BU22: =SUM(BU23:BU56) -> 0 | BV22: =BT22/BR22 -> 0 | BW22: =E17 -> 14592 | BX22: =SUM(BX23:BX56) -> 0 | BY22: =SUM(BY23:BY56) -> 0 | BZ22: =SUM(BZ23:BZ56) -> 0 | CA22: =BY22/BW22 -> 0 | CB22: =E18 -> 846336 | CC22: =SUM(CC23:CC56) -> 0 | CD22: =SUM(CD23:CD56) -> 0 | CE22: =SUM(CE23:CE56) -> 0 | CF22: =CD22/CB22 -> 0
B23: 1 | D23: Icr-1
B24: B | C24: Shree Krishna Enterprises | D24: Icr-2 | E24: 4500 | F24: 250 | G24: =F24+100+600 -> 950 | H24: =E24-G24 -> 3550 | I24: =G24/E24 -> 0.21111111
B25: 3 | D25: Icr-3
B26: 4 | D26: Icr-4
B27: 5 | D27: Icr-5
B28: 6 | D28: Icr-6
B29: 7 | D29: Icr-7
B30: 8 | D30: Icr-8
B31: 9 | D31: Icr-9
B32: 10 | D32: Icr-10
B33: 11 | D33: Icr-11
B34: 12 | D34: Icr-12
B35: 13 | D35: Icr-13
B36: 14 | D36: Icr-14
... B56: 34 | D56: Icr-34

Sheet Daily tracker Work
B2: S.No. | C2: Activity | D2: Work Description | E2: UOM | F2: Scope | G2: Progress | H2: Balance | I2: % Progress | J2: 45748 | K2: =J2+1 -> 45749 | L2: =K2+1 -> 45750 | M2: =L2+1 -> 45751 | N2: =M2+1 -> 45752 | O2: =N2+1 -> 45753 | P2: =O2+1 -> 45754 | Q2: =P2+1 -> 45755 | R2: =Q2+1 -> 45756 | ... GI2: =GH2+1 -> 45929
B3: 1 | C3: DC WORK | D3: Trench Excavation | E3: Mtr | F3: ='DC Progress'!E3 -> 171000 | G3: =SUM(J3:GI3) -> 0 | H3: =F3-G3 -> 171000 | I3: =G3/F3 -> 0
B4: =B3+1 -> 2 | D4: 400Sqmm Cable laying (SCB's) | E4: No's | F4: ='DC Progress'!E4 -> 1824 | G4: =SUM(J4:GI4) -> 0 | H4: =F4-G4 -> 1824 | I4: =G4/F4 -> 0
B5: =B4+1 -> 3 | D5: Inverter Installation | E5: No's | F5: ='DC Progress'!E5 -> 76 | G5: =SUM(J5:GI5) -> 0 | H5: =F5-G5 -> 76 | I5: =G5/F5 -> 0
B6: =B5+1 -> 4 | D6: SCB Stand Casting | E6: No's | F6: ='DC Progress'!E7 -> 3648 | G6: =SUM(J6:GI6) -> 0 | H6: =F6-G6 -> 3648 | I6: =G6/F6 -> 0
B7: =B6+1 -> 5 | D7: 400 Sqmm cable laying | E7: mtr | F7: 856800 | G7: =SUM(J7:GI7) -> 0 | H7: =F7-G7 -> 856800 | I7: =G7/F7 -> 0
B8: =B7+1 -> 6 | D8: SCB Installation | E8: No's | F8: ='DC Progress'!E8 -> 1824 | G8: =SUM(J8:GI8) -> 0 | H8: =F8-G8 -> 1824 | I8: =G8/F8 -> 0
B9: =B8+1 -> 7 | D9: 6 Sqmm Laying(SCB's) | E9: No's | F9: ='DC Progress'!E9 -> 1824 | G9: =SUM(J9:GI9) -> 0 | H9: =F9-G9 -> 1824 | I9: =G9/F9 -> 0
B10: =B9+1 -> 8 | D10: Termination SCB End | E10: No's | F10: ='DC Progress'!E10 -> 1824 | G10: =SUM(J10:GI10) -> 0 | H10: =F10-G10 -> 1824 | I10: =G10/F10 -> 0
B11: =B10+1 -> 9 | D11: Termination Inv End | E11: No's | F11: ='DC Progress'!E11 -> 1824 | G11: =SUM(J11:GI11) -> 0 | H11: =F11-G11 -> 1824 | I11: =G11/F11 -> 0
B12: =B11+1 -> 10 | D12: Earthing Conductor Laying | E12: Mtr | F12: ='DC Progress'!E12 -> 95000 | G12: =SUM(J12:GI12) -> 0 | H12: =F12-G12 -> 95000 | I12: =G12/F12 -> 0
B13: =B12+1 -> 11 | D13: Earthpit Installation | E13: No's | F13: ='DC Progress'!E13 -> 912 | G13: =SUM(J13:GI13) -> 0 | H13: =F13-G13 -> 912 | I13: =G13/F13 -> 0
B14: =B13+1 -> 12 | D14: String Cable termination | E14: No's | F14: ='DC Progress'!E14 -> 1824 | G14: =SUM(J14:GI14) -> 0 | H14: =F14-G14 -> 1824 | I14: =G14/F14 -> 0
B15: =B14+1 -> 13 | D15: LA Installation | E15: No's | F15: ='DC Progress'!E15 -> 190 | G15: =SUM(J15:GI15) -> 0 | H15: =F15-G15 -> 190 | I15: =G15/F15 -> 0
B16: =B15+1 -> 14 | D16: LA Connection | E16: No's | F16: ='DC Progress'!E16 -> 190 | G16: =SUM(J16:GI16) -> 0 | H16: =F16-G16 -> 190 | I16: =G16/F16 -> 0
B17: =B16+1 -> 15 | D17: MMS Installtion(Full+Half) | E17: No's | F17: ='DC Progress'!E17 -> 14592 | G17: =SUM(J17:GI17) -> 0 | H17: =F17-G17 -> 14592 | I17: =G17/F17 -> 0
B18: =B17+1 -> 16 | D18: Module Mounting | E18: No's | F18: ='DC Progress'!E18 -> 846336 | G18: =SUM(J18:GI18) -> 0 | H18: =F18-G18 -> 846336 | I18: =G18/F18 -> 0
B19: =B18+1 -> 17 | C19: AC Work | D19: AC Trench Excavation | E19: Mtr | F19: ='AC Progress'!D8 -> 26043.885 | G19: =SUM(J19:GI19) -> 0 | H19: =F19-G19 -> 26043.885 | I19: =G19/F19 -> 0
B20: =B19+1 -> 18 | D20: 3CX400/240sqmm Cable Laying | E20: Mtr | F20: ='AC Progress'!D9 -> 18269.231 | G20: =SUM(J20:GI20) -> 0 | H20: =F20-G20 -> 18269.231 | I20: =G20/F20 -> 0
B21: =B20+1 -> 19 | D21: OFC Cable Laying | E21: Mtr | F21: ='AC Progress'!D11 -> 38 | G21: =SUM(J21:GI21) -> 0 | H21: =F21-G21 -> 38 | I21: =G21/F21 -> 0
B22: =B21+1 -> 20 | D22: Grid Earthing | E22: mtr | F22: 10400 | G22: =SUM(J22:GI22) -> 0 | H22: =F22-G22 -> 10400 | I22: =G22/F22 -> 0
B23: =B22+1 -> 21 | D23: Earthing Conductor Laying | E23: Mtr | F23: ='AC Progress'!D12 -> 38 | G23: =SUM(J23:GI23) -> 0 | H23: =F23-G23 -> 38 | I23: =G23/F23 -> 0
B24: =B23+1 -> 22 | D24: Tray Support Casting | E24: No's | F24: 52 | G24: =SUM(J24:GI24) -> 0 | H24: =F24-G24 -> 52 | I24: =G24/F24 -> 0
B25: =B24+1 -> 23 | D25: Tray from INV to LV Side | E25: No's | F25: ='AC Progress'!D13 -> 7600 | G25: =SUM(J25:GI25) -> 0 | H25: =F25-G25 -> 7600 | I25: =G25/F25 -> 0
B26: =B25+1 -> 24 | D26: Earthpit Installation | E26: No's | F26: ='AC Progress'!D15 -> 38 | G26: =SUM(J26:GI26) -> 0 | H26: =F26-G26 -> 38 | I26: =G26/F26 -> 0
B27: =B26+1 -> 25 | D27: IDT Erection | E27: No's | F27: ='AC Progress'!D16 -> 38 | G27: =SUM(J27:GI27) -> 0 | H27: =F27-G27 -> 38 | I27: =G27/F27 -> 0
B28: =B27+1 -> 26 | D28: ICOG Panel | E28: No's | F28: ='AC Progress'!D17 -> 38 | G28: =SUM(J28:GI28) -> 0 | H28: =F28-G28 -> 38 | I28: =G28/F28 -> 0
B29: =B28+1 -> 27 | D29: LT Panel | E29: No's | F29: ='AC Progress'!D18 -> 38 | G29: =SUM(J29:GI29) -> 0 | H29: =F29-G29 -> 38 | I29: =G29/F29 -> 0
B30: =B29+1 -> 28 | D30: UPS & UPS DB | E30: No's | F30: ='AC Progress'!D19 -> 38 | G30: =SUM(J30:GI30) -> 0 | H30: =F30-G30 -> 38 | I30: =G30/F30 -> 0
B31: =B30+1 -> 29 | D31: AUX Trafo | E31: No's | F31: ='AC Progress'!D20 -> 38 | G31: =SUM(J31:GI31) -> 0 | H31: =F31-G31 -> 38 | I31: =G31/F31 -> 0
B32: =B31+1 -> 30 | D32: NIFPS panel installation | E32: No's | F32: ='AC Progress'!D21 -> 38 | G32: =SUM(J32:GI32) -> 0 | H32: =F32-G32 -> 38 | I32: =G32/F32 -> 0
B33: =B32+1 -> 31 | D33: Termination | E33: No's | F33: ='AC Progress'!D22 -> 38 | G33: =SUM(J33:GI33) -> 0 | H33: =F33-G33 -> 38 | I33: =G33/F33 -> 0

Sheet Bottleneck
C2: Bottleneck
C3: Engineering {E} | D3: Procurement {P} | E3: Construction {C}

Sheet QC & HSE status
B2: QC Status | N2: HSE Status
B3: Department | C3: Total FF | D3: Closed | E3: Open | G3: Total NC | H3: Closed | I3: Open
B4: Construction | C4: 0 | D4: 0 | E4: =C4-D4 -> 0 | G4: 0 | H4: 0 | I4: =G4-H4 -> 0
B5: Engineering | C5: 0 | D5: 0 | E5: =C5-D5 -> 0 | G5: 0 | H5: 0 | I5: =G5-H5 -> 0
B6: Procurement | C6: 0 | D6: 0 | E6: =C6-D6 -> 0 | G6: 0 | H6: 0 | I6: =G6-H6 -> 0
Z17: ='Resources Status'!E3 -> 97648

Sheet Resources Status
B2: Sr. No. | C2: Vendor name | D2: Entity | E2: Category | F2: 45621 | G2: =F2+1 -> 45622 | H2: =G2+1 -> 45623 | I2: =H2+1 -> 45624 | J2: =I2+1 -> 45625 | K2: =J2+1 -> 45626 | L2: =K2+1 -> 45627 | M2: =L2+1 -> 45628 | N2: =M2+1 -> 45629 | ... JS2: =JR2+1 -> 45894
B3: Manpower | C3: Total | E3: =SUM(F3:JS3)*8 -> 97648 | F3: =F4+F5+F6+F9+F15+F18+F21+F24+F27+F33+F36 -> 6 | G3: =G4+G5+G6+G9+G15+G18+G21+G24+G27+G33+G36 -> 6 | H3: =H4+H5+H6+H9+H15+H18+H21+H24+H27+H33+H36 -> 8 | I3: =I4+I5+I6+I9+I15+I18+I21+I24+I27+I33+I36 -> 9 | J3: =J4+J5+J6+J9+J15+J18+J21+J24+J27+J33+J36 -> 12 | K3: =K4+K5+K6+K9+K15+K18+K21+K24+K27+K33+K36 -> 12 | L3: =L4+L5+L6+L9+L15+L18+L21+L24+L27+L33+L36 -> 15 | M3: =M4+M5+M6+M9+M15+M18+M21+M24+M27+M33+M36 -> 17 | ... CG3: =CG4+CG5+CG6+CG9+CG15+CG18+CG21+CG24+CG27+CG33+CG36 -> 137 | CH3: =CH4+CH5+CH6+CH9+CH15+CH18+CH21+CH24+CH27+CH33+CH36+CH39+CH42 -> 112 | CI3: =CI4+CI5+CI6+CI9+CI15+CI18+CI21+CI24+CI27+CI33+CI36+CI39+CI42 -> 113 | CJ3: =CJ4+CJ5+CJ6+CJ9+CJ15+CJ18+CJ21+CJ24+CJ27+CJ33+CJ36+CJ39+CJ42 -> 120 | CK3: =CK4+CK5+CK6+CK9+CK15+CK18+CK21+CK24+CK27+CK33+CK36+CK39+CK42 -> 120 | CL3: =CL4+CL5+CL6+CL9+CL15+CL18+CL21+CL24+CL27+CL33+CL36+CL39+CL42 -> 120 | CM3: =CM4+CM5+CM6+CM9+CM15+CM18+CM21+CM24+CM27+CM33+CM36+CM39+CM42 -> 120 | CN3: =CN4+CN5+CN6+CN9+CN15+CN18+CN21+CN24+CN27+CN33+CN36+CN39+CN42 -> 119 | CO3: =CO4+CO5+CO6+CO9+CO15+CO18+CO21+CO24+CO27+CO33+CO36+CO39+CO42 -> 120 | ... CW3: =CW4+CW5+CW6+CW9+CW15+CW18+CW21+CW24+CW27+CW33+CW36+CW39+CW42 -> 125 | CX3: =CX4+CX5+CX6+CX9+CX15+CX18+CX21+CX24+CX27+CX33+CX36+CX39+CX42+CX12+CX30+CX45+CX48+CX51+CX54 -> 131 | CY3: =CY4+CY5+CY6+CY9+CY15+CY18+CY21+CY24+CY27+CY33+CY36+CY39+CY42+CY12+CY30+CY45+CY48+CY51+CY54 -> 130 | CZ3: =CZ4+CZ5+CZ6+CZ9+CZ15+CZ18+CZ21+CZ24+CZ27+CZ33+CZ36+CZ39+CZ42+CZ12+CZ30+CZ45+CZ48+CZ51+CZ54 -> 133 | DA3: =DA4+DA5+DA6+DA9+DA15+DA18+DA21+DA24+DA27+DA33+DA36+DA39+DA42+DA12+DA30+DA45+DA48+DA51+DA54 -> 128 | DB3: =DB4+DB5+DB6+DB9+DB15+DB18+DB21+DB24+DB27+DB33+DB36+DB39+DB42+DB12+DB30+DB45+DB48+DB51+DB54 -> 127 | DC3: =DC4+DC5+DC6+DC9+DC15+DC18+DC21+DC24+DC27+DC33+DC36+DC39+DC42+DC12+DC30+DC45+DC48+DC51+DC54 -> 127 | DD3: =DD4+DD5+DD6+DD9+DD15+DD18+DD21+DD24+DD27+DD33+DD36+DD39+DD42+DD12+DD30+DD45+DD48+DD51+DD54 -> 130 | DE3: =DE4+DE5+DE6+DE9+DE15+DE18+DE21+DE24+DE27+DE33+DE36+DE39+DE42+DE12+DE30+DE45+DE48+DE51+DE54 -> 130 | ... FB3: =FB4+FB5+FB6+FB9+FB15+FB18+FB21+FB24+FB27+FB33+FB36+FB39+FB42+FB12+FB30+FB45+FB48+FB51+FB54 -> 0 | FC3: =FC4+FC5+FC6+FC9+FC15+FC18+FC21+FC24+FC27+FC33+FC36+FC39+FC42+FC45+FC48+FC51 -> 0 | FD3: =FD4+FD5+FD6+FD9+FD15+FD18+FD21+FD24+FD27+FD33+FD36+FD39+FD42+FD45+FD48+FD51 -> 0 | FE3: =FE4+FE5+FE6+FE9+FE15+FE18+FE21+FE24+FE27+FE33+FE36+FE39+FE42+FE45+FE48+FE51 -> 0 | FF3: =FF4+FF5+FF6+FF9+FF15+FF18+FF21+FF24+FF27+FF33+FF36+FF39+FF42+FF45+FF48+FF51 -> 0 | FG3: =FG4+FG5+FG6+FG9+FG15+FG18+FG21+FG24+FG27+FG33+FG36+FG39+FG42+FG45+FG48+FG51 -> 0 | FH3: =FH4+FH5+FH6+FH9+FH15+FH18+FH21+FH24+FH27+FH33+FH36+FH39+FH42+FH45+FH48+FH51 -> 0 | FI3: =FI4+FI5+FI6+FI9+FI15+FI18+FI21+FI24+FI27+FI33+FI36+FI39 -> 0 | FJ3: =FJ4+FJ5+FJ6+FJ9+FJ15+FJ18+FJ21+FJ24+FJ27+FJ33+FJ36+FJ39 -> 0 | FK3: =FK4+FK5+FK6+FK9+FK15+FK18+FK21+FK24+FK27+FK33+FK36+FK39 -> 0 | FL3: =FL4+FL5+FL6+FL9+FL15+FL18+FL21+FL24+FL27+FL33+FL36+FL39 -> 0 | FM3: =FM4+FM5+FM6+FM9+FM15+FM18+FM21+FM24+FM27+FM33+FM36+FM39 -> 0 | FN3: =FN4+FN5+FN6+FN9+FN15+FN18+FN21+FN24+FN27+FN33+FN36+FN39 -> 0 | FO3: =FO4+FO5+FO6+FO9+FO15+FO18+FO21+FO24+FO27+FO33+FO36+FO39 -> 0 | FP3: =FP4+FP5+FP6+FP9+FP15+FP18+FP21+FP24+FP27+FP33+FP36+FP39 -> 0 | ... GQ3: =GQ4+GQ5+GQ6+GQ9+GQ15+GQ18+GQ21+GQ24+GQ27+GQ33+GQ36+GQ39 -> 0 | GR3: =GR4+GR5+GR6+GR9+GR15+GR18+GR21+GR24+GR27+GR33+GR36 -> 0 | GS3: =GS4+GS5+GS6+GS9+GS15+GS18+GS21+GS24+GS27+GS33+GS36 -> 0 | GT3: =GT4+GT5+GT6+GT9+GT15+GT18+GT21+GT24+GT27+GT33+GT36 -> 0 | GU3: =GU4+GU5+GU6+GU9+GU15+GU18+GU21+GU24+GU27+GU33+GU36 -> 0 | GV3: =GV4+GV5+GV6+GV9+GV15+GV18+GV21+GV24+GV27+GV33+GV36 -> 0 | GW3: =GW4+GW5+GW6+GW9+GW15+GW18+GW21+GW24+GW27+GW33+GW36 -> 0 | GX3: =GX4+GX5+GX6+GX9+GX15+GX18+GX21+GX24+GX27+GX33+GX36 -> 0 | GY3: =GY4+GY5+GY6+GY9+GY15+GY18+GY21+GY24+GY27+GY33+GY36 -> 0 | GZ3: =GZ4+GZ5+GZ6+GZ9+GZ15 -> 0 | HA3: =HA4+HA5+HA6+HA9+HA15 -> 0 | HB3: =HB4+HB5+HB6+HB9+HB15 -> 0 | HC3: =HC4+HC5+HC6+HC9+HC15 -> 0 | HD3: =HD4+HD5+HD6+HD9+HD15 -> 0 | HE3: =HE4+HE5+HE6+HE9+HE15 -> 0 | HF3: =HF4+HF5+HF6+HF9+HF15 -> 0 | HG3: =HG4+HG5+HG6+HG9+HG15 -> 0 | ... JS3: =JS4+JS5+JS6+JS9+JS15 -> 0
B4: 1 | C4: O2 Power | E4: Staff | F4: 3 | G4: 3 | H4: 5 | I4: 6 | J4: 7 | K4: 7 | L4: 7 | M4: 7 | N4: 7 | O4: 7 | P4: 7 | Q4: 7 | R4: 7 | S4: 7 | T4: 7 | U4: 7 | V4: 8 | W4: 8 | X4: 8 | Y4: 8 | Z4: 8 | AA4: 13 | AB4: 13 | AC4: 13 | AD4: 13 | AE4: 13 | AF4: 13 | AG4: 11 | AH4: 11 | AI4: 14 | AJ4: 14 | AK4: 14 | AL4: 14 | AM4: 14 | AN4: 14 | AO4: 13 | AP4: 13 | AQ4: 13 | AR4: 13 | AS4: 13 | AT4: 13 | AU4: 13 | AV4: 13 | AW4: 10 | AX4: 10 | AY4: 10 | AZ4: 10 | BA4: 11 | BB4: 11 | BC4: 11 | BD4: 11 | BE4: 11 | BF4: 11 | BG4: 11 | BH4: 11 | BI4: 11 | BJ4: 12 | BK4: 12 | BL4: 12 | BM4: 12 | BN4: 12 | BO4: 12 | BP4: 12 | BQ4: 12 | BR4: 12 | BS4: 12 | BT4: 12 | BU4: 13 | BV4: 13 | BW4: 13 | BX4: 13 | BY4: 15 | BZ4: 17 | CA4: 17 | CB4: 17 | CC4: 17 | CD4: 17 | CE4: 17 | CF4: 17 | CG4: 17 | CH4: 17 | CI4: 17 | CJ4: 17 | CK4: 17 | CL4: 17 | CM4: 17 | CN4: 17 | CO4: 17 | CP4: 17 | CQ4: 17 | CR4: 17 | CS4: 17 | CT4: 17 | CU4: 17 | CV4: 17 | CW4: 17 | CX4: 17 | CY4: 17 | CZ4: 17 | DA4: 17 | DB4: 17 | DC4: 17 | DD4: 17 | DE4: 17 | DF4: 17 | DG4: 18 | DH4: 18 | DI4: 18 | DJ4: 18 | DK4: 0 | DL4: 25 | DM4: 25 | DN4: 25 | DO4: 25 | DP4: 25 | DQ4: 25 | DR4: 25 | DS4: 25 | DT4: 25 | DU4: 25 | DV4: 25 | DW4: 25 | DX4: 25 | DY4: 25 | DZ4: 25 | EA4: 25 | EB4: 25 | EC4: 25 | ED4: 25 | EE4: 25 | EF4: 25 | EG4: 25 | EH4: 25 | EI4: 25 | EJ4: 25 | EK4: 25 | EL4: 25
E5: Surveyor | F5: 0 | G5: 0 | H5: 0 | I5: 0 | J5: 0 | K5: 0 | L5: 0 | M5: 0 | N5: 2 | O5: 2 | P5: 0 | Q5: 0 | R5: 0 | S5: 0 | T5: 0 | U5: 0 | V5: 0 | W5: 0 | X5: 0 | Y5: 0 | Z5: 0 | AA5: 0 | AB5: 0 | AC5: 0 | AD5: 0 | AE5: 0 | AF5: 0 | AG5: 0 | AH5: 0 | AI5: 0 | AJ5: 0 | AK5: 0 | AL5: 0 | AM5: 0 | AN5: 0 | AO5: 0 | AP5: 0 | AQ5: 0 | AR5: 0 | AS5: 0 | AT5: 0 | AU5: 0 | AV5: 0 | AW5: 0 | AX5: 0 | AY5: 0 | AZ5: 0 | BA5: 0 | BB5: 0 | BC5: 0 | BD5: 0 | BE5: 0 | BF5: 0 | BG5: 0 | BH5: 0 | BI5: 0 | BJ5: 0 | BK5: 0 | BL5: 0 | BM5: 0 | BN5: 0 | BO5: 0 | BP5: 0 | BQ5: 0 | BR5: 0 | BS5: 0 | BT5: 0 | BU5: 0 | BV5: 0 | BW5: 0 | BX5: 0 | BY5: 0 | BZ5: 0 | CA5: 0 | CB5: 0 | CC5: 0 | CD5: 0 | CE5: 0 | CF5: 0 | CG5: 0 | CH5: 0 | CI5: 0 | CJ5: 0 | CK5: 0 | CL5: 0 | CM5: 0 | CN5: 0 | CO5: 0 | CP5: 0 | CQ5: 0 | CR5: 0 | CS5: 0 | CT5: 0 | CU5: 0 | CV5: 0 | CW5: 0 | CX5: 0 | CY5: 0 | CZ5: 0 | DA5: 0 | DB5: 0 | DC5: 0 | DD5: 0 | DE5: 0 | DF5: 0 | DG5: 0 | DH5: 0 | DI5: 0 | DJ5: 0 | DK5: 0 | DL5: 0 | DM5: 0 | DN5: 0 | DO5: 0 | DP5: 0 | DQ5: 0 | DR5: 0 | DS5: 0 | DT5: 0 | DU5: 0 | DV5: 0 | DW5: 0 | DX5: 0 | DY5: 0 | DZ5: 0 | EA5: 0 | EB5: 0 | EC5: 0 | ED5: 0 | EE5: 0 | EF5: 0 | EG5: 0 | EH5: 0 | EI5: 0 | EJ5: 0 | EK5: 0 | EL5: 0
E6: Security | F6: 2 | G6: 2 | H6: 2 | I6: 2 | J6: 2 | K6: 2 | L6: 2 | M6: 2 | N6: 2 | O6: 2 | P6: 2 | Q6: 2 | R6: 2 | S6: 2 | T6: 2 | U6: 2 | V6: 2 | W6: 2 | X6: 2 | Y6: 2 | Z6: 2 | AA6: 4 | AB6: 4 | AC6: 4 | AD6: 4 | AE6: 4 | AF6: 4 | AG6: 4 | AH6: 4 | AI6: 11 | AJ6: 11 | AK6: 11 | AL6: 11 | AM6: 11 | AN6: 11 | AO6: 11 | AP6: 11 | AQ6: 11 | AR6: 11 | AS6: 11 | AT6: 11 | AU6: 11 | AV6: 11 | AW6: 11 | AX6: 12 | AY6: 12 | AZ6: 12 | BA6: 12 | BB6: 12 | BC6: 12 | BD6: 12 | BE6: 12 | BF6: 12 | BG6: 12 | BH6: 12 | BI6: 12 | BJ6: 12 | BK6: 15 | BL6: 15 | BM6: 15 | BN6: 15 | BO6: 15 | BP6: 15 | BQ6: 15 | BR6: 15 | BS6: 15 | BT6: 15 | BU6: 15 | BV6: 15 | BW6: 15 | BX6: 15 | BY6: 15 | BZ6: 15 | CA6: 15 | CB6: 15 | CC6: 15 | CD6: 15 | CE6: 15 | CF6: 15 | CG6: 15 | CH6: 15 | CI6: 15 | CJ6: 15 | CK6: 15 | CL6: 15 | CM6: 15 | CN6: 15 | CO6: 14 | CP6: 14 | CQ6: 14 | CR6: 14 | CS6: 14 | CT6: 14 | CU6: 14 | CV6: 14 | CW6: 14 | CX6: 14 | CY6: 14 | CZ6: 14 | DA6: 14 | DB6: 14 | DC6: 14 | DD6: 14 | DE6: 14 | DF6: 14 | DG6: 14 | DH6: 14 | DI6: 14 | DJ6: 14 | DK6: 14 | DL6: 14 | DM6: 14 | DN6: 18 | DO6: 18 | DP6: 18 | DQ6: 18 | DR6: 18 | DS6: 18 | DT6: 18 | DU6: 18 | DV6: 18 | DW6: 18 | DX6: 18 | DY6: 18 | DZ6: 18 | EA6: 18 | EB6: 18 | EC6: 18 | ED6: 18 | EE6: 18 | EF6: 18 | EG6: 18 | EH6: 18 | EI6: 18 | EJ6: 18 | EK6: 18 | EL6: =17+14 -> 31
B7: 2 | C7: Desert Infra | D7: Energizent Power Pvt. Ltd | E7: Staff | F7: 1 | G7: 1 | H7: 1 | I7: 1 | J7: 1 | K7: 1 | L7: 1 | M7: 1 | N7: 1 | O7: 1 | P7: 1 | Q7: 1 | R7: 1 | S7: 1 | T7: 4 | U7: 4 | V7: 4 | W7: 3 | X7: 3 | Y7: 2 | Z7: 2 | AA7: 2 | AB7: 2 | AC7: 2 | AD7: 2 | AE7: 2 | AF7: 2 | AG7: 2 | AH7: 2 | AI7: 2 | AJ7: 2 | AK7: 2 | AL7: 2 | AM7: 2 | AN7: 2 | AO7: 2 | AP7: 2 | AQ7: 0 | AR7: 2 | AS7: 2 | AT7: 2 | AU7: 2 | AV7: 2 | AW7: 2 | AX7: 2 | AY7: 2 | AZ7: 2 | BA7: 2 | BB7: 2 | BC7: 2 | BD7: 2 | BE7: 2 | BF7: 2 | BG7: 2 | BH7: 2 | BI7: 2 | BJ7: 1 | BK7: 1 | BL7: 1 | BM7: 1 | BN7: 1 | BO7: 1 | BP7: 1 | BQ7: 1 | BR7: 1 | BS7: 1 | BT7: 1 | BU7: 2 | BV7: 2 | BW7: 2 | BX7: 2 | BY7: 2 | BZ7: 2 | CA7: 2 | CB7: 4 | CC7: 4 | CD7: 4 | CE7: 4 | CF7: 4 | CG7: 4 | CH7: 2 | CI7: 2 | CJ7: 2 | CK7: 2 | CL7: 2 | CM7: 2 | CN7: 3 | CO7: 3 | CP7: 3 | CQ7: 3 | CR7: 3 | CS7: 3 | CT7: 2 | CU7: 2 | CV7: 2 | CW7: 3 | CX7: 3 | CY7: 3 | CZ7: 3 | DA7: 3 | DB7: 3 | DC7: 3 | DD7: 3 | DE7: 3 | DF7: 3 | DG7: 2 | DH7: 2 | DI7: 2 | DJ7: 2 | DK7: 0 | DL7: 1 | DM7: 1 | DN7: 1 | DO7: 1 | DP7: 1 | DQ7: 1 | DR7: 2 | DS7: 2 | DT7: 2 | DU7: 2 | DV7: 2 | DW7: 1 | DX7: 2 | DY7: 1 | DZ7: 1 | EA7: 1 | EB7: 1 | EC7: 1 | ED7: 1 | EE7: 1 | EF7: 1 | EG7: 1 | EH7: 1 | EI7: 1 | EJ7: 1 | EK7: 1 | EL7: 1
E8: Worker | F8: 0 | G8: 0 | H8: 0 | I8: 0 | J8: 0 | K8: 0 | L8: 3 | M8: 3 | N8: 3 | O8: 3 | P8: 3 | Q8: 3 | R8: 3 | S8: 3 | T8: 8 | U8: 8 | V8: 8 | W8: 15 | X8: 15 | Y8: 13 | Z8: 11 | AA8: 14 | AB8: 14 | AC8: 12 | AD8: 11 | AE8: 11 | AF8: 11 | AG8: 16 | AH8: 16 | AI8: 16 | AJ8: 16 | AK8: 16 | AL8: 16 | AM8: 16 | AN8: 16 | AO8: 12 | AP8: 13 | AQ8: 0 | AR8: 16 | AS8: 16 | AT8: 16 | AU8: 16 | AV8: 8 | AW8: 16 | AX8: 13 | AY8: 13 | AZ8: 13 | BA8: 13 | BB8: 13 | BC8: 4 | BD8: 7 | BE8: 7 | BF8: 5 | BG8: 5 | BH8: 7 | BI8: 7 | BJ8: 10 | BK8: 10 | BL8: 10 | BM8: 10 | BN8: =14+3 -> 17 | BO8: 14 | BP8: 14 | BQ8: 14 | BR8: 14 | BS8: 4 | BT8: 4 | BU8: 13 | BV8: 13 | BW8: 13 | BX8: 13 | BY8: 13 | BZ8: 13 | CA8: 13 | CB8: 18 | CC8: 18 | CD8: 18 | CE8: 18 | CF8: 18 | CG8: 18 | CH8: 16 | CI8: 16 | CJ8: 16 | CK8: 16 | CL8: 15 | CM8: 15 | CN8: 12 | CO8: 14 | CP8: 14 | CQ8: 14 | CR8: 14 | CS8: 14 | CT8: 14 | CU8: =15+3 -> 18 | CV8: 12 | CW8: 11 | CX8: 11 | CY8: 11 | CZ8: 11 | DA8: 11 | DB8: 11 | DC8: 11 | DD8: 5 | DE8: 5 | DF8: 5 | DG8: 13 | DH8: 13 | DI8: 13 | DJ8: 6 | DK8: 0 | DL8: 6 | DM8: 7 | DN8: 7 | DO8: 4 | DP8: =9 -> 9 | DQ8: 7 | DR8: =6 -> 6 | DS8: =6 -> 6 | DT8: =11 -> 11 | DU8: =11 -> 11 | DV8: =6 -> 6 | DW8: 7 | DX8: =6 -> 6 | DY8: =10 -> 10 | DZ8: =10 -> 10 | EA8: 7 | EB8: 11 | EC8: 11 | ED8: 12 | EE8: 12 | EF8: 12 | EG8: 9 | EH8: 9 | EI8: 20 | EJ8: 20 | EK8: 15 | EL8: 10
E9: Total | F9: =SUM(F7:F8) -> 1 | G9: =SUM(G7:G8) -> 1 | H9: =SUM(H7:H8) -> 1 | I9: =SUM(I7:I8) -> 1 | J9: =SUM(J7:J8) -> 1 | K9: =SUM(K7:K8) -> 1 | L9: =SUM(L7:L8) -> 4 | M9: =SUM(M7:M8) -> 4 | ... CS9: =SUM(CS7:CS8) -> 17 | CT9: =CT8+CT7 -> 16 | CU9: =CU8+CU7 -> 20 | CV9: =CV8+CV7 -> 14 | CW9: =CW8+CW7 -> 14 | CX9: =CX8+CX7 -> 14 | CY9: =CY8+CY7 -> 14 | CZ9: =CZ8+CZ7 -> 14 | DA9: =DA8+DA7 -> 14 | ... DY9: =DY8+DY7 -> 11 | DZ9: =SUM(DZ7:DZ8) -> 11 | EA9: =SUM(EA7:EA8) -> 8 | EB9: =SUM(EB7:EB8) -> 12 | EC9: =SUM(EC7:EC8) -> 12 | ED9: =SUM(ED7:ED8) -> 13 | EE9: =SUM(EE7:EE8) -> 13 | EF9: =SUM(EF7:EF8) -> 13 | EG9: =SUM(EG7:EG8) -> 10 | ... JS9: =SUM(JS7:JS8) -> 0
D10: Teq XVII Pvt. Ltd. | E10: Staff | CX10: 0 | CY10: 0 | CZ10: 0 | DA10: 0 | DB10: 0 | DC10: 0 | DD10: 0 | DE10: 0 | DF10: 0 | DG10: 0 | DH10: 0 | DI10: 0 | DJ10: 0 | DK10: 0 | DL10: 0 | DM10: 0 | DN10: 0 | DO10: 1 | DP10: 0 | DQ10: 0 | DR10: 0 | DS10: 0 | DT10: 0 | DU10: 0 | DV10: 0 | DW10: 0 | DX10: 0 | DY10: 0 | DZ10: 0 | EA10: 0 | EB10: 0 | EC10: 0 | ED10: 0 | EE10: 0 | EF10: 0 | EG10: 0 | EH10: 0 | EI10: 0 | EJ10: 0 | EK10: 0 | EL10: 1
E11: Worker | CX11: 0 | CY11: 0 | CZ11: 0 | DA11: 0 | DB11: 0 | DC11: 0 | DD11: 0 | DE11: 0 | DF11: 0 | DG11: 0 | DH11: 0 | DI11: 0 | DJ11: 0 | DK11: 0 | DL11: 0 | DM11: 0 | DN11: 0 | DO11: 5 | DP11: 2 | DQ11: 0 | DR11: 3 | DS11: 5 | DT11: 7 | DU11: 7 | DV11: 4 | DW11: 4 | DX11: 3 | DY11: 3 | DZ11: 2 | EA11: 0 | EB11: 0 | EC11: 0 | ED11: 0 | EE11: 0 | EF11: 0 | EG11: 2 | EH11: 2 | EI11: 2 | EJ11: 2 | EK11: 2 | EL11: 5
E12: Total | CX12: =CX10+CX11 -> 0 | CY12: =CY10+CY11 -> 0 | CZ12: =CZ10+CZ11 -> 0 | DA12: =DA10+DA11 -> 0 | DB12: =DB10+DB11 -> 0 | DC12: =DC10+DC11 -> 0 | DD12: =DD10+DD11 -> 0 | DE12: =DE10+DE11 -> 0 | ... IT12: =IT10+IT11 -> 0
B13: 3 | C13: Sanchiyay | D13: Energizent Power Pvt. Ltd | E13: Staff | F13: 0 | G13: 0 | H13: 0 | I13: 0 | J13: 2 | K13: 2 | L13: 2 | M13: 2 | N13: 2 | O13: 2 | P13: 2 | Q13: 2 | R13: 3 | S13: 3 | T13: 3 | U13: 2 | V13: 2 | W13: 2 | X13: 2 | Y13: 2 | Z13: 2 | AA13: 2 | AB13: 3 | AC13: 3 | AD13: 3 | AE13: 3 | AF13: 2 | AG13: 2 | AH13: 2 | AI13: 3 | AJ13: 3 | AK13: 3 | AL13: 2 | AM13: 2 | AN13: 2 | AO13: 2 | AP13: 2 | AQ13: 0 | AR13: 2 | AS13: 3 | AT13: 3 | AU13: 3 | AV13: 3 | AW13: 3 | AX13: 3 | AY13: 3 | AZ13: 3 | BA13: 3 | BB13: 3 | BC13: 3 | BD13: 3 | BE13: 3 | BF13: 3 | BG13: 3 | BH13: 3 | BI13: 3 | BJ13: 3 | BK13: 3 | BL13: 3 | BM13: 3 | BN13: 3 | BO13: 3 | BP13: 3 | BQ13: 3 | BR13: 3 | BS13: 3 | BT13: 3 | BU13: 3 | BV13: 3 | BW13: 3 | BX13: 3 | BY13: 3 | BZ13: 2 | CA13: 3 | CB13: 2 | CC13: 2 | CD13: 2 | CE13: 2 | CF13: 2 | CG13: 2 | CH13: 2 | CI13: 2 | CJ13: 2 | CK13: 2 | CL13: 2 | CM13: 2 | CN13: 2 | CO13: 2 | CP13: 2 | CQ13: 2 | CR13: 0 | CS13: 2 | CT13: 2 | CU13: 2 | CV13: 2 | CW13: 2 | CX13: 2 | CY13: 2 | CZ13: 2 | DA13: 2 | DB13: 2 | DC13: 2 | DD13: 2 | DE13: 2 | DF13: 2 | DG13: 2 | DH13: 2 | DI13: 2 | DJ13: 0 | DK13: 0 | DL13: 1 | DM13: 1 | DN13: 1 | DO13: 1 | DP13: 1 | DQ13: 1 | DR13: 1 | DS13: 1 | DT13: 1 | DU13: 1 | DV13: 1 | DW13: 1 | DX13: 1 | DY13: 1 | DZ13: 1 | EA13: 1 | EB13: 1 | EC13: 1 | ED13: 1 | EE13: 1 | EF13: 1 | EG13: 1 | EH13: 1 | EI13: 1 | EJ13: 1 | EK13: 1 | EL13: 1
E14: Worker | F14: 0 | G14: 0 | H14: 0 | I14: 0 | J14: 0 | K14: 0 | L14: 0 | M14: 2 | N14: 2 | O14: 2 | P14: 2 | Q14: 10 | R14: 9 | S14: 9 | T14: 9 | U14: 9 | V14: 9 | W14: 13 | X14: 13 | Y14: 9 | Z14: 9 | AA14: 8 | AB14: 9 | AC14: 9 | AD14: 10 | AE14: 13 | AF14: 13 | AG14: 4 | AH14: 13 | AI14: 13 | AJ14: 8 | AK14: 8 | AL14: 7 | AM14: 7 | AN14: 2 | AO14: 5 | AP14: 7 | AQ14: 0 | AR14: 12 | AS14: 12 | AT14: 12 | AU14: 12 | AV14: 11 | AW14: 14 | AX14: 14 | AY14: 14 | AZ14: 14 | BA14: 14 | BB14: 14 | BC14: 14 | BD14: 17 | BE14: 17 | BF14: 17 | BG14: 17 | BH14: 17 | BI14: 17 | BJ14: 22 | BK14: 20 | BL14: 20 | BM14: 20 | BN14: 20 | BO14: 20 | BP14: 20 | BQ14: 17 | BR14: 17 | BS14: 17 | BT14: 17 | BU14: 16 | BV14: 16 | BW14: 16 | BX14: 26 | BY14: 20 | BZ14: 12 | CA14: 11 | CB14: 12 | CC14: 12 | CD14: 12 | CE14: 12 | CF14: 12 | CG14: 12 | CH14: 10 | CI14: 10 | CJ14: 10 | CK14: 10 | CL14: 12 | CM14: 12 | CN14: 12 | CO14: 12 | CP14: 12 | CQ14: 12 | CR14: 0 | CS14: 10 | CT14: 10 | CU14: 10 | CV14: 12 | CW14: 12 | CX14: 12 | CY14: 12 | CZ14: 12 | DA14: 9 | DB14: 9 | DC14: 9 | DD14: 9 | DE14: 9 | DF14: 9 | DG14: 6 | DH14: 6 | DI14: 6 | DJ14: 0 | DK14: 0 | DL14: 2 | DM14: 4 | DN14: 4 | DO14: 4 | DP14: 4 | DQ14: 6 | DR14: 6 | DS14: 6 | DT14: 4 | DU14: 4 | DV14: 8 | DW14: 10 | DX14: 8 | DY14: 8 | DZ14: 4 | EA14: 4 | EB14: 4 | EC14: 4 | ED14: 9 | EE14: 9 | EF14: 11 | EG14: 11 | EH14: 11 | EI14: 11 | EJ14: 11 | EK14: 12 | EL14: 12
E15: Total | F15: =SUM(F13:F14) -> 0 | G15: =SUM(G13:G14) -> 0 | H15: =SUM(H13:H14) -> 0 | I15: =SUM(I13:I14) -> 0 | J15: =SUM(J13:J14) -> 2 | K15: =SUM(K13:K14) -> 2 | L15: =SUM(L13:L14) -> 2 | M15: =SUM(M13:M14) -> 4 | ... CS15: =SUM(CS13:CS14) -> 12 | CT15: =CT14+CT13 -> 12 | CU15: =CU14+CU13 -> 12 | CV15: =CV14+CV13 -> 14 | CW15: =CW14+CW13 -> 14 | CX15: =CX14+CX13 -> 14 | CY15: =CY14+CY13 -> 14 | CZ15: =CZ14+CZ13 -> 14 | DA15: =DA14+DA13 -> 11 | ... EE15: =EE14+EE13 -> 10 | EF15: =SUM(EF13:EF14) -> 12 | EG15: =SUM(EG13:EG14) -> 12 | EH15: =SUM(EH13:EH14) -> 12 | EI15: =SUM(EI13:EI14) -> 12 | EJ15: =SUM(EJ13:EJ14) -> 12 | EK15: =SUM(EK13:EK14) -> 13 | EL15: =SUM(EL13:EL14) -> 13 | EM15: =SUM(EM13:EM14) -> 0 | ... JS15: =SUM(JS13:JS14) -> 0
B16: 4 | C16: JCC | D16: Energizent Power Pvt. Ltd | E16: Staff | F16: 0 | G16: 0 | H16: 0 | I16: 0 | J16: 0 | K16: 0 | L16: 0 | M16: 0 | N16: 0 | O16: 0 | P16: 0 | Q16: 0 | R16: 0 | S16: 0 | T16: 0 | U16: 0 | V16: 0 | W16: 0 | X16: 0 | Y16: 1 | Z16: 1 | AA16: 1 | AB16: 1 | AC16: 1 | AD16: 1 | AE16: 1 | AF16: 1 | AG16: 1 | AH16: 1 | AI16: 2 | AJ16: 1 | AK16: 1 | AL16: 2 | AM16: 2 | AN16: 2 | AO16: 2 | AP16: 2 | AQ16: 0 | AR16: 3 | AS16: 3 | AT16: 3 | AU16: 3 | AV16: 3 | AW16: 3 | AX16: 3 | AY16: 3 | AZ16: 3 | BA16: 3 | BB16: 3 | BC16: 3 | BD16: 3 | BE16: 3 | BF16: 3 | BG16: 3 | BH16: 3 | BI16: 3 | BJ16: 3 | BK16: 3 | BL16: 3 | BM16: 3 | BN16: 3 | BO16: 3 | BP16: 3 | BQ16: 3 | BR16: 3 | BS16: 3 | BT16: 3 | BU16: 3 | BV16: 3 | BW16: 3 | BX16: 3 | BY16: 3 | BZ16: 3 | CA16: 3 | CB16: 3 | CC16: 3 | CD16: 2 | CE16: 2 | CF16: 2 | CG16: 2 | CH16: 3 | CI16: 3 | CJ16: 3 | CK16: 3 | CL16: 3 | CM16: 3 | CN16: 3 | CO16: 3 | CP16: 3 | CQ16: 3 | CR16: 3 | CS16: 3 | CT16: 3 | CU16: 3 | CV16: 2 | CW16: 2 | CX16: 2 | CY16: 2 | CZ16: 2 | DA16: 2 | DB16: 2 | DC16: 2 | DD16: 2 | DE16: 2 | DF16: 2 | DG16: 2 | DH16: 2 | DI16: 2 | DJ16: 2 | DK16: 0 | DL16: 0 | DM16: 1 | DN16: 1 | DO16: 1 | DP16: 2 | DQ16: 1 | DR16: 2 | DS16: 2 | DT16: 2 | DU16: 2 | DV16: 1 | DW16: 1 | DX16: 1 | DY16: 1 | DZ16: 1 | EA16: 1 | EB16: 1 | EC16: 1 | ED16: 1 | EE16: 1 | EF16: 1 | EG16: 1 | EH16: 1 | EI16: 1 | EJ16: 1 | EK16: 1 | EL16: 1
E17: Worker | F17: 0 | G17: 0 | H17: 0 | I17: 0 | J17: 0 | K17: 0 | L17: 0 | M17: 0 | N17: 0 | O17: 0 | P17: 0 | Q17: 0 | R17: 0 | S17: 0 | T17: 0 | U17: 0 | V17: 0 | W17: 0 | X17: 0 | Y17: 0 | Z17: 0 | AA17: 6 | AB17: 8 | AC17: 8 | AD17: 7 | AE17: 8 | AF17: 12 | AG17: 8 | AH17: 14 | AI17: 14 | AJ17: 14 | AK17: 14 | AL17: 14 | AM17: 16 | AN17: 17 | AO17: 17 | AP17: 17 | AQ17: 0 | AR17: 15 | AS17: 15 | AT17: 15 | AU17: 15 | AV17: 15 | AW17: 15 | AX17: 15 | AY17: 15 | AZ17: 18 | BA17: 18 | BB17: 18 | BC17: 18 | BD17: 16 | BE17: 17 | BF17: 16 | BG17: 16 | BH17: 15 | BI17: 15 | BJ17: 12 | BK17: 13 | BL17: =11+4 -> 15 | BM17: =11+4 -> 15 | BN17: =18+4 -> 22 | BO17: 19 | BP17: 19 | BQ17: 19 | BR17: 19 | BS17: 19 | BT17: 19 | BU17: 6 | BV17: 16 | BW17: 20 | BX17: 20 | BY17: 18 | BZ17: 18 | CA17: 14 | CB17: 14 | CC17: 14 | CD17: 14 | CE17: 14 | CF17: 14 | CG17: 14 | CH17: 10 | CI17: 10 | CJ17: 10 | CK17: 10 | CL17: 10 | CM17: 10 | CN17: =9+4 -> 13 | CO17: =9+4 -> 13 | CP17: =9+4 -> 13 | CQ17: =9+4 -> 13 | CR17: =9+4 -> 13 | CS17: 11 | CT17: 11 | CU17: =9+5 -> 14 | CV17: 9 | CW17: 6 | CX17: 6 | CY17: 6 | CZ17: =6+5 -> 11 | DA17: 10 | DB17: 10 | DC17: 10 | DD17: =4+3 -> 7 | DE17: =4+3 -> 7 | DF17: =4+3 -> 7 | DG17: =4+5 -> 9 | DH17: =3+5 -> 8 | DI17: =3+5 -> 8 | DJ17: 4 | DK17: 0 | DL17: 0 | DM17: 4 | DN17: 4 | DO17: 9 | DP17: 11 | DQ17: 12 | DR17: 11 | DS17: 7 | DT17: 11 | DU17: 11 | DV17: 11 | DW17: 11 | DX17: 10 | DY17: 10 | DZ17: 12 | EA17: 12 | EB17: 12 | EC17: 12 | ED17: 12 | EE17: 12 | EF17: 12 | EG17: 10 | EH17: 10 | EI17: 7 | EJ17: 7 | EK17: 8 | EL17: 6
E18: Total | F18: =SUM(F16:F17) -> 0 | G18: =SUM(G16:G17) -> 0 | H18: =SUM(H16:H17) -> 0 | I18: =SUM(I16:I17) -> 0 | J18: =SUM(J16:J17) -> 0 | K18: =SUM(K16:K17) -> 0 | L18: =SUM(L16:L17) -> 0 | M18: =SUM(M16:M17) -> 0 | ... CS18: =SUM(CS16:CS17) -> 14 | CT18: =CT17+CT16 -> 14 | CU18: =CU17+CU16 -> 17 | CV18: =CV17+CV16 -> 11 | CW18: =CW17+CW16 -> 8 | CX18: =CX17+CX16 -> 8 | CY18: =CY17+CY16 -> 8 | CZ18: =CZ17+CZ16 -> 13 | DA18: =DA17+DA16 -> 12 | ... DH18: =DH17+DH16 -> 10 | DI18: =SUM(DI16:DI17) -> 10 | DJ18: =SUM(DJ16:DJ17) -> 6 | DK18: =SUM(DK16:DK17) -> 0 | DL18: =SUM(DL16:DL17) -> 0 | DM18: =SUM(DM16:DM17) -> 5 | DN18: =SUM(DN16:DN17) -> 5 | DO18: =SUM(DO16:DO17) -> 10 | DP18: =SUM(DP16:DP17) -> 13 | ... JS18: =SUM(JS16:JS17) -> 0
B19: 5 | C19: Super Construction | D19: Energizent Power Pvt. Ltd | E19: Staff | F19: 0 | G19: 0 | H19: 0 | I19: 0 | J19: 0 | K19: 0 | L19: 0 | M19: 0 | N19: 0 | O19: 0 | P19: 0 | Q19: 0 | R19: 0 | S19: 0 | T19: 0 | U19: 0 | V19: 0 | W19: 0 | X19: 0 | Y19: 0 | Z19: 0 | AA19: 0 | AB19: 0 | AC19: 0 | AD19: 0 | AE19: 0 | AF19: 0 | AG19: 0 | AH19: 0 | AI19: 0 | AJ19: 0 | AK19: 0 | AL19: 0 | AM19: 0 | AN19: 0 | AO19: 0 | AP19: 0 | AQ19: 0 | AR19: 0 | AS19: 0 | AT19: 0 | AU19: 0 | AV19: 0 | AW19: 0 | AX19: 2 | AY19: 2 | AZ19: 2 | BA19: 2 | BB19: 0 | BC19: 1 | BD19: 1 | BE19: 1 | BF19: 1 | BG19: 1 | BH19: 1 | BI19: 1 | BJ19: 1 | BK19: 1 | BL19: 0 | BM19: 0 | BN19: 0 | BO19: 0 | BP19: 0 | BQ19: 0 | BR19: 0 | BS19: 0 | BT19: 0 | BU19: 0 | BV19: 0 | BW19: 0 | BX19: 1 | BY19: 0 | BZ19: 0 | CA19: 0 | CB19: 0 | CC19: 0 | CD19: 0 | CE19: 0 | CF19: 0 | CG19: 0 | CH19: 0 | CI19: 0 | CJ19: 0 | CK19: 0 | CL19: 0 | CM19: 0 | CN19: 0 | CO19: 0 | CP19: 0 | CQ19: 0 | CR19: 0 | CS19: 0 | CT19: 0 | CU19: 0 | CV19: 0 | CW19: 0 | CX19: 0 | CY19: 0 | CZ19: 0 | DA19: 0 | DB19: 0 | DC19: 0 | DD19: 0 | DE19: 0 | DF19: 0 | DG19: 0 | DH19: 0 | DI19: 0 | DJ19: 0 | DK19: 0 | DL19: 0 | DM19: 0 | DN19: 0 | DO19: 0 | DP19: 0 | DQ19: 0 | DR19: 0 | DS19: 0 | DT19: 0 | DU19: 0 | DV19: 0 | DW19: 0 | DX19: 0 | DY19: 0 | DZ19: 0 | EA19: 0 | EB19: 0 | EC19: 0 | ED19: 0 | EE19: 0 | EF19: 0 | EG19: 0 | EH19: 0 | EI19: 0 | EJ19: 0 | EK19: 0 | EL19: 0
E20: Worker | F20: 0 | G20: 0 | H20: 0 | I20: 0 | J20: 0 | K20: 0 | L20: 0 | M20: 0 | N20: 0 | O20: 0 | P20: 0 | Q20: 0 | R20: 0 | S20: 0 | T20: 0 | U20: 0 | V20: 0 | W20: 0 | X20: 0 | Y20: 0 | Z20: 0 | AA20: 0 | AB20: 0 | AC20: 0 | AD20: 0 | AE20: 0 | AF20: 0 | AG20: 0 | AH20: 0 | AI20: 0 | AJ20: 0 | AK20: 0 | AL20: 0 | AM20: 0 | AN20: 0 | AO20: 0 | AP20: 0 | AQ20: 0 | AR20: 0 | AS20: 0 | AT20: 0 | AU20: 0 | AV20: 0 | AW20: 0 | AX20: 6 | AY20: 6 | AZ20: 6 | BA20: 6 | BB20: 6 | BC20: 5 | BD20: 5 | BE20: 5 | BF20: 5 | BG20: 5 | BH20: 5 | BI20: 5 | BJ20: 5 | BK20: 5 | BL20: 0 | BM20: 0 | BN20: 0 | BO20: 0 | BP20: 0 | BQ20: 0 | BR20: 0 | BS20: 0 | BT20: 0 | BU20: 0 | BV20: 0 | BW20: 0 | BX20: 2 | BY20: 0 | BZ20: 0 | CA20: 0 | CB20: 0 | CC20: 0 | CD20: 0 | CE20: 0 | CF20: 0 | CG20: 0 | CH20: 0 | CI20: 0 | CJ20: 0 | CK20: 0 | CL20: 0 | CM20: 0 | CN20: 0 | CO20: 0 | CP20: 0 | CQ20: 0 | CR20: 0 | CS20: 0 | CT20: 0 | CU20: 0 | CV20: 0 | CW20: 0 | CX20: 0 | CY20: 0 | CZ20: 0 | DA20: 0 | DB20: 0 | DC20: 0 | DD20: 0 | DE20: 0 | DF20: 0 | DG20: 0 | DH20: 0 | DI20: 0 | DJ20: 0 | DK20: 0 | DL20: 0 | DM20: 0 | DN20: 0 | DO20: 0 | DP20: 0 | DQ20: 0 | DR20: 0 | DS20: 0 | DT20: 0 | DU20: 0 | DV20: 0 | DW20: 0 | DX20: 0 | DY20: 0 | DZ20: 0 | EA20: 0 | EB20: 0 | EC20: 0 | ED20: 0 | EE20: 0 | EF20: 0 | EG20: 0 | EH20: 0 | EI20: 0 | EJ20: 0 | EK20: 0 | EL20: 0
E21: Total | F21: =SUM(F19:F20) -> 0 | G21: =SUM(G19:G20) -> 0 | H21: =SUM(H19:H20) -> 0 | I21: =SUM(I19:I20) -> 0 | J21: =SUM(J19:J20) -> 0 | K21: =SUM(K19:K20) -> 0 | L21: =SUM(L19:L20) -> 0 | M21: =SUM(M19:M20) -> 0 | ... CS21: =SUM(CS19:CS20) -> 0 | CT21: =CT20+CT19 -> 0 | CU21: =CU20+CU19 -> 0 | CV21: =CV20+CV19 -> 0 | CW21: =CW20+CW19 -> 0 | CX21: =CX20+CX19 -> 0 | CY21: =CY20+CY19 -> 0 | CZ21: =CZ20+CZ19 -> 0 | DA21: =DA20+DA19 -> 0 | ... DI21: =DI20+DI19 -> 0 | DJ21: =SUM(DJ19:DJ20) -> 0 | DK21: =SUM(DK19:DK20) -> 0 | DL21: =SUM(DL19:DL20) -> 0 | DM21: =SUM(DM19:DM20) -> 0 | DN21: =SUM(DN19:DN20) -> 0 | DO21: =SUM(DO19:DO20) -> 0 | DP21: =SUM(DP19:DP20) -> 0 | DQ21: =SUM(DQ19:DQ20) -> 0 | ... JS21: =SUM(JS19:JS20) -> 0
B22: 6 | C22: Paramhans Infra | D22: Energizent Power Pvt. Ltd | E22: Staff | U22: 0 | V22: 0 | W22: 0 | X22: 0 | Y22: 0 | Z22: 0 | AA22: 0 | AB22: 0 | AC22: 0 | AD22: 0 | AE22: 0 | AF22: 0 | AG22: 0 | AH22: 0 | AI22: 0 | AJ22: 0 | AK22: 0 | AL22: 0 | AM22: 0 | AN22: 0 | AO22: 0 | AP22: 0 | AQ22: 0 | AR22: 0 | AS22: 0 | AT22: 0 | AU22: 0 | AV22: 0 | AW22: 0 | AX22: 0 | AY22: 0 | AZ22: 0 | BA22: 0 | BB22: 0 | BC22: 0 | BD22: 0 | BE22: 0 | BF22: 0 | BG22: 2 | BH22: 2 | BI22: 1 | BJ22: 1 | BK22: 0 | BL22: 1 | BM22: 1 | BN22: 1 | BO22: 1 | BP22: 0 | BQ22: 1 | BR22: 1 | BS22: 1 | BT22: 2 | BU22: 2 | BV22: 2 | BW22: 3 | BX22: 1 | BY22: 0 | BZ22: 2 | CA22: 2 | CB22: 2 | CC22: 2 | CD22: 2 | CE22: 2 | CF22: 2 | CG22: 2 | CH22: 2 | CI22: 2 | CJ22: 2 | CK22: 2 | CL22: 2 | CM22: 2 | CN22: 2 | CO22: 2 | CP22: 2 | CQ22: 2 | CR22: 0 | CS22: 0 | CT22: 2 | CU22: 2 | CV22: 2 | CW22: 2 | CX22: 2 | CY22: 2 | CZ22: 2 | DA22: 2 | DB22: 1 | DC22: 1 | DD22: 1 | DE22: 1 | DF22: 1 | DG22: 1 | DH22: 0 | DI22: 1 | DJ22: 0 | DK22: 0 | DL22: 1 | DM22: 1 | DN22: 1 | DO22: 1 | DP22: 1 | DQ22: 1 | DR22: 1 | DS22: 1 | DT22: 1 | DU22: 1 | DV22: 1 | DW22: 1 | DX22: 1 | DY22: 1 | DZ22: 0 | EA22: 1 | EB22: 1 | EC22: 1 | ED22: 1 | EE22: 1 | EF22: 1 | EG22: 0 | EH22: 1 | EI22: 1 | EJ22: 1 | EK22: 1 | EL22: 1
E23: Worker | U23: 0 | V23: 0 | W23: 0 | X23: 0 | Y23: 0 | Z23: 0 | AA23: 0 | AB23: 0 | AC23: 0 | AD23: 0 | AE23: 0 | AF23: 0 | AG23: 0 | AH23: 0 | AI23: 0 | AJ23: 0 | AK23: 0 | AL23: 0 | AM23: 0 | AN23: 0 | AO23: 0 | AP23: 0 | AQ23: 0 | AR23: 0 | AS23: 0 | AT23: 0 | AU23: 0 | AV23: 0 | AW23: 0 | AX23: 0 | AY23: 0 | AZ23: 0 | BA23: 0 | BB23: 0 | BC23: 0 | BD23: 0 | BE23: 0 | BF23: 0 | BG23: 4 | BH23: 4 | BI23: 4 | BJ23: 4 | BK23: 0 | BL23: 4 | BM23: 4 | BN23: 9 | BO23: 8 | BP23: 0 | BQ23: 8 | BR23: 8 | BS23: 8 | BT23: 13 | BU23: 13 | BV23: 13 | BW23: =8+5 -> 13 | BX23: 5 | BY23: 0 | BZ23: 16 | CA23: 16 | CB23: 16 | CC23: 16 | CD23: 16 | CE23: 12 | CF23: 15 | CG23: 12 | CH23: 14 | CI23: =6+9 -> 15 | CJ23: =6+9 -> 15 | CK23: 15 | CL23: 15 | CM23: 15 | CN23: 13 | CO23: 13 | CP23: =6+9 -> 15 | CQ23: =6+9 -> 15 | CR23: 0 | CS23: 0 | CT23: 14 | CU23: 14 | CV23: 14 | CW23: 17 | CX23: 17 | CY23: 17 | CZ23: 14 | DA23: 14 | DB23: 13 | DC23: 13 | DD23: 5 | DE23: 5 | DF23: 5 | DG23: 5 | DH23: 0 | DI23: 5 | DJ23: 0 | DK23: 0 | DL23: 5 | DM23: 5 | DN23: 5 | DO23: 5 | DP23: 5 | DQ23: 5 | DR23: 5 | DS23: 5 | DT23: 5 | DU23: 5 | DV23: =3+5 -> 8 | DW23: =2+5 -> 7 | DX23: 5 | DY23: 5 | DZ23: 0 | EA23: 5 | EB23: 4 | EC23: =7+5 -> 12 | ED23: =3+5 -> 8 | EE23: =3+4 -> 7 | EF23: 7 | EG23: 0 | EH23: 4 | EI23: 3 | EJ23: 3 | EK23: 3 | EL23: 4
E24: Total | F24: =SUM(F22:F23) -> 0 | G24: =SUM(G22:G23) -> 0 | H24: =SUM(H22:H23) -> 0 | I24: =SUM(I22:I23) -> 0 | J24: =SUM(J22:J23) -> 0 | K24: =SUM(K22:K23) -> 0 | L24: =SUM(L22:L23) -> 0 | M24: =SUM(M22:M23) -> 0 | ... CS24: =SUM(CS22:CS23) -> 0 | CT24: =CT23+CT22 -> 16 | CU24: =CU23+CU22 -> 16 | CV24: =CV23+CV22 -> 16 | CW24: =CW23+CW22 -> 19 | CX24: =CX23+CX22 -> 19 | CY24: =CY23+CY22 -> 19 | CZ24: =CZ23+CZ22 -> 16 | DA24: =DA23+DA22 -> 16 | ... DI24: =DI23+DI22 -> 6 | DJ24: =SUM(DJ22:DJ23) -> 0 | DK24: =SUM(DK22:DK23) -> 0 | DL24: =SUM(DL22:DL23) -> 6 | DM24: =SUM(DM22:DM23) -> 6 | DN24: =SUM(DN22:DN23) -> 6 | DO24: =SUM(DO22:DO23) -> 6 | DP24: =SUM(DP22:DP23) -> 6 | DQ24: =SUM(DQ22:DQ23) -> 6 | ... JS24: =SUM(JS22:JS23) -> 0
B25: 7 | C25: Seema Enterprises | D25: Energizent Power Pvt. Ltd | E25: Staff | U25: 0 | V25: 0 | W25: 0 | X25: 0 | Y25: 0 | Z25: 0 | AA25: 0 | AB25: 0 | AC25: 0 | AD25: 0 | AE25: 0 | AF25: 0 | AG25: 0 | AH25: 0 | AI25: 0 | AJ25: 0 | AK25: 0 | AL25: 0 | AM25: 0 | AN25: 0 | AO25: 0 | AP25: 0 | AQ25: 0 | AR25: 0 | AS25: 0 | AT25: 0 | AU25: 0 | AV25: 0 | AW25: 0 | AX25: 0 | AY25: 0 | AZ25: 0 | BA25: 0 | BB25: 0 | BC25: 0 | BD25: 0 | BE25: 0 | BF25: 0 | BG25: 0 | BH25: 2 | BI25: 2 | BJ25: 2 | BK25: 2 | BL25: 2 | BM25: 2 | BN25: 2 | BO25: 2 | BP25: 0 | BQ25: 2 | BR25: 2 | BS25: 2 | BT25: 2 | BU25: 2 | BV25: 2 | BW25: 2 | BX25: 2 | BY25: 2 | BZ25: 2 | CA25: 2 | CB25: 2 | CC25: 2 | CD25: 2 | CE25: 2 | CF25: 2 | CG25: 2 | CH25: 2 | CI25: 2 | CJ25: 2 | CK25: 2 | CL25: 1 | CM25: 1 | CN25: 2 | CO25: 2 | CP25: 2 | CQ25: 2 | CR25: 2 | CS25: 2 | CT25: 2 | CU25: 2 | CV25: 2 | CW25: 2 | CX25: 0 | CY25: 0 | CZ25: 0 | DA25: 0 | DB25: 0 | DC25: 0 | DD25: 0 | DE25: 0 | DF25: 0 | DG25: 0 | DH25: 0 | DI25: 0 | DJ25: 0 | DK25: 0 | DL25: 0 | DM25: 0 | DN25: 0 | DO25: 1 | DP25: 1 | DQ25: 1 | DR25: 1 | DS25: 1 | DT25: 1 | DU25: 1 | DV25: 1 | DW25: 1 | DX25: 1 | DY25: 1 | DZ25: 0 | EA25: 1 | EB25: 1 | EC25: 1 | ED25: 1 | EE25: 1 | EF25: 1 | EG25: 0 | EH25: 0 | EI25: 0 | EJ25: 1 | EK25: 1 | EL25: 1
E26: Worker | U26: 0 | V26: 0 | W26: 0 | X26: 0 | Y26: 0 | Z26: 0 | AA26: 0 | AB26: 0 | AC26: 0 | AD26: 0 | AE26: 0 | AF26: 0 | AG26: 0 | AH26: 0 | AI26: 0 | AJ26: 0 | AK26: 0 | AL26: 0 | AM26: 0 | AN26: 0 | AO26: 0 | AP26: 0 | AQ26: 0 | AR26: 0 | AS26: 0 | AT26: 0 | AU26: 0 | AV26: 0 | AW26: 0 | AX26: 0 | AY26: 0 | AZ26: 0 | BA26: 0 | BB26: 0 | BC26: 0 | BD26: 0 | BE26: 0 | BF26: 0 | BG26: 0 | BH26: 6 | BI26: 6 | BJ26: 6 | BK26: 6 | BL26: 6 | BM26: 6 | BN26: 6 | BO26: 6 | BP26: 0 | BQ26: 6 | BR26: 6 | BS26: 6 | BT26: 5 | BU26: 5 | BV26: 5 | BW26: 5 | BX26: 5 | BY26: 6 | BZ26: 12 | CA26: 12 | CB26: 12 | CC26: 12 | CD26: 12 | CE26: 12 | CF26: 13 | CG26: 13 | CH26: 13 | CI26: 13 | CJ26: 13 | CK26: 13 | CL26: 13 | CM26: 13 | CN26: 8 | CO26: 8 | CP26: 15 | CQ26: 15 | CR26: 5 | CS26: 5 | CT26: 5 | CU26: 11 | CV26: 11 | CW26: 8 | CX26: 0 | CY26: 0 | CZ26: 0 | DA26: 0 | DB26: 0 | DC26: 0 | DD26: 0 | DE26: 0 | DF26: 0 | DG26: 0 | DH26: 0 | DI26: 0 | DJ26: 0 | DK26: 0 | DL26: 0 | DM26: 0 | DN26: 0 | DO26: 2 | DP26: 5 | DQ26: 5 | DR26: 5 | DS26: 5 | DT26: 6 | DU26: 6 | DV26: 6 | DW26: 7 | DX26: 5 | DY26: 5 | DZ26: 0 | EA26: 4 | EB26: 4 | EC26: 7 | ED26: 5 | EE26: 5 | EF26: 5 | EG26: 0 | EH26: 0 | EI26: 0 | EJ26: 5 | EK26: 5 | EL26: 5
E27: Total | F27: =SUM(F25:F26) -> 0 | G27: =SUM(G25:G26) -> 0 | H27: =SUM(H25:H26) -> 0 | I27: =SUM(I25:I26) -> 0 | J27: =SUM(J25:J26) -> 0 | K27: =SUM(K25:K26) -> 0 | L27: =SUM(L25:L26) -> 0 | M27: =SUM(M25:M26) -> 0 | ... CS27: =SUM(CS25:CS26) -> 7 | CT27: =CT26+CT25 -> 7 | CU27: =CU26+CU25 -> 13 | CV27: =CV26+CV25 -> 13 | CW27: =CW26+CW25 -> 10 | CX27: =CX26+CX25 -> 0 | CY27: =CY26+CY25 -> 0 | CZ27: =CZ26+CZ25 -> 0 | DA27: =DA26+DA25 -> 0 | ... DI27: =DI26+DI25 -> 0 | DJ27: =SUM(DJ25:DJ26) -> 0 | DK27: =SUM(DK25:DK26) -> 0 | DL27: =SUM(DL25:DL26) -> 0 | DM27: =SUM(DM25:DM26) -> 0 | DN27: =SUM(DN25:DN26) -> 0 | DO27: =SUM(DO25:DO26) -> 3 | DP27: =SUM(DP25:DP26) -> 6 | DQ27: =SUM(DQ25:DQ26) -> 6 | ... JS27: =SUM(JS25:JS26) -> 0
D28: Teq XV Pvt. Ltd. | E28: Staff | CX28: 2 | CY28: 2 | CZ28: 2 | DA28: 2 | DB28: 2 | DC28: 2 | DD28: 2 | DE28: 2 | DF28: 2 | DG28: 0 | DH28: 0 | DI28: 0 | DJ28: 0 | DK28: 0 | DL28: 0 | DM28: 0 | DN28: 0 | DO28: 0 | DP28: 0 | DQ28: 0 | DR28: 0 | DS28: 0 | DT28: 0 | DU28: 0 | DV28: 0 | DW28: 0 | DX28: 0 | DY28: 0 | DZ28: 0 | EA28: 0 | EB28: 0 | EC28: 0 | ED28: 0 | EE28: 0 | EF28: 0 | EG28: 0 | EH28: 0 | EI28: 0 | EJ28: 0 | EK28: 0 | EL28: 0
E29: Worker | CX29: 8 | CY29: 8 | CZ29: 8 | DA29: 8 | DB29: 8 | DC29: 8 | DD29: 8 | DE29: 8 | DF29: 8 | DG29: 0 | DH29: 0 | DI29: 0 | DJ29: 0 | DK29: 0 | DL29: 0 | DM29: 0 | DN29: 0 | DO29: 0 | DP29: 0 | DQ29: 0 | DR29: 0 | DS29: 0 | DT29: 0 | DU29: 0 | DV29: 0 | DW29: 0 | DX29: 0 | DY29: 0 | DZ29: 0 | EA29: 0 | EB29: 0 | EC29: 0 | ED29: 0 | EE29: 0 | EF29: 0 | EG29: 0 | EH29: 0 | EI29: 0 | EJ29: 0 | EK29: 0 | EL29: 0
E30: Total | CX30: =CX28+CX29 -> 10 | CY30: =CY28+CY29 -> 10 | CZ30: =CZ28+CZ29 -> 10 | DA30: =DA28+DA29 -> 10 | DB30: =DB28+DB29 -> 10 | DC30: =DC28+DC29 -> 10 | DD30: =DD28+DD29 -> 10 | DE30: =DE28+DE29 -> 10 | ... FB30: =FB28+FB29 -> 0
B31: 8 | C31: KC Construction | D31: Energizent Power Pvt. Ltd | E31: Staff | U31: 0 | V31: 0 | W31: 0 | X31: 0 | Y31: 0 | Z31: 0 | AA31: 0 | AB31: 0 | AC31: 0 | AD31: 0 | AE31: 0 | AF31: 0 | AG31: 0 | AH31: 0 | AI31: 0 | AJ31: 0 | AK31: 0 | AL31: 0 | AM31: 0 | AN31: 0 | AO31: 0 | AP31: 0 | AQ31: 0 | AR31: 0 | AS31: 0 | AT31: 0 | AU31: 0 | AV31: 0 | AW31: 0 | AX31: 0 | AY31: 0 | AZ31: 0 | BA31: 0 | BB31: 0 | BC31: 0 | BD31: 0 | BE31: 0 | BF31: 0 | BG31: 0 | BH31: 0 | BI31: 0 | BJ31: 0 | BK31: 0 | BL31: 0 | BM31: 0 | BN31: 0 | BO31: 0 | BP31: 0 | BQ31: 0 | BR31: 0 | BS31: 0 | BT31: 0 | BU31: 0 | BV31: 0 | BW31: 0 | BX31: 0 | BY31: 0 | BZ31: 0 | CA31: 0 | CB31: 2 | CC31: 2 | CD31: 2 | CE31: 2 | CF31: 2 | CG31: 2 | CH31: 0 | CI31: 0 | CJ31: 0 | CK31: 0 | CL31: 0 | CM31: 0 | CN31: 1 | CO31: 1 | CP31: 2 | CQ31: 2 | CR31: 2 | CS31: 2 | CT31: 2 | CU31: 2 | CV31: 2 | CW31: 2 | CX31: 2 | CY31: 2 | CZ31: 2 | DA31: 2 | DB31: 2 | DC31: 2 | DD31: 2 | DE31: 2 | DF31: 2 | DG31: 2 | DH31: 0 | DI31: 0 | DJ31: 0 | DK31: 0 | DL31: 0 | DM31: 0 | DN31: 0 | DO31: 0 | DP31: 0 | DQ31: 0 | DR31: 0 | DS31: 0 | DT31: 0 | DU31: 1 | DV31: 1 | DW31: 1 | DX31: 0 | DY31: 0 | DZ31: 0 | EA31: 0 | EB31: 0 | EC31: 0 | ED31: 0 | EE31: 0 | EF31: 0 | EG31: 0 | EH31: 0 | EI31: 0 | EJ31: 0 | EK31: 0 | EL31: 0
E32: Worker | U32: 0 | V32: 0 | W32: 0 | X32: 0 | Y32: 0 | Z32: 0 | AA32: 0 | AB32: 0 | AC32: 0 | AD32: 0 | AE32: 0 | AF32: 0 | AG32: 0 | AH32: 0 | AI32: 0 | AJ32: 0 | AK32: 0 | AL32: 0 | AM32: 0 | AN32: 0 | AO32: 0 | AP32: 0 | AQ32: 0 | AR32: 0 | AS32: 0 | AT32: 0 | AU32: 0 | AV32: 0 | AW32: 0 | AX32: 0 | AY32: 0 | AZ32: 0 | BA32: 0 | BB32: 0 | BC32: 0 | BD32: 0 | BE32: 0 | BF32: 0 | BG32: 0 | BH32: 0 | BI32: 0 | BJ32: 0 | BK32: 0 | BL32: 0 | BM32: 0 | BN32: 0 | BO32: 0 | BP32: 0 | BQ32: 0 | BR32: 0 | BS32: 0 | BT32: 0 | BU32: 0 | BV32: 0 | BW32: 0 | BX32: 0 | BY32: 0 | BZ32: 0 | CA32: 0 | CB32: 5 | CC32: 5 | CD32: 5 | CE32: 4 | CF32: 4 | CG32: 4 | CH32: 0 | CI32: 0 | CJ32: 0 | CK32: 0 | CL32: 0 | CM32: 0 | CN32: 2 | CO32: 2 | CP32: 6 | CQ32: 6 | CR32: 6 | CS32: 6 | CT32: 6 | CU32: 6 | CV32: 6 | CW32: 6 | CX32: 6 | CY32: 5 | CZ32: 6 | DA32: 5 | DB32: 5 | DC32: 5 | DD32: 8 | DE32: 8 | DF32: 8 | DG32: 5 | DH32: 0 | DI32: 0 | DJ32: 0 | DK32: 0 | DL32: 0 | DM32: 0 | DN32: 0 | DO32: 0 | DP32: 0 | DQ32: 0 | DR32: 0 | DS32: 0 | DT32: 0 | DU32: 3 | DV32: 5 | DW32: 5 | DX32: 0 | DY32: 0 | DZ32: 0 | EA32: 0 | EB32: 0 | EC32: 0 | ED32: 0 | EE32: 0 | EF32: 0 | EG32: 0 | EH32: 0 | EI32: 0 | EJ32: 0 | EK32: 0 | EL32: 0
E33: Total | F33: =SUM(F31:F32) -> 0 | G33: =SUM(G31:G32) -> 0 | H33: =SUM(H31:H32) -> 0 | I33: =SUM(I31:I32) -> 0 | J33: =SUM(J31:J32) -> 0 | K33: =SUM(K31:K32) -> 0 | L33: =SUM(L31:L32) -> 0 | M33: =SUM(M31:M32) -> 0 | ... CS33: =SUM(CS31:CS32) -> 8 | CT33: =CT32+CT31 -> 8 | CU33: =CU32+CU31 -> 8 | CV33: =CV32+CV31 -> 8 | CW33: =CW32+CW31 -> 8 | CX33: =CX32+CX31 -> 8 | CY33: =CY32+CY31 -> 7 | CZ33: =CZ32+CZ31 -> 8 | DA33: =DA32+DA31 -> 7 | ... DI33: =DI32+DI31 -> 0 | DJ33: =SUM(DJ31:DJ32) -> 0 | DK33: =SUM(DK31:DK32) -> 0 | DL33: =SUM(DL31:DL32) -> 0 | DM33: =SUM(DM31:DM32) -> 0 | DN33: =SUM(DN31:DN32) -> 0 | DO33: =SUM(DO31:DO32) -> 0 | DP33: =SUM(DP31:DP32) -> 0 | DQ33: =SUM(DQ31:DQ32) -> 0 | ... JS33: =SUM(JS31:JS32) -> 0
B34: 9 | C34: SR Constructions | D34: Energizent Power Pvt. Ltd | E34: Staff | U34: 0 | V34: 0 | W34: 0 | X34: 0 | Y34: 0 | Z34: 0 | AA34: 0 | AB34: 0 | AC34: 0 | AD34: 0 | AE34: 0 | AF34: 0 | AG34: 0 | AH34: 0 | AI34: 0 | AJ34: 0 | AK34: 0 | AL34: 0 | AM34: 0 | AN34: 0 | AO34: 0 | AP34: 0 | AQ34: 0 | AR34: 0 | AS34: 0 | AT34: 0 | AU34: 0 | AV34: 0 | AW34: 0 | AX34: 0 | AY34: 0 | AZ34: 0 | BA34: 0 | BB34: 0 | BC34: 0 | BD34: 0 | BE34: 0 | BF34: 0 | BG34: 0 | BH34: 0 | BI34: 0 | BJ34: 0 | BK34: 0 | BL34: 0 | BM34: 0 | BN34: 0 | BO34: 0 | BP34: 0 | BQ34: 0 | BR34: 0 | BS34: 0 | BT34: 0 | BU34: 0 | BV34: 1 | BW34: 1 | BX34: 1 | BY34: 1 | BZ34: 1 | CA34: 1 | CB34: 1 | CC34: 1 | CD34: 1 | CE34: 1 | CF34: 1 | CG34: 1 | CH34: 1 | CI34: 1 | CJ34: 1 | CK34: 1 | CL34: 1 | CM34: 1 | CN34: 1 | CO34: 1 | CP34: 1 | CQ34: 1 | CR34: 1 | CS34: 1 | CT34: 1 | CU34: 1 | CV34: 1 | CW34: 1 | CX34: 1 | CY34: 1 | CZ34: 1 | DA34: 1 | DB34: 1 | DC34: 1 | DD34: 1 | DE34: 1 | DF34: 1 | DG34: 1 | DH34: 1 | DI34: 1 | DJ34: 0 | DK34: 0 | DL34: 1 | DM34: 1 | DN34: 1 | DO34: 1 | DP34: 1 | DQ34: 1 | DR34: 1 | DS34: 1 | DT34: 1 | DU34: 1 | DV34: 1 | DW34: 1 | DX34: 1 | DY34: 1 | DZ34: 1 | EA34: 1 | EB34: 0 | EC34: 1 | ED34: 1 | EE34: 1 | EF34: 1 | EG34: 1 | EH34: 1 | EI34: 1 | EJ34: 1 | EK34: 1 | EL34: 1
E35: Worker | U35: 0 | V35: 0 | W35: 0 | X35: 0 | Y35: 0 | Z35: 0 | AA35: 0 | AB35: 0 | AC35: 0 | AD35: 0 | AE35: 0 | AF35: 0 | AG35: 0 | AH35: 0 | AI35: 0 | AJ35: 0 | AK35: 0 | AL35: 0 | AM35: 0 | AN35: 0 | AO35: 0 | AP35: 0 | AQ35: 0 | AR35: 0 | AS35: 0 | AT35: 0 | AU35: 0 | AV35: 0 | AW35: 0 | AX35: 0 | AY35: 0 | AZ35: 0 | BA35: 0 | BB35: 0 | BC35: 0 | BD35: 0 | BE35: 0 | BF35: 0 | BG35: 0 | BH35: 0 | BI35: 0 | BJ35: 0 | BK35: 0 | BL35: 0 | BM35: 0 | BN35: 0 | BO35: 0 | BP35: 0 | BQ35: 0 | BR35: 0 | BS35: 0 | BT35: 0 | BU35: 0 | BV35: 4 | BW35: 6 | BX35: 6 | BY35: 6 | BZ35: 6 | CA35: 11 | CB35: 11 | CC35: 8 | CD35: 13 | CE35: 13 | CF35: 17 | CG35: 17 | CH35: 5 | CI35: 5 | CJ35: 12 | CK35: 12 | CL35: 12 | CM35: 12 | CN35: 13 | CO35: 13 | CP35: 13 | CQ35: 13 | CR35: 13 | CS35: 13 | CT35: 13 | CU35: 13 | CV35: 13 | CW35: 12 | CX35: 12 | CY35: 12 | CZ35: 12 | DA35: 12 | DB35: 13 | DC35: 13 | DD35: 13 | DE35: 13 | DF35: 13 | DG35: 5 | DH35: 5 | DI35: 5 | DJ35: 0 | DK35: 0 | DL35: 4 | DM35: 6 | DN35: 5 | DO35: 5 | DP35: =6+3 -> 9 | DQ35: =6+4 -> 10 | DR35: =6+4 -> 10 | DS35: =7+4 -> 11 | DT35: =6+6 -> 12 | DU35: 6 | DV35: =6+7 -> 13 | DW35: =6 -> 6 | DX35: =6 -> 6 | DY35: =6 -> 6 | DZ35: =6 -> 6 | EA35: =6 -> 6 | EB35: 0 | EC35: 5 | ED35: =5 -> 5 | EE35: 11 | EF35: =5+2 -> 7 | EG35: =6+2 -> 8 | EH35: 5 | EI35: =6+4 -> 10 | EJ35: =6+4 -> 10 | EK35: 4 | EL35: =6+4 -> 10
E36: Total | F36: =SUM(F34:F35) -> 0 | G36: =SUM(G34:G35) -> 0 | H36: =SUM(H34:H35) -> 0 | I36: =SUM(I34:I35) -> 0 | J36: =SUM(J34:J35) -> 0 | K36: =SUM(K34:K35) -> 0 | L36: =SUM(L34:L35) -> 0 | M36: =SUM(M34:M35) -> 0 | ... CS36: =SUM(CS34:CS35) -> 14 | CT36: =CT35+CT34 -> 14 | CU36: =CU35+CU34 -> 14 | CV36: =CV35+CV34 -> 14 | CW36: =CW35+CW34 -> 13 | CX36: =CX35+CX34 -> 13 | CY36: =CY35+CY34 -> 13 | CZ36: =CZ35+CZ34 -> 13 | DA36: =DA35+DA34 -> 13 | ... DI36: =DI35+DI34 -> 6 | DJ36: =SUM(DJ34:DJ35) -> 0 | DK36: =SUM(DK34:DK35) -> 0 | DL36: =SUM(DL34:DL35) -> 5 | DM36: =SUM(DM34:DM35) -> 7 | DN36: =SUM(DN34:DN35) -> 6 | DO36: =SUM(DO34:DO35) -> 6 | DP36: =SUM(DP34:DP35) -> 10 | DQ36: =SUM(DQ34:DQ35) -> 11 | ... JS36: =SUM(JS34:JS35) -> 0
B37: 10 | C37: DS Constructions | D37: Energizent Power Pvt. Ltd | E37: Staff | CV37: 2 | CW37: 2 | CX37: 1 | CY37: 1 | CZ37: 1 | DA37: 1 | DB37: 1 | DC37: 1 | DD37: 1 | DE37: 1 | DF37: 1 | DG37: 1 | DH37: 1 | DI37: 1 | DJ37: 0 | DK37: 0 | DL37: 0 | DM37: 0 | DN37: 0 | DO37: 0 | DP37: 1 | DQ37: 1 | DR37: 1 | DS37: 1 | DT37: 1 | DU37: 1 | DV37: 1 | DW37: 1 | DX37: 1 | DY37: 1 | DZ37: 0 | EA37: 0 | EB37: 0 | EC37: 0 | ED37: 0 | EE37: 1 | EF37: 1 | EG37: 1 | EH37: 1 | EI37: 1 | EJ37: 1 | EK37: 1 | EL37: 1
E38: Worker | CV38: 6 | CW38: 6 | CX38: 8 | CY38: 8 | CZ38: 8 | DA38: 8 | DB38: 8 | DC38: 8 | DD38: 8 | DE38: 8 | DF38: 8 | DG38: 8 | DH38: 6 | DI38: 6 | DJ38: 0 | DK38: 0 | DL38: 0 | DM38: 0 | DN38: 0 | DO38: 0 | DP38: 4 | DQ38: 4 | DR38: 4 | DS38: 5 | DT38: 5 | DU38: 5 | DV38: 8 | DW38: 8 | DX38: 8 | DY38: 8 | DZ38: 0 | EA38: 0 | EB38: 0 | EC38: 0 | ED38: 0 | EE38: 5 | EF38: 5 | EG38: 5 | EH38: 5 | EI38: 5 | EJ38: 5 | EK38: 4 | EL38: 4
E39: Total | F39: =SUM(F37:F38) -> 0 | G39: =SUM(G37:G38) -> 0 | H39: =SUM(H37:H38) -> 0 | I39: =SUM(I37:I38) -> 0 | J39: =SUM(J37:J38) -> 0 | K39: =SUM(K37:K38) -> 0 | L39: =SUM(L37:L38) -> 0 | M39: =SUM(M37:M38) -> 0 | ... CS39: =SUM(CS37:CS38) -> 0 | CT39: =CT38+CT37 -> 0 | CU39: =CU38+CU37 -> 0 | CV39: =CV38+CV37 -> 8 | CW39: =CW38+CW37 -> 8 | CX39: =CX38+CX37 -> 9 | CY39: =CY38+CY37 -> 9 | CZ39: =CZ38+CZ37 -> 9 | DA39: =DA38+DA37 -> 9 | ... DI39: =DI38+DI37 -> 7 | DJ39: =SUM(DJ37:DJ38) -> 0 | DK39: =SUM(DK37:DK38) -> 0 | DL39: =SUM(DL37:DL38) -> 0 | DM39: =SUM(DM37:DM38) -> 0 | DN39: =SUM(DN37:DN38) -> 0 | DO39: =SUM(DO37:DO38) -> 0 | DP39: =SUM(DP37:DP38) -> 5 | DQ39: =SUM(DQ37:DQ38) -> 5 | ... JS39: =SUM(JS37:JS38) -> 0
B40: 11 | C40: NCC | D40: Energizent Power Pvt. Ltd | E40: Staff | CX40: 1 | CY40: 1 | CZ40: 1 | DA40: 1 | DB40: 1 | DC40: 1 | DD40: 1 | DE40: 1 | DF40: 1 | DG40: 0 | DH40: 0 | DI40: 0 | DJ40: 0 | DK40: 0 | DL40: 0 | DM40: 0 | DN40: 0 | DO40: 0 | DP40: 0 | DQ40: 0 | DR40: 0 | DS40: 0 | DT40: 0 | DU40: 0 | DV40: 0 | DW40: 0 | DX40: 0 | DY40: 0 | DZ40: 0 | EA40: 0 | EB40: 0 | EC40: 0 | ED40: 0 | EE40: 0 | EF40: 0 | EG40: 0 | EH40: 0 | EI40: 0 | EJ40: 0 | EK40: 0 | EL40: 0
E41: Worker | CX41: 4 | CY41: 4 | CZ41: 4 | DA41: 4 | DB41: 4 | DC41: 4 | DD41: 4 | DE41: 4 | DF41: 4 | DG41: 0 | DH41: 0 | DI41: 0 | DJ41: 0 | DK41: 0 | DL41: 0 | DM41: 0 | DN41: 0 | DO41: 0 | DP41: 0 | DQ41: 0 | DR41: 0 | DS41: 0 | DT41: 0 | DU41: 0 | DV41: 0 | DW41: 0 | DX41: 0 | DY41: 0 | DZ41: 0 | EA41: 0 | EB41: 0 | EC41: 0 | ED41: 0 | EE41: 0 | EF41: 0 | EG41: 0 | EH41: 0 | EI41: 0 | EJ41: 0 | EK41: 0 | EL41: 0
E42: Total | F42: =SUM(F40:F41) -> 0 | G42: =SUM(G40:G41) -> 0 | H42: =SUM(H40:H41) -> 0 | I42: =SUM(I40:I41) -> 0 | J42: =SUM(J40:J41) -> 0 | K42: =SUM(K40:K41) -> 0 | L42: =SUM(L40:L41) -> 0 | M42: =SUM(M40:M41) -> 0 | ... CS42: =SUM(CS40:CS41) -> 0 | CT42: =CT41+CT40 -> 0 | CU42: =CU41+CU40 -> 0 | CV42: =CV41+CV40 -> 0 | CW42: =CW41+CW40 -> 0 | CX42: =CX41+CX40 -> 5 | CY42: =CY41+CY40 -> 5 | CZ42: =CZ41+CZ40 -> 5 | DA42: =DA41+DA40 -> 5 | ... DI42: =DI41+DI40 -> 0 | DJ42: =SUM(DJ40:DJ41) -> 0 | DK42: =SUM(DK40:DK41) -> 0 | DL42: =SUM(DL40:DL41) -> 0 | DM42: =SUM(DM40:DM41) -> 0 | DN42: =SUM(DN40:DN41) -> 0 | DO42: =SUM(DO40:DO41) -> 0 | DP42: =SUM(DP40:DP41) -> 0 | DQ42: =SUM(DQ40:DQ41) -> 0 | ... JS42: =SUM(JS40:JS41) -> 0
B43: 12 | C43: Hartek | D43: Energizent Power Pvt. Ltd | E43: Staff | CX43: 0 | CY43: 0 | CZ43: 0 | DA43: 0 | DB43: 0 | DC43: 0 | DD43: 2 | DE43: 2 | DF43: 2 | DG43: 2 | DH43: 2 | DI43: 2 | DJ43: 2 | DK43: 0 | DL43: 2 | DM43: 2 | DN43: 2 | DO43: 2 | DP43: 2 | DQ43: 2 | DR43: 2 | DS43: 2 | DT43: 2 | DU43: 2 | DV43: 3 | DW43: 3 | DX43: 3 | DY43: 2 | DZ43: 3 | EA43: 3 | EB43: 0 | EC43: 3 | ED43: 3 | EE43: 3 | EF43: 3 | EG43: 2 | EH43: 3 | EI43: 3 | EJ43: 3 | EK43: 2 | EL43: 0
E44: Worker | CX44: 0 | CY44: 0 | CZ44: 0 | DA44: 0 | DB44: 0 | DC44: 0 | DD44: 15 | DE44: 15 | DF44: 15 | DG44: 15 | DH44: 15 | DI44: 15 | DJ44: 9 | DK44: 0 | DL44: 9 | DM44: 5 | DN44: 8 | DO44: 9 | DP44: 7 | DQ44: 13 | DR44: 9 | DS44: 9 | DT44: 9 | DU44: 14 | DV44: 10 | DW44: 10 | DX44: 9 | DY44: 6 | DZ44: 9 | EA44: 10 | EB44: 0 | EC44: 10 | ED44: 10 | EE44: 10 | EF44: 12 | EG44: 7 | EH44: 10 | EI44: 10 | EJ44: 10 | EK44: 7 | EL44: 0
E45: Total | F45: =SUM(F43:F44) -> 0 | G45: =SUM(G43:G44) -> 0 | H45: =SUM(H43:H44) -> 0 | I45: =SUM(I43:I44) -> 0 | J45: =SUM(J43:J44) -> 0 | K45: =SUM(K43:K44) -> 0 | L45: =SUM(L43:L44) -> 0 | M45: =SUM(M43:M44) -> 0 | ... CS45: =SUM(CS43:CS44) -> 0 | CT45: =CT44+CT43 -> 0 | CU45: =CU44+CU43 -> 0 | CV45: =CV44+CV43 -> 0 | CW45: =CW44+CW43 -> 0 | CX45: =CX44+CX43 -> 0 | CY45: =CY44+CY43 -> 0 | CZ45: =CZ44+CZ43 -> 0 | DA45: =DA44+DA43 -> 0 | ... DI45: =DI44+DI43 -> 17 | DJ45: =SUM(DJ43:DJ44) -> 11 | DK45: =SUM(DK43:DK44) -> 0 | DL45: =SUM(DL43:DL44) -> 11 | DM45: =SUM(DM43:DM44) -> 7 | DN45: =SUM(DN43:DN44) -> 10 | DO45: =SUM(DO43:DO44) -> 11 | DP45: =SUM(DP43:DP44) -> 9 | DQ45: =SUM(DQ43:DQ44) -> 15 | ... JS45: =SUM(JS43:JS44) -> 0
B46: 13 | C46: Sun Bright Infratech | D46: Energizent Power Pvt. Ltd | E46: Staff | CX46: 0 | CY46: 0 | CZ46: 0 | DA46: 0 | DB46: 0 | DC46: 0 | DD46: 0 | DE46: 0 | DF46: 0 | DG46: 0 | DH46: 0 | DI46: 0 | DJ46: 0 | DK46: 0 | DL46: 0 | DM46: 0 | DN46: 0 | DO46: 0 | DP46: 1 | DQ46: 1 | DR46: 1 | DS46: 1 | DT46: 1 | DU46: 2 | DV46: 1 | DW46: 1 | DX46: 1 | DY46: 1 | DZ46: 0 | EA46: 0 | EB46: 0 | EC46: 0 | ED46: 0 | EE46: 0 | EF46: 0 | EG46: 0 | EH46: 0 | EI46: 0 | EJ46: 0 | EK46: 0 | EL46: 0
E47: Worker | CX47: 0 | CY47: 0 | CZ47: 0 | DA47: 0 | DB47: 0 | DC47: 0 | DD47: 0 | DE47: 0 | DF47: 0 | DG47: 0 | DH47: 0 | DI47: 0 | DJ47: 0 | DK47: 0 | DL47: 0 | DM47: 0 | DN47: 0 | DO47: 0 | DP47: 2 | DQ47: 2 | DR47: 2 | DS47: 2 | DT47: 5 | DU47: 5 | DV47: 5 | DW47: 6 | DX47: 5 | DY47: 5 | DZ47: 0 | EA47: 0 | EB47: 0 | EC47: 0 | ED47: 0 | EE47: 0 | EF47: 0 | EG47: 0 | EH47: 0 | EI47: 0 | EJ47: 0 | EK47: 0 | EL47: 0
E48: Total | F48: =SUM(F46:F47) -> 0 | G48: =SUM(G46:G47) -> 0 | H48: =SUM(H46:H47) -> 0 | I48: =SUM(I46:I47) -> 0 | J48: =SUM(J46:J47) -> 0 | K48: =SUM(K46:K47) -> 0 | L48: =SUM(L46:L47) -> 0 | M48: =SUM(M46:M47) -> 0 | ... CS48: =SUM(CS46:CS47) -> 0 | CT48: =CT47+CT46 -> 0 | CU48: =CU47+CU46 -> 0 | CV48: =CV47+CV46 -> 0 | CW48: =CW47+CW46 -> 0 | CX48: =CX47+CX46 -> 0 | CY48: =CY47+CY46 -> 0 | CZ48: =CZ47+CZ46 -> 0 | DA48: =DA47+DA46 -> 0 | ... DI48: =DI47+DI46 -> 0 | DJ48: =SUM(DJ46:DJ47) -> 0 | DK48: =SUM(DK46:DK47) -> 0 | DL48: =SUM(DL46:DL47) -> 0 | DM48: =SUM(DM46:DM47) -> 0 | DN48: =SUM(DN46:DN47) -> 0 | DO48: =SUM(DO46:DO47) -> 0 | DP48: =SUM(DP46:DP47) -> 3 | DQ48: =SUM(DQ46:DQ47) -> 3 | ... JS48: =SUM(JS46:JS47) -> 0
B49: 14 | C49: JS Bhati Construction | D49: Energizent Power Pvt. Ltd | E49: Staff | CX49: 0 | CY49: 0 | CZ49: 0 | DA49: 0 | DB49: 0 | DC49: 0 | DD49: 0 | DE49: 0 | DF49: 0 | DG49: 0 | DH49: 0 | DI49: 0 | DJ49: 0 | DK49: 0 | DL49: 0 | DM49: 0 | DN49: 0 | DO49: 0 | DP49: 1 | DQ49: 1 | DR49: 1 | DS49: 1 | DT49: 1 | DU49: 1 | DV49: 1 | DW49: 1 | DX49: 1 | DY49: 1 | DZ49: 0 | EA49: 1 | EB49: 0 | EC49: 1 | ED49: 1 | EE49: 1 | EF49: 1 | EG49: 1 | EH49: 1 | EI49: 1 | EJ49: 1 | EK49: 1 | EL49: 1
E50: Worker | CX50: 0 | CY50: 0 | CZ50: 0 | DA50: 0 | DB50: 0 | DC50: 0 | DD50: 0 | DE50: 0 | DF50: 0 | DG50: 0 | DH50: 0 | DI50: 0 | DJ50: 0 | DK50: 0 | DL50: 0 | DM50: 0 | DN50: 0 | DO50: 0 | DP50: 3 | DQ50: 3 | DR50: 3 | DS50: 3 | DT50: 3 | DU50: 3 | DV50: 3 | DW50: 4 | DX50: 4 | DY50: 4 | DZ50: 0 | EA50: 2 | EB50: 0 | EC50: 2 | ED50: 2 | EE50: 6 | EF50: 6 | EG50: 7 | EH50: 5 | EI50: 5 | EJ50: 5 | EK50: 6 | EL50: 6
E51: Total | F51: =SUM(F49:F50) -> 0 | G51: =SUM(G49:G50) -> 0 | H51: =SUM(H49:H50) -> 0 | I51: =SUM(I49:I50) -> 0 | J51: =SUM(J49:J50) -> 0 | K51: =SUM(K49:K50) -> 0 | L51: =SUM(L49:L50) -> 0 | M51: =SUM(M49:M50) -> 0 | ... CS51: =SUM(CS49:CS50) -> 0 | CT51: =CT50+CT49 -> 0 | CU51: =CU50+CU49 -> 0 | CV51: =CV50+CV49 -> 0 | CW51: =CW50+CW49 -> 0 | CX51: =CX50+CX49 -> 0 | CY51: =CY50+CY49 -> 0 | CZ51: =CZ50+CZ49 -> 0 | DA51: =DA50+DA49 -> 0 | ... DI51: =DI50+DI49 -> 0 | DJ51: =SUM(DJ49:DJ50) -> 0 | DK51: =SUM(DK49:DK50) -> 0 | DL51: =SUM(DL49:DL50) -> 0 | DM51: =SUM(DM49:DM50) -> 0 | DN51: =SUM(DN49:DN50) -> 0 | DO51: =SUM(DO49:DO50) -> 0 | DP51: =SUM(DP49:DP50) -> 4 | DQ51: =SUM(DQ49:DQ50) -> 4 | ... JS51: =SUM(JS49:JS50) -> 0
B52: 15 | C52: Baba Ramdev contraction | D52: Energizent Power Pvt. Ltd | E52: Staff | CX52: 0 | CY52: 0 | CZ52: 0 | DA52: 0 | DB52: 0 | DC52: 0 | DD52: 0 | DE52: 0 | DF52: 0 | DG52: 0 | DH52: 0 | DI52: 0 | DJ52: 0 | DK52: 0 | DL52: 0 | DM52: 0 | DN52: 0 | DO52: 0 | DP52: 0 | DQ52: 0 | DR52: 0 | DS52: 0 | DT52: 0 | DU52: 0 | DV52: 0 | DW52: 1 | DX52: 1 | DY52: 1 | DZ52: 1 | EA52: 1 | EB52: 1 | EC52: 1 | ED52: 1 | EE52: 1 | EF52: 1 | EG52: 1 | EH52: 1 | EI52: 1 | EJ52: 1 | EK52: 1 | EL52: 1
E53: Worker | CX53: 0 | CY53: 0 | CZ53: 0 | DA53: 0 | DB53: 0 | DC53: 0 | DD53: 0 | DE53: 0 | DF53: 0 | DG53: 0 | DH53: 0 | DI53: 0 | DJ53: 0 | DK53: 0 | DL53: 0 | DM53: 0 | DN53: 0 | DO53: 0 | DP53: 0 | DQ53: 0 | DR53: 0 | DS53: 0 | DT53: 0 | DU53: 0 | DV53: 0 | DW53: 3 | DX53: =5+3 -> 8 | DY53: =2+5 -> 7 | DZ53: 2 | EA53: 4 | EB53: 2 | EC53: 5 | ED53: =4+2 -> 6 | EE53: =4 -> 4 | EF53: =4 -> 4 | EG53: 5 | EH53: =5+3 -> 8 | EI53: =3+5 -> 8 | EJ53: =3+4 -> 7 | EK53: 4 | EL53: =3+4 -> 7
E54: Total | F54: =SUM(F52:F53) -> 0 | G54: =SUM(G52:G53) -> 0 | H54: =SUM(H52:H53) -> 0 | I54: =SUM(I52:I53) -> 0 | J54: =SUM(J52:J53) -> 0 | K54: =SUM(K52:K53) -> 0 | L54: =SUM(L52:L53) -> 0 | M54: =SUM(M52:M53) -> 0 | ... CS54: =SUM(CS52:CS53) -> 0 | CT54: =CT53+CT52 -> 0 | CU54: =CU53+CU52 -> 0 | CV54: =CV53+CV52 -> 0 | CW54: =CW53+CW52 -> 0 | CX54: =CX53+CX52 -> 0 | CY54: =CY53+CY52 -> 0 | CZ54: =CZ53+CZ52 -> 0 | DA54: =DA53+DA52 -> 0 | ... DI54: =DI53+DI52 -> 0 | DJ54: =SUM(DJ52:DJ53) -> 0 | DK54: =SUM(DK52:DK53) -> 0 | DL54: =SUM(DL52:DL53) -> 0 | DM54: =SUM(DM52:DM53) -> 0 | DN54: =SUM(DN52:DN53) -> 0 | DO54: =SUM(DO52:DO53) -> 0 | DP54: =SUM(DP52:DP53) -> 0 | DQ54: =SUM(DQ52:DQ53) -> 0 | ... JS54: =SUM(JS52:JS53) -> 0
