Workbook
Name projectStatus: #REF!
Name projectStatus: #REF!

Sheet Construction DASHBOARD
A1: Daily Progress Report
A2: Project Name | B2: 300MW SECI Solar Project Ramagiri | N2: Week | O2: Month
A3: Project Capacity (in MWp) | B3: 390 | N3: 45908 | O3: 45901
A4: Project Start Date | B4: 45694 | N4: =N3+5 -> 45913 | O4: 45930
A5: Project Finish Date | B5: 46058 | K5: Week Cycle | L5: Month Cycle
A6: Date | B6: 45912 | K6: =N3 -> 45908 | L6: 45901
K7: =N4 -> 45913 | L7: =L6+29 -> 45930
A8: Description | B8: Scope | C8: UoM | D8: Completed | E8: Balance | F8: Weightage (in %) | G8: Progress as per weightage (in %) | H8: Actual Progress (in %) | I8: Day- Actual | J8: Today-Plan | K8: Week- Actual | L8: Month-Actual
A10: Land Development
A11: Bush removal | B11: 1033 | C11: Acre | D11: ='Construction Status'!S4 -> 952.23 | E11: =B11-D11 -> 80.77 | F11: 0.01 | G11: =F11*H11 -> 0.0092181026 | H11: =D11/B11 -> 0.92181026 | I11: 1 | J11: 3 | K11: 1 | L11: 5 | N11: 45894 | O11: 1
A12: Land grading | B12: 1033 | C12: Acre | D12: ='Construction Status'!S5 -> 948.83 | E12: =B12-D12 -> 84.17 | F12: 0.01 | G12: =F12*H12 -> 0.0091851888 | H12: =D12/B12 -> 0.91851888 | I12: =SUMIF('Construction Status'!$U$2:$DF$2,'Construction DASHBOARD'!$B$6,'Construction Status'!U5:DF5) -> 0 | J12: 3 | K12: 1 | L12: 5 | N12: 45895
A13: Site Initials | N13: 45896 | O13: 1
A14: Boundry Coordinate capturing | B14: ='Construction Status'!K6 -> 1 | C14: Lot | D14: ='Construction Status'!Q6 -> 1 | E14: =B14-D14 -> 0 | F14: 0.006 | G14: =F14*H14 -> 0.006 | H14: =D14/B14 -> 1 | I14: =SUMIF('Construction Status'!$U$2:$DF$2,'Construction DASHBOARD'!$B$6,'Construction Status'!U6:DF6) -> 0 | J14: 0 | K14: {=SUMPRODUCT(('Construction Status'!$U$4:$DF$120)*('Construction Status'!$D$4:$D$120='Construction DASHBOARD'!A14)*('Construction Status'!$U$2:$DF$2>='Construction DASHBOARD'!$N$3)*('Construction Status'!$U$2:$DF$2<='Construction DASHBOARD'!$N$4))} -> 0 | L14: {=SUMPRODUCT(('Construction Status'!$U$4:$DF$120)*('Construction Status'!$D$4:$D$120='Construction DASHBOARD'!A14)*('Construction Status'!$U$2:$DF$2>='Construction DASHBOARD'!$O$3)*('Construction Status'!$U$2:$DF$2<='Construction DASHBOARD'!$O$4))} -> 0 | N14: 45897 | O14: 1
A15: Topo Survey | B15: ='Construction Status'!K7 -> 1 | C15: Lot | D15: ='Construction Status'!Q7 -> 1 | E15: =B15-D15 -> 0 | F15: 0.0075 | G15: =F15*H15 -> 0.0075 | H15: =D15/B15 -> 1 | I15: =SUMIF('Construction Status'!$U$2:$DF$2,'Construction DASHBOARD'!$B$6,'Construction Status'!U7:DF7) -> 0 | J15: 0 | K15: {=SUMPRODUCT(('Construction Status'!$U$4:$DF$120)*('Construction Status'!$D$4:$D$120='Construction DASHBOARD'!A15)*('Construction Status'!$U$2:$DF$2>='Construction DASHBOARD'!$N$3)*('Construction Status'!$U$2:$DF$2<='Construction DASHBOARD'!$N$4))} -> 0 | L15: {=SUMPRODUCT(('Construction Status'!$U$4:$DF$120)*('Construction Status'!$D$4:$D$120='Construction DASHBOARD'!A15)*('Construction Status'!$U$2:$DF$2>='Construction DASHBOARD'!$O$3)*('Construction Status'!$U$2:$DF$2<='Construction DASHBOARD'!$O$4))} -> 0 | N15: 45898 | O15: 1
A16: Soil Investigation | B16: 79 | C16: Lot | D16: ='Construction Status'!Q8 -> 79 | E16: =B16-D16 -> 0 | F16: 0.005 | G16: =F16*H16 -> 0.005 | H16: =D16/B16 -> 1 | I16: =SUMIF('Construction Status'!$U$2:$DF$2,'Construction DASHBOARD'!$B$6,'Construction Status'!U8:DF8) -> 0 | J16: 0 | K16: {=SUMPRODUCT(('Construction Status'!$U$4:$DF$120)*('Construction Status'!$D$4:$D$120='Construction DASHBOARD'!A16)*('Construction Status'!$U$2:$DF$2>='Construction DASHBOARD'!$N$3)*('Construction Status'!$U$2:$DF$2<='Construction DASHBOARD'!$N$4))} -> 0 | L16: {=SUMPRODUCT(('Construction Status'!$U$4:$DF$120)*('Construction Status'!$D$4:$D$120='Construction DASHBOARD'!A16)*('Construction Status'!$U$2:$DF$2>='Construction DASHBOARD'!$O$3)*('Construction Status'!$U$2:$DF$2<='Construction DASHBOARD'!$O$4))} -> 0 | N16: 45899 | O16: 2
A17: ERT Test | B17: ='Construction Status'!K9 -> 36 | C17: Lot | D17: ='Construction Status'!Q9 -> 36 | E17: =B17-D17 -> 0 | F17: 0.0025 | G17: =F17*H17 -> 0.0025 | H17: =D17/B17 -> 1 | I17: =SUMIF('Construction Status'!$U$2:$DF$2,'Construction DASHBOARD'!$B$6,'Construction Status'!U9:DF9) -> 0 | J17: 0 | K17: {=SUMPRODUCT(('Construction Status'!$U$4:$DF$120)*('Construction Status'!$D$4:$D$120='Construction DASHBOARD'!A17)*('Construction Status'!$U$2:$DF$2>='Construction DASHBOARD'!$N$3)*('Construction Status'!$U$2:$DF$2<='Construction DASHBOARD'!$N$4))} -> 0 | L17: {=SUMPRODUCT(('Construction Status'!$U$4:$DF$120)*('Construction Status'!$D$4:$D$120='Construction DASHBOARD'!A17)*('Construction Status'!$U$2:$DF$2>='Construction DASHBOARD'!$O$3)*('Construction Status'!$U$2:$DF$2<='Construction DASHBOARD'!$O$4))} -> 0 | N17: 45900 | O17: 2
A18: Test Pile Casting | B18: ='Construction Status'!K10 -> 240 | C18: Lot | D18: ='Construction Status'!Q10 -> 240 | E18: =B18-D18 -> 0 | F18: 0.002 | G18: =F18*H18 -> 0.002 | H18: =D18/B18 -> 1 | I18: =SUMIF('Construction Status'!$U$2:$DF$2,'Construction DASHBOARD'!$B$6,'Construction Status'!U10:DF10) -> 0 | J18: 0 | K18: {=SUMPRODUCT(('Construction Status'!$U$4:$DF$120)*('Construction Status'!$D$4:$D$120='Construction DASHBOARD'!A18)*('Construction Status'!$U$2:$DF$2>='Construction DASHBOARD'!$N$3)*('Construction Status'!$U$2:$DF$2<='Construction DASHBOARD'!$N$4))} -> 0 | L18: {=SUMPRODUCT(('Construction Status'!$U$4:$DF$120)*('Construction Status'!$D$4:$D$120='Construction DASHBOARD'!A18)*('Construction Status'!$U$2:$DF$2>='Construction DASHBOARD'!$O$3)*('Construction Status'!$U$2:$DF$2<='Construction DASHBOARD'!$O$4))} -> 0 | O18: 1
A19: Pile Testing | B19: ='Construction Status'!K11 -> 180 | C19: Lot | D19: ='Construction Status'!Q11 -> 180 | E19: =B19-D19 -> 0 | F19: 0.002 | G19: =F19*H19 -> 0.002 | H19: =D19/B19 -> 1 | I19: =SUMIF('Construction Status'!$U$2:$DF$2,'Construction DASHBOARD'!$B$6,'Construction Status'!U11:DF11) -> 0 | J19: 0 | K19: {=SUMPRODUCT(('Construction Status'!$U$4:$DF$120)*('Construction Status'!$D$4:$D$120='Construction DASHBOARD'!A19)*('Construction Status'!$U$2:$DF$2>='Construction DASHBOARD'!$N$3)*('Construction Status'!$U$2:$DF$2<='Construction DASHBOARD'!$N$4))} -> 0 | L19: {=SUMPRODUCT(('Construction Status'!$U$4:$DF$120)*('Construction Status'!$D$4:$D$120='Construction DASHBOARD'!A19)*('Construction Status'!$U$2:$DF$2>='Construction DASHBOARD'!$O$3)*('Construction Status'!$U$2:$DF$2<='Construction DASHBOARD'!$O$4))} -> 0 | O19: 1
A20: Civil
A21: Pile - Marking, Drilling & Casting | B21: 116500 | C21: Nos. | D21: ='Construction Status'!Q14 -> 18175 | E21: =B21-D21 -> 98325 | F21: 0.21 | G21: =F21*H21 -> 0.032761803 | H21: =D21/B21 -> 0.15600858 | I21: 406 | J21: 1160 | K21: 1994 | L21: 4652
A22: Equipments Foundation | B22: 24 | C22: Block | D22: 0 | E22: =B22-D22 -> 24 | F22: 0.05 | G22: =F22*H22 -> 0 | H22: =D22/B22 -> 0 | K22: {=SUMPRODUCT(('Construction Status'!$U$4:$DF$120)*('Construction Status'!$D$4:$D$120='Construction DASHBOARD'!A22)*('Construction Status'!$U$2:$DF$2>='Construction DASHBOARD'!$N$3)*('Construction Status'!$U$2:$DF$2<='Construction DASHBOARD'!$N$4))} -> 0 | L22: {=SUMPRODUCT(('Construction Status'!$U$4:$DF$120)*('Construction Status'!$D$4:$D$120='Construction DASHBOARD'!A22)*('Construction Status'!$U$2:$DF$2>='Construction DASHBOARD'!$O$3)*('Construction Status'!$U$2:$DF$2<='Construction DASHBOARD'!$O$4))} -> 0 | O22: 4
A23: Excavation For Trenches | B23: 24 | C23: Block | D23: 0 | E23: =B23-D23 -> 24 | F23: 0.05 | G23: =F23*H23 -> 0 | H23: =D23/B23 -> 0 | K23: {=SUMPRODUCT(('Construction Status'!$U$4:$DF$120)*('Construction Status'!$D$4:$D$120='Construction DASHBOARD'!A23)*('Construction Status'!$U$2:$DF$2>='Construction DASHBOARD'!$N$3)*('Construction Status'!$U$2:$DF$2<='Construction DASHBOARD'!$N$4))} -> 0 | L23: {=SUMPRODUCT(('Construction Status'!$U$4:$DF$120)*('Construction Status'!$D$4:$D$120='Construction DASHBOARD'!A23)*('Construction Status'!$U$2:$DF$2>='Construction DASHBOARD'!$O$3)*('Construction Status'!$U$2:$DF$2<='Construction DASHBOARD'!$O$4))} -> 0 | O23: 4
A24: MCR Civil Works | B24: 1 | C24: Lot | D24: 0.2 | E24: =B24-D24 -> 0.8 | F24: 0.06 | G24: =F24*H24 -> 0.012 | H24: =D24/B24 -> 0.2 | K24: {=SUMPRODUCT(('Construction Status'!$U$4:$DF$120)*('Construction Status'!$D$4:$D$120='Construction DASHBOARD'!A24)*('Construction Status'!$U$2:$DF$2>='Construction DASHBOARD'!$N$3)*('Construction Status'!$U$2:$DF$2<='Construction DASHBOARD'!$N$4))} -> 0 | L24: {=SUMPRODUCT(('Construction Status'!$U$4:$DF$120)*('Construction Status'!$D$4:$D$120='Construction DASHBOARD'!A24)*('Construction Status'!$U$2:$DF$2>='Construction DASHBOARD'!$O$3)*('Construction Status'!$U$2:$DF$2<='Construction DASHBOARD'!$O$4))} -> 0 | O24: 4
A25: Road Work | B25: 1 | C25: km | D25: ='Construction Status'!Q17 -> 0 | E25: =B25-D25 -> 1 | F25: 0.02 | K25: {=SUMPRODUCT(('Construction Status'!$U$4:$DF$120)*('Construction Status'!$D$4:$D$120='Construction DASHBOARD'!A25)*('Construction Status'!$U$2:$DF$2>='Construction DASHBOARD'!$N$3)*('Construction Status'!$U$2:$DF$2<='Construction DASHBOARD'!$N$4))} -> 0 | L25: {=SUMPRODUCT(('Construction Status'!$U$4:$DF$120)*('Construction Status'!$D$4:$D$120='Construction DASHBOARD'!A25)*('Construction Status'!$U$2:$DF$2>='Construction DASHBOARD'!$O$3)*('Construction Status'!$U$2:$DF$2<='Construction DASHBOARD'!$O$4))} -> 0 | O25: 4
A26: Fencing Pole Casting | B26: 21000 | C26: M | D26: ='Construction Status'!Q35 -> 6731 | E26: =B26-D26 -> 14269 | F26: 0.02 | G26: =F26*H26 -> 0.0064104762 | H26: =D26/B26 -> 0.32052381 | I26: 0 | J26: 500 | K26: 180 | L26: 746 | O26: 4
A27: MMS | O27: 6
A28: Module Mounting Structures | B28: 24 | C28: Block | F28: 0.08 | O28: 6
A29: PV Modules | B29: 24 | C29: Block | F29: 0.06 | O29: 6
A30: DC | O30: 6
A31: Solar Cables (Interconnection after module installation) | B31: 1360 | C31: SCB | F31: 0.02 | O31: 4
A32: SCB-MOUNTING | B32: 1360 | C32: SCB | F32: 0.02
A33: Array & Module Earthing | B33: 1360 | C33: SCB | F33: 0.03
A34: SCB Installation | B34: 1360 | C34: SCB | F34: 0.025
A35: DC Power Cables | B35: 1360 | C35: SCB | F35: 0.04
A36: DC Power Cables Terminations | B36: 1360 | C36: SCB | F36: 0.02
A37: DC Earthing | B37: 1360 | C37: SCB | F37: 0.02
A38: AC
A39: Equipment Installation | B39: 24 | C39: Block | F39: 0.02
A40: Cable Tray Works | B40: 24 | C40: Block | F40: 0.02
A41: HT&LT Cable Laying | B41: 24 | C41: Block | F41: 0.04
A42: Communication Cable Laying & termination | B42: 24 | C42: Block | F42: 0.01
A43: HT&LT Cable Termination | B43: 24 | C43: Block | F43: 0.01
A44: Equipment Earthing | B44: 24 | C44: Block | F44: 0.02
A45: Plant Earthing Completion | B45: 24 | C45: Block | F45: 0.01
A46: External Works
A47: Street Light Works | B47: 1173 | C47: nos. | F47: 0.02
A48: External Earthing Completion | B48: 24 | C48: Block | F48: 0.02
A49: Allied works
A50: WMS | B50: 1 | C50: Lot | F50: 0.005
A51: MCS | B51: 1 | C51: Lot | F51: 0.01
A52: FAS Installation | B52: 1 | C52: Lot | F52: 0.0025
A53: Allied work completion | B53: 1 | C53: Lot | F53: 0.0025
A54: Commissioning & HOTO
A55: Pre-Commissioning | B55: 100 | C55: % | F55: 0.01
A56: Synchinization Approval | B56: 100 | C56: % | F56: 0.01
A57: Commissioning | B57: 100 | C57: % | F57: 0.01
A58: COD | B58: 100 | C58: % | F58: 0.01
F59: =SUM(F11:F58) -> 1 | G59: =SUM(G11:G58) -> 0.09457557
B71: Scope | C71: =F59 -> 1
B72: Actual | C72: =G59 -> 0.09457557
B73: Balance | C73: =C71-C72 -> 0.90542443

Sheet Sheet1
A2: Date | B2: 45754 | C2: 45755 | D2: 45756 | E2: 45757 | F2: 45758 | G2: 45759 | H2: 45760 | I2: 45761 | J2: 45762 | K2: 45763 | L2: 45764 | M2: 45765 | N2: 45766 | O2: 45767 | P2: 45768 | Q2: 45769 | R2: 45770 | S2: 45771 | T2: 45772 | U2: 45773 | V2: 45774 | W2: 45775 | X2: 45776 | Y2: 45777 | Z2: 45778 | AA2: 45779 | AB2: 45780 | AC2: 45781 | AD2: 45782 | AE2: 45783 | AF2: 45784 | AG2: 45785 | AH2: 45786 | AI2: 45787 | AJ2: 45788 | AK2: 45789 | AL2: 45790 | AM2: 45791
A3: No. of JCBs | B3: 1 | C3: 1 | D3: 1 | E3: 1 | F3: 2 | G3: 2 | H3: 1 | I3: 1 | L3: 4 | M3: 4 | N3: 4 | O3: 4 | P3: 4 | Q3: 6 | R3: 6 | S3: 6 | T3: 6 | U3: 4 | V3: 4 | W3: 4 | X3: 6 | Y3: 6 | Z3: 4 | AA3: 4 | AB3: 6 | AC3: 6 | AD3: 6 | AE3: 5 | AF3: 4 | AG3: 3 | AH3: 5 | AI3: 5 | AJ3: 5 | AK3: 4 | AL3: 6 | AP3: =SUM(B3:AK3) -> 135
A4: Bush Cutting | B4: ='Construction Status'!Z4 -> 1.5 | C4: ='Construction Status'!AA4 -> 3.5 | D4: ='Construction Status'!AB4 -> 4 | E4: ='Construction Status'!AC4 -> 4 | F4: ='Construction Status'!AD4 -> 4 | G4: ='Construction Status'!AE4 -> 4 | H4: ='Construction Status'!AF4 -> 3 | I4: ='Construction Status'!AG4 -> 2 | J4: ='Construction Status'!AH4 -> 0 | K4: ='Construction Status'!AI4-10 -> 0 | L4: ='Construction Status'!AJ4 -> 20 | M4: ='Construction Status'!AK4 -> 20 | N4: ='Construction Status'!AL4+5 -> 25 | O4: ='Construction Status'!AM4+5 -> 26 | P4: ='Construction Status'!AN4 -> 40 | Q4: ='Construction Status'!AO4 -> 40 | R4: ='Construction Status'!AP4 -> 40 | S4: ='Construction Status'!AQ4 -> 38 | T4: ='Construction Status'!AR4 -> 0 | U4: ='Construction Status'!AS4 -> 0 | V4: ='Construction Status'!AT4 -> 0 | W4: ='Construction Status'!AU4 -> 0 | ... AC4: ='Construction Status'!BA4 -> 0 | AF4: 5 | AG4: 10 | AH4: 10 | AI4: 5 | AJ4: 7 | AK4: 5 | AP4: =SUM(B4:AK4) -> 317 | AQ4: =AP4/AP3 -> 2.3481481
A5: Land Grading | B5: ='Construction Status'!Z5 -> 0 | C5: ='Construction Status'!AA5 -> 0 | D5: ='Construction Status'!AB5 -> 0 | E5: ='Construction Status'!AC5 -> 0 | F5: ='Construction Status'!AD5 -> 0 | G5: ='Construction Status'!AE5 -> 0 | H5: ='Construction Status'!AF5 -> 0 | I5: ='Construction Status'!AG5 -> 0 | ... AC5: ='Construction Status'!BA5 -> 20 | AD5: 14 | AE5: 16 | AF5: 16 | AG5: 10 | AH5: 10 | AI5: 5 | AJ5: 7 | AK5: 5 | AP5: =SUM(T3:AK3) -> 87
A6: Per Day Producticity | AP6: =SUM(B5:AK5) -> 201 | AQ6: =AP6/AP5 -> 2.3103448
A7: Bush Cutting | B7: =B4/B3 -> 1.5 | C7: =C4/C3 -> 3.5 | D7: =D4/D3 -> 4 | E7: =E4/E3 -> 4 | F7: =F4/F3 -> 2 | G7: =G4/G3 -> 2 | H7: =H4/H3 -> 3 | I7: =I4/I3 -> 2 | L7: =L4/L3 -> 5 | M7: =M4/M3 -> 5 | N7: =N4/N3 -> 6.25 | O7: =O4/O3 -> 6.5 | P7: =P4/P3 -> 10 | Q7: =Q4/Q3 -> 6.6666667 | R7: =R4/R3 -> 6.6666667 | S7: =S4/S3 -> 6.3333333
A8: Land Grading | T8: =T5/T3 -> 1.6666667 | U8: =U5/U3 -> 2.5 | V8: =V5/V3 -> 2.5 | W8: =W5/W3 -> 2.5 | X8: =X5/X3 -> 2 | Y8: =Y5/Y3 -> 2.1666667 | Z8: =Z5/Z3 -> 2.5 | AA8: =AA5/AA3 -> 3 | ... AM8: =AM5/AM3 -> #DIV/0!
A10: Manpower
A11: Land Development | AA11: 6 | AB11: 8 | AC11: 8 | AD11: 8 | AE11: 6 | AF11: 6 | AG11: 6 | AH11: 5 | AI11: 8 | AJ11: 8 | AK11: 7 | AL11: 9
AC13: Bushing | AE13: Balance | AF13: Remaining days | AG13: Per day requirement
J14: 250 | K14: 47 | AC14: 250 | AD14: 47 | AE14: =AC14-AD14 -> 203 | AF14: 19 | AG14: =AE14/AF14 -> 10.684211
AC16: Grading
AC17: 250 | AD17: 121 | AE17: =AC17-AD17 -> 129 | AF17: =AF14 -> 19 | AG17: =AE17/AF17 -> 6.7894737

Sheet MDL
A1: MDL SUMMARY - 300MW SECI PV | I1: =TODAY() -> 45913 | M1: Color Code | N1: Re-submission | O1: Under SECI Review | P1: Approved | V1: =TODAY() -> 45913
A2: Sl.No. | B2: Discipline | C2: Discipline | D2: Document Title | E2: Document Number | F2: Approval Catogery | G2: Planned R0 Submission | H2: Approval Planned Date | I2: Actual R0 Submission | J2: Submission Delay | K2: Approval Delay | L2: Revision | M2: Submission Date | N2: Response date | O2: Client Comments in CAT | P2: Under SECI Review in days | Q2: Re-Submission by ARIPL in Days | R2: Approved date | S2: Submission/Review By | T2: Approved/ Commented Category | U2: Status
A3: 1 | B3: General | C3: Survey & Studies | D3: SoW & Method Statement for Topography and Contour Survey | E3: SECI-RG300-PL-CIV-001 | F3: Approval | G3: 45698 | H3: =G3+15 -> 45713 | I3: 45698 | J3: =I3-G3 -> 0 | L3: R0 | M3: 45698 | S3: Approved | T3: CAT - III | U3: Submitted - Under Review
L4: R1 | M4: 45700 | N4: 45700 | P4: =N4-M4 -> 0 | Q4: =M5-N4 -> 2
L5: R2 | M5: 45702 | N5: 45705 | P5: =N5-M5 -> 3 | Q5: =M6-N5 -> 2
L6: R3 | M6: 45707 | P6: =I1-M6 -> 206
A7: 2 | B7: General | C7: Survey & Studies | D7: Topography and Contour Report | E7: SECI-RG300-PL-CIV-002 | F7: Information | G7: 45740 | H7: =G7+15 -> 45755 | I7: 45740 | J7: =I7-G7 -> 0 | K7: =R7-H7 -> 0 | L7: R0 | M7: 45740 | N7: 45743 | O7: CAT -IV R | P7: =N7-M7 -> 3 | Q7: =M8-N7 -> 6 | R7: =N8 -> 45755 | S7: =U7 -> Approved | T7: =O8 -> CAT -IV | U7: Approved
L8: R1 | M8: 45749 | N8: 45755 | O8: CAT -IV | P8: =N8-M8 -> 6
A9: 3 | B9: General | C9: Survey & Studies | D9: SoW & Method Statement for Geotechnical Investigation | E9: SECI-RG300-PL-CIV-003 | F9: Approval | G9: 45740 | H9: =G9+15 -> 45755 | L9: R0 | U9: Approved
A10: 4 | B10: General | C10: Survey & Studies | D10: Geotechnical Investigation Report (Soil Test, CBR, Chemical Analysis & Thermal Resistivity) | E10: SECI-RG300-PL-CIV-004 | F10: Information | G10: 45768 | H10: =G10+21 -> 45789 | I10: 45768 | J10: =I10-G10 -> 0 | K10: =I1-H10 -> 124 | L10: R0 | M10: 45768 | N10: 45776 | O10: CAT -IV R | P10: =N10-M10 -> 8 | Q10: =M11-N10 -> 51 | S10: SECI | T10: =O10 -> CAT -IV R | U10: Re-Submission
L11: R1 | M11: 45827 | N11: 45866 | O11: CAT -IV R | P11: =N11-M11 -> 39 | Q11: =I1-N11 -> 47
A12: 5 | B12: General | C12: Survey & Studies | D12: SoW & Method Statement for Hydrology Investigation | E12: SECI-RG300-PL-CIV-005 | F12: Information | G12: 45814 | H12: =G12+15 -> 45829 | K12: =I1-H12 -> 84
A13: 6 | B13: General | C13: Survey & Studies | D13: Hydrology Investigation Report | E13: SECI-RG300-PL-CIV-006 | F13: Information | G13: 45814 | H13: =G13+14 -> 45828 | I13: 45815 | J13: =I13-G13 -> 1 | K13: =R13-H13 -> 18 | L13: R0 | M13: 45815 | N13: 45828 | O13: CAT -IV R | P13: =N13-M13 -> 13 | Q13: =M14-N13 -> 6 | R13: =N14 -> 45846 | S13: Approved | T13: CAT -IV | U13: Approved
L14: R1 | M14: 45834 | N14: 45846 | O14: CAT -IV | P14: =N14-M14 -> 12
A15: 7 | B15: General | C15: Survey & Studies | D15: SoW & Method Statement for Soil resistivity test (ERT) | E15: SECI-RG300-PL-CIV-007 | F15: Approval | G15: 45742 | H15: =G15+15 -> 45757 | I15: 45742 | J15: =I15-G15 -> 0 | K15: =R15-H15 -> 76 | L15: R0 | M15: 45742 | N15: 45751 | O15: CAT - II | P15: =N15-M15 -> 9 | Q15: =M16-N15 -> 0 | R15: =N16 -> 45833 | S15: Approved | T15: =O16 -> CAT - I | U15: Approved
L16: R1 | M16: 45751 | N16: 45833 | O16: CAT - I | P16: =N16-M16 -> 82
A17: 8 | B17: General | C17: Survey & Studies | D17: Soil resistivity test report (ERT) | E17: SECI-RG300-PL-CIV-008 | F17: Information | G17: 45771 | H17: =G17+21 -> 45792 | I17: =M17 -> 45772 | J17: =I17-G17 -> 1 | K17: =I1-H17 -> 121 | L17: R0 | M17: 45772 | N17: 45833 | O17: CAT -IV R | P17: =N17-M17 -> 61 | Q17: =M18-I1 -> -9 | S17: SECI | T17: =O17 -> CAT -IV R | U17: Submitted - Under Review
L18: R1 | M18: 45904 | P18: =I1-M18 -> 9
A19: 9 | B19: General | C19: Survey & Studies | D19: Water Test Report | E19: SECI-RG300-PL-CIV-009 | F19: Information
A20: 10 | B20: General | C20: Survey & Studies | D20: Concrete Mix Design Report | E20: SECI-RG300-PL-CIV-010 | F20: Information | G20: 45772 | H20: =G20+7 -> 45779 | I20: 45772 | J20: =I20-G20 -> 0 | K20: =R20-H20 -> 88 | L20: R0 | M20: 45772 | N20: 45778 | O20: CAT -IV R | P20: =N20-M20 -> 6 | Q20: =M21-N20 -> 70 | R20: =N23 -> 45867 | S20: SECI | T20: =O23 -> CAT -IV | U20: Approved
L21: R1 | M21: 45848 | N21: 45850 | O21: CAT -IV R | P21: =N21-M21 -> 2
L22: R2 | M22: 45862 | N22: 45863 | O22: CAT -IV R
L23: R3 | M23: 45866 | N23: 45867 | O23: CAT -IV
A24: 11 | B24: General | C24: Survey & Studies | D24: Pile Pull out and Lateral Test Layout & Procedure | E24: SECI-RG300-PL-CIV-011 | F24: Approval | G24: 45769 | H24: =G24+21 -> 45790 | I24: 45769 | J24: =I24-G24 -> 0 | K24: =R24-H24 -> 3 | L24: R0 | M24: 45769 | N24: 45771 | O24: CAT - III | P24: =N24-M24 -> 2 | Q24: =M25-N24 -> 6 | R24: =N26 -> 45793 | S24: SECI | T24: =O26 -> CAT - I | U24: Approved
L25: R1 | M25: 45777 | N25: 45778 | O25: CAT - II | P25: =N25-M25 -> 1 | Q25: =M26-N25 -> 8
L26: R2 | M26: 45786 | N26: 45793 | O26: CAT - I | P26: =N26-M26 -> 7
A27: 12 | B27: General | C27: Survey & Studies | D27: Pile Pull out and Lateral Test Report | E27: SECI-RG300-PL-CIV-012 | F27: Information | G27: 45801 | H27: =G27+21 -> 45822 | I27: 45843 | J27: =I27-G27 -> 42 | K27: =R27-H27 -> 23 | L27: R0 | M27: 45843 | N27: 45845 | O27: CAT -IV | P27: =N27-M27 -> 2 | R27: =N27 -> 45845 | S27: SECI | T27: =T24 -> CAT - I | U27: Submitted - Under Review
L28: R1 | M28: 45903
A29: 13 | B29: General | C29: Survey & Studies | D29: SoP for Site Cleaning & Grading | E29: SECI-RG300-PL-CIV-013 | F29: Information | G29: 45741 | H29: =G29+15 -> 45756 | K29: =$I$1-H29 -> 157
A30: 14 | B30: General | C30: Survey & Studies | D30: Design Basis Study Report for Civil & Structural | E30: SECI-RG300-PL-CIV-014 | F30: Approval | G30: 45741 | H30: =G30+14 -> 45755 | K30: =$I$1-H30 -> 158
A31: 1 | B31: Civil | C31: Civil & Structural (MMS) | D31: MMS - Structural Design Calculations & Staad report (2PX26) | E31: SECI-RG300-PL-CIV-101 | F31: Approval | G31: 45727 | H31: =G31+21 -> 45748 | I31: 45727 | J31: =I31-G31 -> 0 | K31: =R31-H31 -> 62 | L31: R0 | M31: 45727 | N31: 45736 | O31: CAT - III | P31: =N31-M31 -> 9 | Q31: =M32-N31 -> 19 | R31: =N33 -> 45810 | S31: Approved | T31: =O33 -> CAT - I | U31: Approved
L32: R1 | M32: 45755 | N32: 45758 | O32: CAT - II | P32: =N32-M32 -> 3 | Q32: =M33-N32 -> 47
L33: R2 | M33: 45805 | N33: 45810 | O33: CAT - I | P33: =N33-M33 -> 5
A34: 2 | B34: Civil | C34: Civil & Structural (MMS) | D34: MMS - Structural Design Calculations & Staad report (2PX14 & 2PX28) | E34: SECI-RG300-PL-CIV-102 | F34: Approval | G34: 45805 | H34: =G34+21 -> 45826 | I34: 45811 | J34: =I34-G34 -> 6 | K34: =R34-H34 -> 20 | L34: R0 | M34: 45811 | N34: 45818 | O34: CAT - III | P34: =N34-M34 -> 7 | Q34: =M35-N34 -> 15 | R34: =N35 -> 45846 | S34: Approved | T34: =O35 -> CAT - I | U34: Approved
L35: R1 | M35: 45833 | N35: 45846 | O35: CAT - I | P35: =N35-M35 -> 13
A36: 3 | B36: Civil | C36: Civil & Structural (MMS) | D36: MMS - Pile Foundation Design Calculation | E36: SECI-RG300-PL-CIV-103 | F36: Approval | G36: 45795 | H36: =G36+21 -> 45816 | I36: 45813 | J36: =I36-G36 -> 18 | K36: =R36-H36 -> 52 | L36: R0 | M36: 45813 | N36: 45828 | O36: CAT - I | P36: =N36-M36 -> 15 | Q36: =M37-N36 -> 21 | R36: =N37 -> 45868 | S36: Approved | T36: =O36 -> CAT - I | U36: Approved
L37: R1 | M37: 45849 | N37: 45868 | P37: =N37-M37 -> 19
A38: 4 | B38: Civil | C38: Civil & Structural (MMS) | D38: MMS - Structure GA drawings(2PX26) | E38: SECI-RG300-PL-CIV-104 | F38: Approval | G38: 45751 | H38: =G38+21 -> 45772 | I38: 45727 | J38: =I38-G38 -> -24 | K38: =R38-H38 -> 53 | L38: R0 | M38: 45727 | N38: 45736 | O38: CAT - II | P38: =N38-M38 -> 9 | Q38: =M39-N38 -> 19 | R38: =N42 -> 45825 | S38: Approved | T38: =O43 -> CAT - I | U38: Approved
L39: R1 | M39: 45755 | N39: 45758 | O39: CAT - I | P39: =N39-M39 -> 3 | Q39: =M40-N39 -> 25
L40: R2 | M40: 45783 | N40: 45784 | O40: CAT - I | P40: =N40-M40 -> 1 | Q40: =M41-N40 -> 21
L41: R3 | M41: 45805 | N41: 45807 | O41: CAT - II | P41: =N41-M41 -> 2
L42: R4 | M42: 45825 | N42: 45825 | O42: CAT - I | P42: =N42-M42 -> 0
L43: R5 | M43: 45855 | N43: 45859 | O43: CAT - I | P43: =N43-M43 -> 4
A44: 5 | B44: Civil | C44: Civil & Structural (MMS) | D44: MMS - Structure GA drawings(2PX14 & 2PX28) | E44: SECI-RG300-PL-CIV-105 | F44: Approval | G44: 45811 | H44: =G44+15 -> 45826 | I44: 45811 | J44: =I44-G44 -> 0 | K44: =R44-H44 -> 20 | L44: R0 | M44: 45811 | N44: 45818 | O44: CAT - III | P44: =N44-M44 -> 7 | Q44: =M45-N44 -> 15 | R44: =N45 -> 45846 | S44: Approved | T44: =O45 -> CAT - I | U44: Approved
L45: R1 | M45: 45833 | N45: 45846 | O45: CAT - I | P45: =N45-M45 -> 13
A46: 6 | B46: Civil | C46: Civil & Structural (MMS) | D46: MMS - Structure GA drawings(2PX13) | E46: SECI-RG300-PL-CIV-105 | F46: Approval | G46: 45751 | H46: =G46+21 -> 45772 | I46: 45727 | J46: =I46-G46 -> -24 | K46: =R46-H46 -> -14 | L46: R0 | M46: 45727 | N46: 45736 | O46: CAT - III | P46: =N46-M46 -> 9 | Q46: =M47-N46 -> 19 | R46: 45758 | S46: Approved | T46: =O47 -> CAT - I | U46: Approved
L47: R1 | M47: 45755 | N47: 45758 | O47: CAT - I | P47: =N47-M47 -> 3
A48: 7 | B48: Civil | C48: Civil & Structural (MMS) | D48: MMS - Structural Fabrication drawings(2PX28) | E48: SECI-RG300-PL-CIV-106 | F48: Information | G48: 45769 | H48: =G48+15 -> 45784 | I48: 45769 | J48: =I48-G48 -> 0 | K48: =R48-H48 -> -5 | L48: R0 | M48: 45769 | N48: 45779 | O48: CAT -IV | P48: =N48-M48 -> 10 | Q48: =M49-N48 -> 3 | R48: =N48 -> 45779 | S48: Approved | T48: =O49 -> CAT -IV | U48: Approved
L49: R1 | M49: 45782 | N49: 45784 | O49: CAT -IV | P49: =N49-M49 -> 2 | Q49: =M51-N49 -> 41
L50: R2 | M50: 45805 | N50: 45807 | O50: CAT -IV | P50: =N50-M50 -> 2 | Q50: =M51-N50 -> 18
L51: R3 | M51: 45825 | N51: 45825 | O51: CAT -IV | P51: =N51-M51 -> 0
L52: R4 | M52: 45838 | N52: 45838 | O52: CAT -IV | P52: =N52-M52 -> 0
L53: R5 | M53: 45866 | N53: 45868 | O53: CAT -IV | P53: =N53-M53 -> 2
A54: 8 | B54: Civil | C54: Civil & Structural (MMS) | D54: MMS - Structural Fabrication drawings(2PX14) & (2PX28) | E54: SECI-RG300-PL-CIV-107 | F54: Information | G54: 45811 | H54: =G54+15 -> 45826 | I54: 45811 | J54: =I54-G54 -> 0 | K54: =R54-H54 -> 20 | L54: R0 | M54: 45811 | N54: 45818 | O54: CAT -IV R | P54: =N54-M54 -> 7 | Q54: =M55-N54 -> 15 | R54: =N55 -> 45846 | S54: Approved | T54: =O55 -> CAT -IV | U54: Approved
L55: R1 | M55: 45833 | N55: 45846 | O55: CAT -IV | P55: =N55-M55 -> 13
A56: 9 | B56: Civil | C56: Civil & Structural (MMS) | D56: MMS - Pile marking co-ordinates Layout | E56: SECI-RG300-PL-CIV-108C | F56: Information | G56: 45824 | H56: =G56+5 -> 45829 | I56: 45842 | J56: =I56-G56 -> 18 | K56: =R56-H56 -> 16 | L56: R0 | M56: 45842 | N56: 45845 | O56: CAT -IV | P56: =N56-M56 -> 3 | R56: 45845 | S56: Approved | T56: CAT -IV | U56: Approved
A57: 10 | B57: Civil | C57: Civil & Structural (MMS) | D57: MMS - Pile marking co-ordinates Layout(Plot 1) | E57: SECI-RG300-PL-CIV-108A | F57: Information | G57: 45824 | H57: =G57+5 -> 45829 | I57: 45848 | J57: =I57-G57 -> 24 | K57: =I1-H57 -> 84 | L57: R0 | M57: 45848 | N57: 45850 | O57: CAT -IV R | P57: =N57-M57 -> 2 | Q57: =I1-N57 -> 63 | S57: ARIPL | T57: =O57 -> CAT -IV R | U57: Re-Submission
A58: 11 | B58: Civil | C58: Civil & Structural (MMS) | D58: MMS - Pile marking co-ordinates Layout(Plot 2) | E58: SECI-RG300-PL-CIV-108B | F58: Information | G58: 45824 | H58: =G58+5 -> 45829 | I58: 45848 | J58: =I58-G58 -> 24 | K58: =N58-I58 -> 2 | L58: R0 | M58: 45848 | N58: 45850 | O58: CAT -IV | P58: =N58-M58 -> 2 | R58: =N58 -> 45850 | S58: Approved | T58: CAT -IV | U58: Approved
A59: 1 | B59: Civil | C59: Civil & Structural (MCR+AUX) | D59: MCR - Architectural Drawings for Main Control Room (Plan, Section & Elevations and Finishing) | E59: SECI-RG300-PL-CIV-201 | F59: Approval | G59: 45763 | H59: =G59+21 -> 45784 | I59: 45763 | J59: =I59-G59 -> 0 | K59: =I1-H59 -> 129 | L59: R0 | M59: 45763 | N59: 45784 | O59: CAT - III | P59: =N59-M59 -> 21 | Q59: =M63-N59 -> 69 | S59: ARIPL | T59: =O63 -> CAT - II | U59: Submitted - Under Review
L60: R1 | M60: 45791 | N60: 45800 | O60: CAT - III | P60: =N60-M60 -> 9 | Q60: =M61-N60 -> 16
L61: R2 | M61: 45816 | N61: 45821 | O61: CAT - III | P61: =N61-M61 -> 5 | Q61: =M63-N61 -> 32
L62: R3 | M62: 45825 | N62: 45827 | O62: CAT - II | P62: =N62-M62 -> 2
L63: R4 | M63: 45853 | O63: CAT - II | P63: =I1-M63 -> 60
A64: 2 | B64: Civil | C64: Civil & Structural (MCR+AUX) | D64: MCR - Structural Calculations & Design Report for Building | E64: SECI-RG300-PL-CIV-202 | F64: Approval | G64: 45809 | H64: =G64+15 -> 45824 | I64: 45853 | J64: =I64-G64 -> 44 | K64: =N64-I64 -> 19 | L64: R2 | M64: 45867 | N64: 45872 | O64: CAT - I | P64: =N64-M64 -> 5 | S64: Approved | T64: =O64 -> CAT - I | U64: Approved
A65: 3 | B65: Civil | C65: Civil & Structural (MCR+AUX) | D65: MCR - Structural drawing of foundation, plinth beam & column | E65: SECI-RG300-PL-CIV-203A | F65: Approval | G65: 45813 | H65: =G65+15 -> 45828 | I65: =M65 -> 45867 | J65: =I65-G65 -> 54 | K65: =N65-I65 -> 5 | L65: R2 | M65: 45867 | N65: 45872 | O65: CAT - I | R65: =N65 -> 45872 | S65: Approved | T65: =O65 -> CAT - I | U65: Approved
L66: R3 | M66: 45903 | N66: 45904 | O66: CAT - I
A67: 3 | B67: Civil | C67: Civil & Structural (MCR+AUX) | D67: MCR - Structural drawing of foundation, plinth beam & column | E67: SECI-RG300-PL-CIV-203B | F67: Approval | G67: 45813 | H67: =G67+15 -> 45828 | I67: =M67 -> 45867 | J67: =I67-G67 -> 54 | K67: =N68-I67 -> 16 | L67: R0 | M67: 45867 | N67: 45872 | O67: CAT - III | P67: =N67-M67 -> 5 | Q67: =M68-N67 -> 9 | R67: =N68 -> 45883 | S67: Approved | T67: =O68 -> CAT - I | U67: Approved
L68: R1 | M68: 45881 | N68: 45883 | O68: CAT - I | P68: =N68-M68 -> 2
A69: 3 | B69: Civil | C69: Civil & Structural (MCR+AUX) | D69: MCR - Structural drawing of foundation, plinth beam & column | E69: SECI-RG300-PL-CIV-203C | F69: Approval | G69: 45813 | H69: =G69+15 -> 45828 | I69: =M69 -> 45895 | J69: =I69-G69 -> 82 | K69: =I1-H69 -> 85 | L69: R0 | M69: 45895 | N69: 45901 | O69: CAT - III | P69: =N69-M69 -> 6 | S69: ARIPL | T69: =O69 -> CAT - III | U69: Submitted - Under Review
L70: R1 | M70: 45903 | N70: 45908 | O70: CAT - III
L71: R2 | M71: 45909
A72: 3 | B72: Civil | C72: Civil & Structural (MCR+AUX) | D72: MCR - Structural drawing of foundation, plinth beam & column | E72: SECI-RG300-PL-CIV-203D | F72: Approval | G72: 45813 | H72: =G72+15 -> 45828 | I72: =M72 -> 45903 | J72: =I72-G72 -> 90 | L72: R1 | M72: 45903 | N72: 45904 | O72: CAT - II | P72: =N72-M72 -> 1 | S72: SECI | T72: =O72 -> CAT - II | U72: Submitted - Under Review
L73: R2 | M73: 45905
A74: 4 | B74: Civil | C74: Civil & Structural (MCR+AUX) | D74: MCR - Trench & Grade Slab Layout Drawings | E74: SECI-RG300-PL-CIV-204 | F74: Approval | G74: 45838 | H74: =G74+7 -> 45845 | J74: =$I$1-G74 -> 75 | K74: =$I$1-H74 -> 68
A75: 5 | B75: Civil | C75: Civil & Structural (MCR+AUX) | D75: MCR - Structural drawing of Staircase, Roof Beams, Roof Slab & Lintel details | E75: SECI-RG300-PL-CIV-205 | F75: Approval | G75: 45874 | H75: =G75+12 -> 45886 | J75: =$I$1-G75 -> 39 | K75: =$I$1-H75 -> 27
A76: 6 | B76: Civil | C76: Civil & Structural (MCR+AUX) | D76: MCR - Plumbing Drawings | E76: SECI-RG300-PL-CIV-206 | F76: Approval | G76: 45905 | H76: =G76+15 -> 45920 | J76: =$I$1-G76 -> 8 | K76: =$I$1-H76 -> -7
A77: 7 | B77: Civil | C77: Civil & Structural (MCR+AUX) | D77: MCR - Septic Tank Drawings | E77: SECI-RG300-PL-CIV-207 | F77: Approval | G77: 45908 | H77: =G77+15 -> 45923 | J77: =$I$1-G77 -> 5 | K77: =$I$1-H77 -> -10
A78: 8 | B78: Civil | C78: Civil & Structural (MCR+AUX) | D78: MCR - Aux Transformer Foundation Design Report | E78: SECI-RG300-PL-CIV-208 | F78: Approval | G78: 45858 | H78: =G78+15 -> 45873 | J78: =$I$1-G78 -> 55 | K78: =$I$1-H78 -> 40
A79: 9 | B79: Civil | C79: Civil & Structural (MCR+AUX) | D79: MCR - Aux Transformer Foundation Drawings | E79: SECI-RG300-PL-CIV-209 | F79: Approval | G79: 45868 | H79: =G79+15 -> 45883 | J79: =$I$1-G79 -> 45 | K79: =$I$1-H79 -> 30
A80: 1 | B80: Civil | C80: Civil & Structural (Inverter Station) | D80: Design document for Inverter Station (ICOG) | E80: SECI-RG300-PL-CIV-301A | F80: Approval | G80: 45794 | H80: =G80+7 -> 45801 | I80: 45834 | J80: =I80-G80 -> 40 | K80: =I1-H80 -> 112 | L80: R0 | M80: 45834 | N80: 45845 | O80: CAT - III | P80: =N80-M80 -> 11 | Q80: =M81-N80 -> 11 | S80: SECI | T80: =O80 -> CAT - III | U80: Submitted - Under Review
L81: R1 | M81: 45856 | N81: 45862 | O81: CAT - III | P81: =N81-M81 -> 6 | Q81: =M82-N81 -> 5
L82: R2 | M82: 45867 | N82: 45888 | O82: CAT - III | P82: =N82-M82 -> 21 | Q82: =M83-N82 -> 3
L83: R3 | M83: 45891 | N83: 45901 | O83: CAT - III | P83: =N83-M83 -> 10 | Q83: =M84-N83 -> 3
L84: R4 | M84: 45904
A85: 2 | B85: Civil | C85: Civil & Structural (Inverter Station) | D85: Design document for Inverter Station (RMU) | E85: SECI-RG300-PL-CIV-301B | F85: Approval | G85: 45794 | H85: =G85+7 -> 45801 | I85: 45860 | J85: =I85-G85 -> 66 | K85: =I1-H85 -> 112 | L85: R0 | M85: 45861 | S85: ARIPL | T85: =O86 -> CAT - III | U85: Re-Submission
L86: R0 | M86: 45870 | N86: 45891 | O86: CAT - III | P86: =N86-M86 -> 21 | Q86: =M87-N86 -> 4
L87: R1 | M87: 45895 | N87: 45903 | O87: CAT - III | P87: =N87-M87 -> 8
B88: Civil | C88: Civil & Structural (Inverter Station) | D88: Design document for Inverter Station (RMU) | E88: SECI-RG300-PL-CIV-301C | F88: Approval | G88: 45794 | H88: =G88+7 -> 45801 | I88: =M88 -> 45904 | L88: R0 | M88: 45904 | S88: SECI | T88: R0 | U88: Submitted - Under Review
A89: 3 | B89: Civil | C89: Civil & Structural (Inverter Station) | D89: Inverter Platform - Architectural & Structural details ICOG) | E89: SECI-RG300-PL-CIV-302A | F89: Approval | G89: 45794 | H89: =G89+7 -> 45801 | I89: 45834 | J89: =I89-G89 -> 40 | K89: =N92-I89 -> 41 | L89: R0 | M89: 45834 | N89: 45845 | O89: CAT - III | P89: =N89-M89 -> 11 | Q89: =M90-N89 -> 10 | S89: Approved | T89: =O92 -> CAT - I | U89: Approved
L90: R1 | M90: 45855 | O90: CAT - III
L91: R0 | M91: 45867 | N91: 45872 | O91: CAT - II | P91: =N91-M91 -> 5 | Q91: =I1-N91 -> 41
L92: R1 | M92: 45873 | N92: 45875 | O92: CAT - I | P92: =N92-M92 -> 2
A93: 3 | B93: Civil | C93: Civil & Structural (Inverter Station) | D93: Inverter Platform - Architectural & Structural details ICOG) | E93: SECI-RG300-PL-CIV-302B | F93: Approval | G93: 45794 | H93: 45801 | I93: =I89 -> 45834 | J93: =I93-G93 -> 40 | K93: =I1-H93 -> 112 | L93: R1 | M93: 45882 | N93: 45887 | O93: =O91 -> CAT - II | P93: =N93-M93 -> 5 | Q93: =I1-N93 -> 26 | S93: SECI | T93: =O93 -> CAT - II | U93: Submitted - Under Review
L94: R2 | M94: 45890
A95: 4 | B95: Civil | C95: Civil & Structural (Inverter Station) | D95: Inverter Platform - Architectural & Structural details (RMU) | E95: SECI-RG300-PL-CIV-303 | F95: Approval | G95: 45797 | H95: =G95+12 -> 45809 | I95: =M95 -> 45860 | J95: =I95-G95 -> 63 | K95: =I1-H95 -> 104 | L95: R0 | M95: 45860 | S95: SECI | T95: =O97 -> CAT - II | U95: Submitted - Under Review
L96: R0 | M96: 45870 | N96: 45891
L97: R1 | M97: 45895 | N97: 45903 | O97: CAT - II
L98: R2 | M98: 45908
A99: 5 | B99: Civil | C99: Civil & Structural (Inverter Station) | D99: Inverter Duty Transformer Foundation design calculations | E99: SECI-RG300-PL-CIV-304A | F99: Approval | G99: 45792 | H99: =G99+12 -> 45804 | I99: =M99 -> 45861 | J99: =I99-G99 -> 69 | K99: =I1-H99 -> 109 | L99: R0 | M99: 45861 | N99: 45872 | O99: CAT - III | P99: =N99-M99 -> 11 | Q99: =I1-N99 -> 41 | S99: Approved | T99: =O101 -> CAT - I | U99: Approved
L100: R1 | M100: 45880 | N100: 45888 | O100: CAT - II | P100: =N100-M100 -> 8 | Q100: =M101-N100 -> 4
...

Sheet Ordering
A1: # | B1: Ordering | C1: Make/ OEM | D1: Planned | E1: Actual/ Expected | F1: Remarks
A2: 1 | B2: Module Mounting Structure | C2: Pennar | D2: 45757 | E2: 45759 | F2: Completed
A3: 2 | B3: Inverter Duty Transformer | C3: T&R | D3: 45757 | E3: 45747 | F3: Completed
A4: 3 | B4: NIFPS | D4: 45780 | E4: 45838
A5: 4 | B5: ICOG/RMU PANEL | C5: Trisquare | D5: 45768 | E5: 45797 | F5: Completed
A6: 5 | B6: Main HT Switchgear Panel | C6: Trisquare | D6: 45768 | E6: 45797 | F6: Completed
A7: 6 | B7: Auxiliary LT Panel | C7: M/S ALNICO ELECTRIC PVT LTD | D7: 45784 | E7: 45848 | F7: Completed
A8: 7 | B8: Auxiliary Transformer | D8: 45784 | E8: 45835
A9: 8 | B9: Central Inverter(PCU) | C9: Fimer | D9: 45760 | E9: 45747 | F9: Completed
A10: 9 | B10: String Combiner Box (SCB) | C10: Trinity Touch | D10: 45757 | E10: 45838 | F10: Completed
A11: 10 | B11: DC string cable | C11: Polycab | D11: 45783 | E11: 45845 | F11: Completed
A12: 11 | B12: DC power cable | C12: Gemscab/ Special | D12: 45768 | E12: 45845 | F12: Completed
A13: 12 | B13: LT AC power cable | D13: 45768 | E13: 45845
A14: 13 | B14: HT AC power cable | D14: 45783 | E14: 45845
A15: 14 | B15: LT power and control cables | D15: 45783 | E15: 45845
A16: 15 | B16: Communication cables | D16: 45783 | E16: 45845
A17: 16 | B17: SCADA system | C17: Adaptive | D17: 45768 | E17: 45815 | F17: Completed
A18: 17 | B18: UPS and Battery System | C18: M/s Fuji Electric | D18: 45783 | E18: 45857 | F18: Completed
A19: 18 | B19: SVG | C19: M/S Guangdong Mingyang Longyuan Power Electronics Co.Ltd | D19: 45784 | E19: 45849 | F19: Completed
A20: 19 | B20: Harmonic Filter and its Acessories | D20: 45803 | E20: 45853
A21: 20 | B21: Other BOQ (Lighting, Gland, Lungs, HT termination KIT etc.) | D21: 45839 | E21: 45839

Sheet Preliminary Activity
A1: # | B1: Contract Signing & Key Preliminary Activities | C1: Planned | D1: Actual/ Expected | E1: Status
A2: 1 | B2: Project Start Date | C2: 45694 | D2: 45694
A3: 2 | B3: Contract Agreement Signing | C3: 45698 | D3: 45698 | E3: Completed
A4: 3 | B4: Kick Off meeting_SECI HO | C4: 45698 | D4: 45698 | E4: Completed
A5: 4 | B5: PBG Submission | C5: 45721 | D5: 45721 | E5: Completed
A6: 5 | B6: ABG Submission | C6: 45730 | D6: 45730 | E6: Completed
A7: 6 | B7: Boundary Coordinates Capturing | C7: 45709 | D7: 45709 | E7: Completed
A8: 7 | B8: Labor License related documents (Form 2, Form 5) | C8: 45733 | D8: 45733 | E8: Completed
A9: 8 | B9: Labor License | C9: 45758 | D9: 45749 | E9: Completed
A10: 9 | B10: Customer GST commercial registration & Address (Billing & Delivery) Details | C10: 45754 | D10: 45793 | E10: Completed
A11: 10 | B11: Topography Survey | C11: 45730 | D11: 45730 | E11: Completed
A12: 11 | B12: Soil Test (5m) | C12: 45735 | D12: 45735 | E12: Completed
A13: 12 | B13: Soil Test (10m) | C13: 45762 | D13: 45777 | E13: Completed
A14: 13 | B14: ERT Test | C14: 45760 | D14: 45757 | E14: Completed
A15: 14 | B15: Test Pile Casting | C15: 45773 | D15: 45815 | E15: Completed
A16: 15 | B16: Pile Testing | C16: =C15+28 -> 45801 | D16: 45837 | E16: Completed
A17: # | B17: Site Establishment | C17: Planned | D17: Actual/ Expected | E17: Status
A18: 1 | B18: Area development | C18: 45760 | D18: 45752 | E18: Completed
A19: =+SUM(A18+1) -> 2 | B19: Store Yard Fencing Work | C19: 45833 | D19: 45837 | E19: Completed
A20: =+SUM(A19+1) -> 3 | B20: Delivery of office cabins/ Toilets/ Security cabins | C20: 45783 | D20: 45838 | E20: Completed
A21: =+SUM(A20+1) -> 4 | B21: Construction Power arrangement | C21: 45767 | D21: 45767 | E21: Completed
A22: =+SUM(A21+1) -> 5 | B22: Internet availability | C22: 45767 | D22: 45752 | E22: Completed
A23: =+SUM(A22+1) -> 6 | B23: Placement of security personnel | C23: 45762 | D23: 45740 | E23: Security personal deployed at Site
A24: =+SUM(A23+1) -> 7 | B24: Set up of Quality Lab | C24: 45774 | D24: 45844 | E24: Completed
A25: =+SUM(A24+1) -> 8 | B25: Set up of safety induction room | C25: 45774 | D25: 45838 | E25: Completed
A26: =+SUM(A25+1) -> 9 | B26: Set up of material storage | C26: 45764 | D26: 45838 | E26: Completed
A27: # | B27: Civil Activities | C27: Planned | D27: Actual/ Expected | E27: Status
A28: 1 | B28: Peripherial Boundary Fencing | D28: 45836 | E28: Work in Progress

Sheet Manpower
A1: Project Name : | B1: 300MW SECI RAMAGIRI PROJECT
A2: Project Size : | B2: 300MW AC Capacity & 390 Mwp DC Capacity
A3: Date of Report: | B3: ='[1]Project Overview'!P1 -> 45702
A5: S No. | B5: Contractor Name | C5: Resources Category | D5: Manpower Description | E5: =B3 -> 45702 | F5: Cum. Nos | G5: 45703 | H5: =G5+1 -> 45704 | I5: =H5+1 -> 45705 | J5: =I5+1 -> 45706 | K5: =J5+1 -> 45707 | L5: =K5+1 -> 45708 | M5: =L5+1 -> 45709 | N5: =M5+1 -> 45710 | O5: =N5+1 -> 45711 | ... MM5: =ML5+1 -> 46047
E6: =SUM(E7:E139) -> 1 | F6: =SUM(G6:MM6) -> 0 | G6: =SUM(G7:G139) -> 0 | H6: =SUM(H7:H139) -> 0 | I6: =SUM(I7:I139) -> 0 | J6: =SUM(J7:J139) -> 0 | K6: =SUM(K7:K139) -> 0 | L6: =SUM(L7:L139) -> 0 | M6: =SUM(M7:M139) -> 0 | N6: =SUM(N7:N139) -> 0 | ... BZ6: =SUM(BZ7:BZ139) -> 0 | CA6: =SUM(CA8:CA139) -> 0 | CB6: =SUM(CB8:CB139) -> 0 | CC6: =SUM(CC8:CC139) -> 0 | CD6: =SUM(CD8:CD139) -> 0 | CE6: =SUM(CE8:CE139) -> 0 | CF6: =SUM(CF8:CF139) -> 0 | CG6: =SUM(CG9:CG139) -> 0 | CH6: =SUM(CH8:CH139) -> 0 | CI6: =SUM(CI8:CI139) -> 0 | CJ6: =SUM(CJ8:CJ139) -> 0 | CK6: =SUM(CK8:CK139) -> 0 | CL6: =SUM(CL8:CL139) -> 0 | CM6: =SUM(CM8:CM139) -> 0 | CN6: =SUM(CN8:CN139) -> 0 | CO6: =SUM(CO8:CO139) -> 0 | ... DC6: =SUM(DC8:DC139) -> 0 | DD6: =SUM(DD8:DD141) -> 0 | DE6: =SUM(DE8:DE141) -> 0 | DF6: =SUM(DF8:DF141) -> 0 | DG6: =SUM(DG8:DG141) -> 0 | DH6: =SUM(DH8:DH141) -> 0 | DI6: =SUM(DI8:DI141) -> 0 | DJ6: =SUM(DJ8:DJ141) -> 0 | DK6: =SUM(DK8:DK141) -> 0 | ... FT6: =SUM(FT8:FT141) -> 0 | FU6: =SUM(FU8:FU139) -> 0 | FV6: =SUM(FV8:FV139) -> 0 | FW6: =SUM(FW8:FW139) -> 0 | FX6: =SUM(FX8:FX139) -> 0 | FY6: =SUM(FY8:FY139) -> 0 | FZ6: =SUM(FZ8:FZ139) -> 0 | GA6: =SUM(GA8:GA139) -> 0 | GB6: =SUM(GB8:GB139) -> 0 | ... MM6: =SUM(MM8:MM139) -> 0
A7: 1 | D7: Staff | E7: =SUMIFS(G7:XFD7,$G$5:$XFD$5,$E$5) -> 0 | F7: =SUM(G7:MM7) -> 0
A8: 2 | C8: Surveying | D8: Suveryor | E8: =SUMIFS(G8:XFD8,$G$5:$XFD$5,$E$5) -> 0
A9: 3 | D9: Suveryor | E9: =SUMIFS(G9:XFD9,$G$5:$XFD$5,$E$5) -> 0 | F9: =SUM(G9:MM9) -> 0
A10: 4 | C10: Surveying | D10: Suveryor | E10: =SUMIFS(G10:XFD10,$G$5:$XFD$5,$E$5) -> 0 | F10: =SUM(G10:MM10) -> 0
A11: 5 | D11: Suveryor | E11: =SUMIFS(G11:XFD11,$G$5:$XFD$5,$E$5) -> 0 | F11: =SUM(G11:MM11) -> 0
A12: 6 | C12: Security | D12: Security | E12: 1 | F12: =SUM(G12:MM12) -> 0
A13: 7 | C13: Grading | D13: Engineers / Supervisors | E13: =SUMIFS(G13:XFD13,$G$5:$XFD$5,$E$5) -> 0 | F13: =SUM(G13:MM13) -> 0
A14: 8 | D14: Workers - Skilled | E14: =SUMIFS(G14:XFD14,$G$5:$XFD$5,$E$5) -> 0 | F14: =SUM(G14:MM14) -> 0
A15: 9 | D15: Workers - Unskilled | E15: =SUMIFS(G15:XFD15,$G$5:$XFD$5,$E$5) -> 0 | F15: =SUM(G15:MM15) -> 0
A16: 10 | C16: Piling | D16: Engineers / Supervisors | E16: =SUMIFS(G16:XFD16,$G$5:$XFD$5,$E$5) -> 0 | F16: =SUM(G16:MM16) -> 0
A17: 11 | D17: Workers - Skilled | E17: =SUMIFS(G17:XFD17,$G$5:$XFD$5,$E$5) -> 0 | F17: =SUM(G17:MM17) -> 0
A18: 12 | D18: Workers - Unskilled | E18: =SUMIFS(G18:XFD18,$G$5:$XFD$5,$E$5) -> 0 | F18: =SUM(G18:MM18) -> 0
A19: 13 | C19: Grading | D19: Engineers / Supervisors | E19: =SUMIFS(G19:XFD19,$G$5:$XFD$5,$E$5) -> 0 | F19: =SUM(G19:MM19) -> 0
A20: 14 | D20: Workers - Skilled | E20: =SUMIFS(G20:XFD20,$G$5:$XFD$5,$E$5) -> 0 | F20: =SUM(G20:MM20) -> 0
A21: 15 | D21: Workers - Unskilled | E21: =SUMIFS(G21:XFD21,$G$5:$XFD$5,$E$5) -> 0 | F21: =SUM(G21:MM21) -> 0
A22: 16 | C22: Piling | D22: Engineers / Supervisors | E22: =SUMIFS(G22:XFD22,$G$5:$XFD$5,$E$5) -> 0 | F22: =SUM(G22:MM22) -> 0
A23: 17 | D23: Workers - Skilled | E23: =SUMIFS(G23:XFD23,$G$5:$XFD$5,$E$5) -> 0 | F23: =SUM(G23:MM23) -> 0
A24: 18 | D24: Workers - Unskilled | E24: =SUMIFS(G24:XFD24,$G$5:$XFD$5,$E$5) -> 0 | F24: =SUM(G24:MM24) -> 0
A25: 19 | C25: Grading | D25: Engineers / Supervisors | E25: =SUMIFS(G25:XFD25,$G$5:$XFD$5,$E$5) -> 0 | F25: =SUM(G25:MM25) -> 0
A26: 20 | D26: Workers - Skilled | E26: =SUMIFS(G26:XFD26,$G$5:$XFD$5,$E$5) -> 0 | F26: =SUM(G26:MM26) -> 0
A27: 21 | D27: Workers - Unskilled | E27: =SUMIFS(G27:XFD27,$G$5:$XFD$5,$E$5) -> 0 | F27: =SUM(G27:MM27) -> 0
A28: 22 | C28: Piling | D28: Engineers / Supervisors | E28: =SUMIFS(G28:XFD28,$G$5:$XFD$5,$E$5) -> 0 | F28: =SUM(G28:MM28) -> 0
A29: 23 | D29: Workers - Skilled | E29: =SUMIFS(G29:XFD29,$G$5:$XFD$5,$E$5) -> 0 | F29: =SUM(G29:MM29) -> 0
A30: 24 | D30: Workers - Unskilled | E30: =SUMIFS(G30:XFD30,$G$5:$XFD$5,$E$5) -> 0 | F30: =SUM(G30:MM30) -> 0
A31: 25 | C31: Grading | D31: Engineers / Supervisors | E31: =SUMIFS(G31:XFD31,$G$5:$XFD$5,$E$5) -> 0 | F31: =SUM(G31:MM31) -> 0
A32: 26 | D32: Workers - Skilled | E32: =SUMIFS(G32:XFD32,$G$5:$XFD$5,$E$5) -> 0 | F32: =SUM(G32:MM32) -> 0
A33: 27 | D33: Workers - Unskilled | E33: =SUMIFS(G33:XFD33,$G$5:$XFD$5,$E$5) -> 0 | F33: =SUM(G33:MM33) -> 0
A34: 28 | C34: Piling | D34: Engineers / Supervisors | E34: =SUMIFS(G34:XFD34,$G$5:$XFD$5,$E$5) -> 0 | F34: =SUM(G34:MM34) -> 0
A35: 29 | D35: Workers - Skilled | E35: =SUMIFS(G35:XFD35,$G$5:$XFD$5,$E$5) -> 0 | F35: =SUM(G35:MM35) -> 0
A36: 30 | D36: Workers - Unskilled | E36: =SUMIFS(G36:XFD36,$G$5:$XFD$5,$E$5) -> 0 | F36: =SUM(G36:MM36) -> 0
A37: 31 | C37: Grading | D37: Engineers / Supervisors | E37: =SUMIFS(G37:XFD37,$G$5:$XFD$5,$E$5) -> 0 | F37: =SUM(G37:MM37) -> 0
A38: 32 | D38: Workers - Skilled | E38: =SUMIFS(G38:XFD38,$G$5:$XFD$5,$E$5) -> 0 | F38: =SUM(G38:MM38) -> 0
A39: 33 | D39: Workers - Unskilled | E39: =SUMIFS(G39:XFD39,$G$5:$XFD$5,$E$5) -> 0 | F39: =SUM(G39:MM39) -> 0
A40: 34 | C40: Piling | D40: Engineers / Supervisors | E40: =SUMIFS(G40:XFD40,$G$5:$XFD$5,$E$5) -> 0 | F40: =SUM(G40:MM40) -> 0
A41: 35 | D41: Workers - Skilled | E41: =SUMIFS(G41:XFD41,$G$5:$XFD$5,$E$5) -> 0 | F41: =SUM(G41:MM41) -> 0
A42: 36 | D42: Workers - Unskilled | E42: =SUMIFS(G42:XFD42,$G$5:$XFD$5,$E$5) -> 0 | F42: =SUM(G42:MM42) -> 0
A43: 37 | C43: Grading | D43: Engineers / Supervisors | E43: =SUMIFS(G43:XFD43,$G$5:$XFD$5,$E$5) -> 0 | F43: =SUM(G43:MM43) -> 0
A44: 38 | D44: Workers - Skilled | E44: =SUMIFS(G44:XFD44,$G$5:$XFD$5,$E$5) -> 0 | F44: =SUM(G44:MM44) -> 0
A45: 39 | D45: Workers - Unskilled | E45: =SUMIFS(G45:XFD45,$G$5:$XFD$5,$E$5) -> 0 | F45: =SUM(G45:MM45) -> 0
A46: 40 | C46: Piling | D46: Engineers / Supervisors | E46: =SUMIFS(G46:XFD46,$G$5:$XFD$5,$E$5) -> 0 | F46: =SUM(G46:MM46) -> 0
A47: 41 | D47: Workers - Skilled | E47: =SUMIFS(G47:XFD47,$G$5:$XFD$5,$E$5) -> 0 | F47: =SUM(G47:MM47) -> 0
A48: 42 | D48: Workers - Unskilled | E48: =SUMIFS(G48:XFD48,$G$5:$XFD$5,$E$5) -> 0 | F48: =SUM(G48:MM48) -> 0
A49: 43 | C49: ICR Works | D49: ICR Engineers / Supervisors | E49: =SUMIFS(G49:XFD49,$G$5:$XFD$5,$E$5) -> 0 | F49: =SUM(G49:MM49) -> 0
A50: 44 | D50: ICR Workers - Skilled | E50: =SUMIFS(G50:XFD50,$G$5:$XFD$5,$E$5) -> 0 | F50: =SUM(G50:MM50) -> 0
A51: 45 | D51: ICR Workers - Unskilled | E51: =SUMIFS(G51:XFD51,$G$5:$XFD$5,$E$5) -> 0 | F51: =SUM(G51:MM51) -> 0
A52: 46 | C52: MCR Works | D52: Engineers / Supervisors | E52: =SUMIFS(G52:XFD52,$G$5:$XFD$5,$E$5) -> 0 | F52: =SUM(G52:MM52) -> 0
A53: 47 | D53: Skilled worker | E53: =SUMIFS(G53:XFD53,$G$5:$XFD$5,$E$5) -> 0 | F53: =SUM(G53:MM53) -> 0
A54: 48 | D54: Unskilled worker | E54: =SUMIFS(G54:XFD54,$G$5:$XFD$5,$E$5) -> 0 | F54: =SUM(G54:MM54) -> 0
A55: 49 | C55: DC Works | D55: Engineers / Supervisors | E55: =SUMIFS(G55:XFD55,$G$5:$XFD$5,$E$5) -> 0 | F55: =SUM(G55:MM55) -> 0
A56: 50 | D56: DC Technician | E56: =SUMIFS(G56:XFD56,$G$5:$XFD$5,$E$5) -> 0 | F56: =SUM(G56:MM56) -> 0
A57: 51 | D57: DC worker - skilled | E57: =SUMIFS(G57:XFD57,$G$5:$XFD$5,$E$5) -> 0 | F57: =SUM(G57:MM57) -> 0
A58: 52 | D58: DC worker - unskilled | E58: =SUMIFS(G58:XFD58,$G$5:$XFD$5,$E$5) -> 0 | F58: =SUM(G58:MM58) -> 0
A59: 53 | D59: Structure Team | E59: =SUMIFS(G59:XFD59,$G$5:$XFD$5,$E$5) -> 0 | F59: =SUM(G59:MM59) -> 0
A60: 54 | D60: safety engineer | E60: =SUMIFS(G60:XFD60,$G$5:$XFD$5,$E$5) -> 0 | F60: =SUM(G60:MM60) -> 0
A61: 55 | C61: DC Works | D61: Engineers / Supervisors | E61: =SUMIFS(G61:XFD61,$G$5:$XFD$5,$E$5) -> 0 | F61: =SUM(G61:MM61) -> 0
A62: 56 | D62: DC Technician | E62: =SUMIFS(G62:XFD62,$G$5:$XFD$5,$E$5) -> 0 | F62: =SUM(G62:MM62) -> 0
A63: 57 | D63: DC worker - skilled | E63: =SUMIFS(G63:XFD63,$G$5:$XFD$5,$E$5) -> 0 | F63: =SUM(G63:MM63) -> 0
A64: 58 | D64: DC worker - unskilled | E64: =SUMIFS(G64:XFD64,$G$5:$XFD$5,$E$5) -> 0 | F64: =SUM(G64:MM64) -> 0
A65: 59 | D65: Structure Team | E65: =SUMIFS(G65:XFD65,$G$5:$XFD$5,$E$5) -> 0 | F65: =SUM(G65:MM65) -> 0
A66: 60 | D66: safety engineer | E66: =SUMIFS(G66:XFD66,$G$5:$XFD$5,$E$5) -> 0 | F66: =SUM(G66:MM66) -> 0
A67: 61 | D67: Engineers / Supervisors | E67: =SUMIFS(G67:XFD67,$G$5:$XFD$5,$E$5) -> 0 | F67: =SUM(G67:MM67) -> 0
A68: 62 | D68: DC Technician | E68: =SUMIFS(G68:XFD68,$G$5:$XFD$5,$E$5) -> 0 | F68: =SUM(G68:MM68) -> 0
A69: 63 | D69: DC worker - skilled | E69: =SUMIFS(G69:XFD69,$G$5:$XFD$5,$E$5) -> 0 | F69: =SUM(G69:MM69) -> 0
A70: 64 | D70: DC worker - unskilled | E70: =SUMIFS(G70:XFD70,$G$5:$XFD$5,$E$5) -> 0 | F70: =SUM(G70:MM70) -> 0
A71: 65 | D71: Structure Team | E71: =SUMIFS(G71:XFD71,$G$5:$XFD$5,$E$5) -> 0 | F71: =SUM(G71:MM71) -> 0
A72: 66 | D72: safety engineer | E72: =SUMIFS(G72:XFD72,$G$5:$XFD$5,$E$5) -> 0 | F72: =SUM(G72:MM72) -> 0
A73: 67 | D73: Engineers / Supervisors | E73: =SUMIFS(G73:XFD73,$G$5:$XFD$5,$E$5) -> 0 | F73: =SUM(G73:MM73) -> 0
... A118: 112 | D118: DC worker - unskilled | E118: =SUMIFS(G118:XFD118,$G$5:$XFD$5,$E$5) -> 0 | F118: =SUM(G118:MM118) -> 0
A119: 113 | D119: Structure Team | E119: =SUMIFS(G119:XFD119,$G$5:$XFD$5,$E$5) -> 0
A120: 114 | D120: safety engineer | E120: =SUMIFS(G120:XFD120,$G$5:$XFD$5,$E$5) -> 0
A121: 115 | D121: Engineers / Supervisors | E121: =SUMIFS(G121:XFD121,$G$5:$XFD$5,$E$5) -> 0
A122: 116 | D122: DC Technician | E122: =SUMIFS(G122:XFD122,$G$5:$XFD$5,$E$5) -> 0
A123: 117 | D123: DC worker - skilled | E123: =SUMIFS(G123:XFD123,$G$5:$XFD$5,$E$5) -> 0
A124: 118 | D124: DC worker - unskilled | E124: =SUMIFS(G124:XFD124,$G$5:$XFD$5,$E$5) -> 0
A125: 119 | D125: Structure Team | E125: =SUMIFS(G125:XFD125,$G$5:$XFD$5,$E$5) -> 0
A126: 120 | D126: safety engineer | E126: =SUMIFS(G126:XFD126,$G$5:$XFD$5,$E$5) -> 0
A127: 121 | D127: Engineers / Supervisors | E127: =SUMIFS(G127:XFD127,$G$5:$XFD$5,$E$5) -> 0 | F127: =SUM(G127:MM127) -> 0
A128: 122 | D128: Technician | E128: =SUMIFS(G128:XFD128,$G$5:$XFD$5,$E$5) -> 0 | F128: =SUM(G128:MM128) -> 0
A129: 123 | D129: worker - unskilled | E129: =SUMIFS(G129:XFD129,$G$5:$XFD$5,$E$5) -> 0 | F129: =SUM(G129:MM129) -> 0
A130: 124 | D130: safety engineer | E130: =SUMIFS(G130:XFD130,$G$5:$XFD$5,$E$5) -> 0 | F130: =SUM(G130:MM130) -> 0
A131: 125 | D131: Engineers / Supervisors | E131: =SUMIFS(G131:XFD131,$G$5:$XFD$5,$E$5) -> 0 | F131: =SUM(G131:MM131) -> 0
A132: 126 | D132: Technician | E132: =SUMIFS(G132:XFD132,$G$5:$XFD$5,$E$5) -> 0 | F132: =SUM(G132:MM132) -> 0
A133: 127 | D133: worker - unskilled | E133: =SUMIFS(G133:XFD133,$G$5:$XFD$5,$E$5) -> 0 | F133: =SUM(G133:MM133) -> 0
A134: 128 | D134: Engineers / Supervisors | E134: =SUMIFS(G134:XFD134,$G$5:$XFD$5,$E$5) -> 0 | F134: =SUM(G134:MM134) -> 0
A135: 129 | D135: Technician | E135: =SUMIFS(G135:XFD135,$G$5:$XFD$5,$E$5) -> 0 | F135: =SUM(G135:MM135) -> 0
A136: 130 | D136: worker - unskilled | E136: =SUMIFS(G136:XFD136,$G$5:$XFD$5,$E$5) -> 0 | F136: =SUM(G136:MM136) -> 0
A137: 131 | D137: Engineers / Supervisors | E137: =SUMIFS(G137:XFD137,$G$5:$XFD$5,$E$5) -> 0 | F137: =SUM(G137:MM137) -> 0
A138: 132 | D138: Technician | E138: =SUMIFS(G138:XFD138,$G$5:$XFD$5,$E$5) -> 0 | F138: =SUM(G138:MM138) -> 0
A139: 133 | D139: worker - unskilled | E139: =SUMIFS(G139:XFD139,$G$5:$XFD$5,$E$5) -> 0 | F139: =SUM(G139:MM139) -> 0

Sheet Machinery
A1: Project Name : | B1: 300MW SECI RAMAGIRI PROJECT
A2: Project Size : | B2: 300MW AC Capacity & 390 Mwp DC Capacity
A3: Date of Report: | B3: 45703
A5: S No. | B5: Contractor Name | C5: Resources Category | D5: Resources Description | E5: =B3 -> 45703 | F5: Cum. Nos | G5: 45703 | H5: =G5+1 -> 45704 | I5: =H5+1 -> 45705 | J5: =I5+1 -> 45706 | K5: =J5+1 -> 45707 | L5: =K5+1 -> 45708 | M5: =L5+1 -> 45709 | N5: =M5+1 -> 45710 | O5: =N5+1 -> 45711 | ... LN5: =LM5+1 -> 46022
E6: =SUM(E10:E42) -> 0 | F6: =SUM(G6:LN6) -> 0 | G6: =SUM(G10:G42) -> 0 | H6: =SUM(H10:H42) -> 0 | I6: =SUM(I10:I42) -> 0 | J6: =SUM(J10:J42) -> 0 | K6: =SUM(K10:K42) -> 0 | L6: =SUM(L10:L42) -> 0 | M6: =SUM(M10:M42) -> 0 | N6: =SUM(N10:N42) -> 0 | ... BZ6: =SUM(BZ10:BZ42) -> 0 | CA6: =SUM(CA11:CA42) -> 0 | CB6: =SUM(CB11:CB42) -> 0 | CC6: =SUM(CC11:CC42) -> 0 | CD6: =SUM(CD11:CD42) -> 0 | CE6: =SUM(CE11:CE42) -> 0 | CF6: =SUM(CF11:CF42) -> 0 | CG6: =SUM(CG11:CG42) -> 0 | CH6: =SUM(CH11:CH42) -> 0 | ... DC6: =SUM(DC11:DC42) -> 0 | DD6: =SUM(DD11:DD44) -> 0 | DE6: =SUM(DE11:DE44) -> 0 | DF6: =SUM(DF11:DF44) -> 0 | DG6: =SUM(DG11:DG44) -> 0 | DH6: =SUM(DH11:DH44) -> 0 | DI6: =SUM(DI11:DI44) -> 0 | DJ6: =SUM(DJ11:DJ44) -> 0 | DK6: =SUM(DK11:DK44) -> 0 | ... FT6: =SUM(FT11:FT44) -> 0 | FU6: =SUM(FU11:FU42) -> 0 | FV6: =SUM(FV11:FV42) -> 0 | FW6: =SUM(FW11:FW42) -> 0 | FX6: =SUM(FX11:FX42) -> 0 | FY6: =SUM(FY11:FY42) -> 0 | FZ6: =SUM(FZ11:FZ42) -> 0 | GA6: =SUM(GA11:GA42) -> 0 | GB6: =SUM(GB11:GB42) -> 0 | ... LN6: =SUM(LN11:LN42) -> 0
A7: 1 | B7: PR Construction | D7: JCB | F7: =SUM(G7:LN7) -> 58 | BF7: 1 | BG7: 1 | BH7: 1 | BI7: 1 | BJ7: 2 | BK7: 2 | BL7: 1 | BM7: 1 | BP7: 4 | BQ7: 4 | BR7: 4 | BS7: 4 | BT7: 4 | BU7: 6 | BV7: 6 | BW7: 6 | BX7: 6 | BY7: 4
A8: =A7+1 -> 2 | D8: Tractor | F8: =SUM(G8:LN8) -> 0
A9: =A8+1 -> 3 | D9: Farana | F9: =SUM(G9:LN9) -> 0
A10: =ROW()-8 -> 2 | D10: Hire Vehicle | E10: =SUMIFS(G10:XFD10,$G$5:$XFD$5,$E$5) -> 0 | F10: =SUM(G10:LN10) -> 0
A11: =A10+1 -> 3 | B11: Boundary wall works | D11: Manual Loading Transit mixer | F11: =SUM(G11:LN11) -> 0
A12: =A11+1 -> 4 | D12: Tractor mounted auger | F12: =SUM(G12:LN12) -> 0
A13: =A12+1 -> 5 | D13: Tractor with trolly | F13: =SUM(G13:LN13) -> 0
A14: =A13+1 -> 6 | D14: Water tanker | F14: =SUM(G14:LN14) -> 0
A15: =A14+1 -> 7 | D15: Pickup | F15: =SUM(G15:LN15) -> 0
A16: 13 | B16: Bush cleaning | D16: JCB | F16: =SUM(G16:LN16) -> 0
A17: 14 | D17: Tractor with trolly | F17: =SUM(G17:LN17) -> 0
A18: 18 | B18: Internal Road works | D18: JCB / Grader | F18: =SUM(G18:LN18) -> 0
A19: 19 | D19: Tractor Trolley | F19: =SUM(G19:LN19) -> 0
A20: 20 | D20: Roller | F20: =SUM(G20:LN20) -> 0
A21: 21 | D21: Dumper | F21: =SUM(G21:LN21) -> 0
A22: 22 | D22: Water tanker | F22: =SUM(G22:LN22) -> 0
A23: 23 | B23: Approach Road works | D23: JCB / Grader | F23: =SUM(G23:LN23) -> 0
A24: 24 | D24: Tractor Trolley | F24: =SUM(G24:LN24) -> 0
A25: 25 | D25: Roller | F25: =SUM(G25:LN25) -> 0
A26: 26 | D26: DG | F26: =SUM(G26:LN26) -> 0
A27: 27 | D27: Water tanker | F27: =SUM(G27:LN27) -> 0
A28: 33 | B28: Piling | D28: DTH | F28: =SUM(G28:LN28) -> 0
A29: 34 | D29: Tractor Augur | F29: =SUM(G29:LN29) -> 0
A30: 35 | D30: Water tanker | F30: =SUM(G30:LN30) -> 0
A31: 36 | D31: Tractor with trolly | F31: =SUM(G31:LN31) -> 0
A32: 37 | D32: JCB | F32: =SUM(G32:LN32) -> 0
A33: 38 | D33: DG | F33: =SUM(G33:LN33) -> 0
A34: 77 | B34: ICR Building | D34: Total Station | F34: =SUM(G34:LN34) -> 0
A35: 78 | D35: Tractor with trolly | F35: =SUM(G35:LN35) -> 0
A36: 79 | D36: Water tanker | F36: =SUM(G36:LN36) -> 0
A37: 80 | D37: Tractor mounted auger | F37: =SUM(G37:LN37) -> 0
A38: 68 | B38: MCR CIVIL | D38: Tractor mounted auger | F38: =SUM(G38:LN38) -> 0
A39: 69 | D39: Water tanker | F39: =SUM(G39:LN39) -> 0
A40: 70 | D40: Tractor with trolly | F40: =SUM(G40:LN40) -> 0
A41: 71 | D41: JCB | F41: =SUM(G41:LN41) -> 0
A42: 72 | D42: DG | F42: =SUM(G42:LN42) -> 0
A43: 102 | B43: DC Works | D43: Tractor with trolly | F43: =SUM(G43:LN43) -> 0
A44: 103 | D44: Water tanker | F44: =SUM(G44:LN44) -> 0
A45: 104 | D45: DG | F45: =SUM(G45:LN45) -> 0
A46: 105 | D46: Camber | F46: =SUM(G46:LN46) -> 0
A47: 106 | D47: JCB | F47: =SUM(G47:LN47) -> 0

Sheet Construction Status
C1: Date | D1: ='Construction DASHBOARD'!B6 -> 45912
B2: Section | C2: S.No | D2: Site Activity | E2: Planned Start | F2: Planned Finish | G2: No. of Days | H2: Actual/ Expected Start | I2: Actual/ Expected Finish | J2: UoM | K2: Qty | L2: Start Date | M2: Actual/ Expected Finish Date | N2: No of Days | O2: Avg/Day | P2: Actual as on Date (%) | Q2: Comp. | R2: Bal | S2: Actual as on date | T2: Till Last Month | U2: 45746 | V2: 45750 | W2: 45751 | X2: 45752 | Y2: 45753 | Z2: 45754 | AA2: 45755 | AB2: 45756 | AC2: 45757 | AD2: 45758 | AE2: 45759 | AF2: 45760 | AG2: 45761 | AH2: 45762 | AI2: 45763 | AJ2: 45764 | AK2: 45765 | AL2: 45766 | AM2: 45767 | AN2: 45768 | AO2: 45769 | AP2: 45770 | AQ2: 45771 | AR2: 45772 | AS2: 45773 | AT2: 45774 | AU2: 45775 | AV2: 45776 | AW2: 45777 | AX2: 45778 | AY2: 45779 | AZ2: 45780 | BA2: 45781 | BB2: 45782 | BC2: 45783 | BD2: 45784 | BE2: 45785 | BF2: 45786 | BG2: 45787 | BH2: 45788 | BI2: 45789 | BJ2: 45790 | BK2: 45791 | BL2: 45792 | BM2: 45793 | BN2: 45794 | BO2: 45795 | BP2: 45796 | BQ2: 45797 | BR2: 45798 | BS2: 45799 | BT2: 45800 | BU2: 45801 | BV2: 45802 | BW2: 45803 | BX2: 45804 | BY2: 45805 | BZ2: 45806 | CA2: 45807 | CB2: 45808 | CC2: 45809 | CD2: 45810 | CE2: 45811 | CF2: 45812 | CG2: 45813 | CH2: 45814 | CI2: 45815 | CJ2: 45816 | CK2: 45817 | CL2: 45818 | CM2: 45819 | CN2: 45820 | CO2: 45821 | CP2: 45822 | CQ2: 45823 | CR2: 45824 | CS2: 45825 | CT2: 45826 | CU2: 45827 | CV2: 45828 | CW2: 45829 | CX2: 45830 | CY2: 45831 | CZ2: 45832 | DA2: 45833 | DB2: 45834 | DC2: 45835 | DD2: 45836 | DE2: 45837 | DF2: 45838 | DG2: 45839 | DH2: 45840 | DI2: 45841 | DJ2: 45842 | DK2: 45843 | DL2: 45844 | DM2: 45845 | DN2: 45846 | DO2: 45847 | DP2: 45848 | DQ2: 45849 | DR2: 45850 | DS2: 45851 | DT2: 45852 | DU2: 45853 | DV2: 45854 | DW2: 45855 | DX2: 45856 | DY2: 45857 | DZ2: 45858 | EA2: 45859 | EB2: 45860 | EC2: 45861 | ED2: 45862 | EE2: 45863 | EF2: 45864 | EG2: 45865 | EH2: 45866 | EI2: 45867 | EJ2: 45868 | EK2: 45869 | EL2: 45870 | EM2: 45871 | EN2: 45872 | EO2: 45873 | EP2: 45874 | EQ2: 45875 | ER2: 45876 | ES2: 45877 | ET2: 45878 | EU2: 45879 | EV2: 45880 | EW2: 45881 | EX2: 45882 | EY2: 45883 | EZ2: 45884 | FA2: 45885 | FB2: 45886 | FC2: 45887 | FD2: 45888 | FE2: 45889 | FF2: 45890 | FG2: 45891 | FH2: 45892 | FI2: 45893 | FJ2: 45894 | FK2: 45895 | FL2: 45896 | FM2: 45897 | FN2: 45898 | FO2: 45899 | FP2: 45900 | FQ2: 45901 | FR2: 45902 | FS2: 45903 | FT2: 45904 | FU2: 45905 | FV2: 45906 | FW2: 45907 | FX2: 45908 | FY2: 45909 | FZ2: 45910 | GA2: 45911 | GB2: 45912 | GC2: 45913 | GD2: 45914 | GE2: 45915 | GF2: 45916 | GG2: 45917 | GH2: 45918 | GI2: 45919 | GJ2: 45920 | GK2: 45921 | GL2: 45922 | GM2: 45923 | GN2: 45924 | GO2: 45925 | GP2: 45926 | GQ2: 45927 | GR2: 45928 | GS2: 45929 | GT2: 45930
U3: =TEXT(U2,"ddd") -> Sun | V3: =TEXT(V2,"ddd") -> Thu | W3: =TEXT(W2,"ddd") -> Fri | X3: =TEXT(X2,"ddd") -> Sat | Y3: =TEXT(Y2,"ddd") -> Sun | Z3: =TEXT(Z2,"ddd") -> Mon | AA3: =TEXT(AA2,"ddd") -> Tue | AB3: =TEXT(AB2,"ddd") -> Wed | ... GT3: =TEXT(GT2,"ddd") -> Tue
B4: L & G | C4: 1 | D4: Bush removal | E4: 45750 | F4: 45870 | G4: =F4-E4 -> 120 | H4: 45754 | I4: 45870 | J4: Acre | K4: 1033 | L4: 45754 | M4: 45796 | N4: =IF(OR(M4="",L4=""),"",INT(M4-L4+1)) -> 43 | O4: =IFERROR(K4/N4,"-") -> 24.023256 | P4: =Q4/K4 -> 0.92181026 | Q4: =S4 -> 952.23 | R4: =K4-Q4 -> 80.77 | S4: =SUM(U4:XFD4) -> 952.23 | T4: =SUM(U4:EK4) -> 877.2 | U4: 0 | V4: 0 | Z4: 1.5 | AA4: 3.5 | AB4: 4 | AC4: 4 | AD4: 4 | AE4: 4 | AF4: 3 | AG4: 2 | AI4: 10 | AJ4: 20 | AK4: 20 | AL4: 20 | AM4: 21 | AN4: 40 | AO4: 40 | AP4: 40 | AQ4: 38 | BC4: 5 | BD4: 10 | BE4: 10 | BF4: 10 | BG4: 5 | BH4: 7 | BI4: 5 | BJ4: 0 | BK4: 0 | BL4: 7 | BM4: 0 | BN4: 17 | BO4: 19 | BP4: 24 | BQ4: 9 | BR4: 12 | BS4: 0 | BT4: 16 | BU4: 0 | BV4: 0 | BW4: 0 | BX4: 0 | BY4: 6 | BZ4: 16 | CA4: 15 | CB4: 18 | CC4: 14 | CD4: 16 | CE4: 15 | CF4: 14 | CG4: 18 | CH4: 14 | CI4: 15 | CJ4: 10 | CK4: 11 | CL4: 16 | CM4: 13 | CN4: 15 | CO4: 17 | CP4: 5 | CQ4: 14 | CR4: 16 | CS4: 13 | CT4: 13 | CU4: 11 | CV4: 7 | CW4: 5 | CX4: 5 | CY4: 5 | CZ4: 5 | DA4: 5 | DB4: 7 | DC4: 10 | DD4: 7 | DE4: 6 | DF4: 5 | DG4: 7 | DH4: 12 | DI4: 9 | DJ4: 8 | DK4: 7 | DL4: 7 | DM4: 9 | DN4: 0 | DO4: 0 | DP4: 0 | DQ4: 0 | DR4: 0 | DS4: 0 | DT4: 0 | DU4: 0 | DV4: 0 | DW4: 0 | DX4: 0 | DY4: 0 | DZ4: 0 | EA4: 0 | EB4: 0 | EC4: 0 | ED4: 0 | EE4: 0 | EF4: 0 | EG4: 0 | EH4: 3 | EI4: 0.6 | EJ4: 1.6 | EK4: 0 | EL4: 0 | EM4: 0 | EN4: 0 | EO4: 0 | EP4: 0 | EQ4: 0 | ER4: 0 | ES4: 0 | ET4: 0 | EU4: 0 | EV4: 0 | EW4: 0 | EX4: 0 | EY4: 3 | EZ4: 1 | FA4: 3 | FB4: 1 | FC4: 0 | FD4: 30 | FE4: 20 | FF4: 3 | FG4: 1.03 | FH4: 1 | FI4: 1 | FJ4: 1 | FK4: 1 | FL4: 1 | FM4: 1 | FN4: 1 | FO4: 1 | FP4: 1 | FQ4: 0 | FR4: 0 | FS4: 0 | FT4: 0 | FU4: 0 | FV4: 1 | FW4: 1 | FX4: 1 | FY4: 1 | FZ4: 0 | GA4: 0 | GB4: 0
C5: 2 | D5: Land grading | E5: 45750 | F5: 45870 | G5: =F5-E5 -> 120 | H5: 45754 | I5: 45870 | J5: Acre | K5: 1033 | L5: 45754 | M5: 45796 | N5: =IF(OR(M5="",L5=""),"",INT(M5-L5+1)) -> 43 | O5: =IFERROR(K5/N5,"-") -> 24.023256 | P5: =Q5/K5 -> 0.91851888 | Q5: =S5 -> 948.83 | R5: =K5-Q5 -> 84.17 | S5: =SUM(U5:XFD5) -> 948.83 | T5: =SUM(U5:EK5) -> 872 | AR5: 10 | AS5: 10 | AT5: 10 | AU5: 10 | AV5: 12 | AW5: 13 | AX5: 10 | AY5: 12 | AZ5: 11 | BA5: 20 | BB5: 14 | BC5: 16 | BD5: 10 | BE5: 6 | BF5: 10 | BG5: 5 | BH5: 7 | BI5: 5 | BJ5: 7 | BK5: 7 | BL5: 7 | BM5: 12 | BN5: 17 | BO5: 19 | BP5: 24 | BQ5: 9 | BR5: 12 | BS5: 18 | BT5: 16 | BU5: 15 | BV5: 23 | BW5: 22 | BX5: 20 | BY5: 18 | BZ5: 16 | CA5: 15 | CB5: 18 | CC5: 14 | CD5: 16 | CE5: 15 | CF5: 14 | CG5: 18 | CH5: 14 | CI5: 15 | CJ5: 10 | CK5: 11 | CL5: 16 | CM5: 13 | CN5: 15 | CO5: 17 | CP5: 5 | CQ5: 14 | CR5: 16 | CS5: 13 | CT5: 13 | CU5: 11 | CV5: 7 | CW5: 5 | CX5: 5 | CY5: 5 | CZ5: 5 | DA5: 5 | DB5: 7 | DC5: 10 | DD5: 7 | DE5: 6 | DF5: 5 | DG5: 7 | DH5: 12 | DI5: 9 | DJ5: 8 | DK5: 7 | DL5: 7 | DM5: 9 | DN5: 0 | DO5: 0 | DP5: 0 | DQ5: 0 | DR5: 0 | DS5: 0 | DT5: 0 | DU5: 0 | DV5: 0 | DW5: 0 | DX5: 0 | DY5: 0 | DZ5: 0 | EA5: 0 | EB5: 0 | EC5: 0 | ED5: 0 | EE5: 0 | EF5: 0 | EG5: 0 | EH5: 0 | EI5: 0 | EJ5: 0 | EK5: 0 | EL5: 0 | EM5: 0 | EN5: 0 | EO5: 1.8 | EP5: 0 | EQ5: 0 | ER5: 0 | ES5: 0 | ET5: 0 | EU5: 0 | EV5: 0 | EW5: 0 | EX5: 0 | EY5: 3 | EZ5: 1 | FA5: 3 | FB5: 1 | FC5: 0 | FD5: 30 | FE5: 20 | FF5: 3 | FG5: 1.03 | FH5: 1 | FI5: 1 | FJ5: 1 | FK5: 1 | FL5: 1 | FM5: 1 | FN5: 1 | FO5: 1 | FP5: 1 | FQ5: 0 | FR5: 0 | FS5: 0 | FT5: 0 | FU5: 0 | FV5: 1 | FW5: 1 | FX5: 1 | FY5: 1 | FZ5: 0 | GA5: 0 | GB5: 0
B6: Site Initials | C6: 3 | D6: Boundry Coordinate capturing | E6: 45700 | F6: 45709 | G6: =F6-E6 -> 9 | H6: 45700 | I6: 45709 | J6: Lot. | K6: 1 | L6: 45700 | M6: 45710 | N6: =IF(OR(M6="",L6=""),"",INT(M6-L6+1)) -> 11 | O6: =IFERROR(K6/N6,"-") -> 0.090909091 | P6: =IFERROR(SUMIF($U$2:$AT$2,"<="&$D$1,U6:BN6)/K6,"-") -> 1 | Q6: =SUMIF($U$2:$CC$2,"<="&$D$1,U6:CC6) -> 1 | R6: =K6-Q6 -> 0 | S6: =SUM(U6:XFD6) -> 1 | T6: =SUM(U6:EK6) -> 1 | U6: 1 | DG6: 0 | DH6: 0 | DI6: 0 | DJ6: 0 | DK6: 0 | DL6: 0 | DM6: 0 | DN6: 0 | DO6: 0 | DP6: 0 | DQ6: 0 | DR6: 0 | DS6: 0 | DT6: 0 | DU6: 0 | DV6: 0 | DW6: 0 | DX6: 0 | DY6: 0 | DZ6: 0 | EA6: 0 | EB6: 0 | EC6: 0 | ED6: 0 | EE6: 0 | EF6: 0 | EG6: 0 | EH6: 0 | EI6: 0 | EJ6: 0 | EK6: 0 | EL6: 0 | EM6: 0 | EN6: 0 | EO6: 0 | EP6: 0 | EQ6: 0 | ER6: 0 | ES6: 0 | ET6: 0 | EU6: 0 | EV6: 0 | EW6: 0 | EX6: 0 | EY6: 0 | EZ6: 0 | FA6: 0 | FB6: 0 | FC6: 0 | FD6: 0 | FE6: 0 | FF6: 0 | FG6: 0 | FH6: 0 | FI6: 0 | FJ6: 0 | FK6: 0 | FL6: 0 | FM6: 0 | FN6: 0 | FO6: 0 | FP6: 0 | FQ6: 0 | FR6: 0 | FS6: 0 | FT6: 0 | FU6: 0 | FV6: 0 | FW6: 0 | FX6: 0 | FY6: 0 | FZ6: 0 | GA6: 0 | GB6: 0
C7: 4 | D7: Topo Survey | E7: 45711 | F7: 45730 | G7: =F7-E7 -> 19 | H7: 45711 | I7: 45730 | J7: Lot. | K7: 1 | L7: 45703 | M7: 45730 | N7: =IF(OR(M7="",L7=""),"",INT(M7-L7+1)) -> 28 | O7: =IFERROR(K7/N7,"-") -> 0.035714286 | P7: =IFERROR(SUMIF($U$2:$AT$2,"<="&$D$1,U7:BN7)/K7,"-") -> 1 | Q7: =SUMIF($U$2:$CC$2,"<="&$D$1,U7:CC7) -> 1 | R7: =K7-Q7 -> 0 | S7: =SUM(U7:XFD7) -> 1 | T7: =SUM(U7:EK7) -> 1 | U7: 1 | DG7: 0 | DH7: 0 | DI7: 0 | DJ7: 0 | DK7: 0 | DL7: 0 | DM7: 0 | DN7: 0 | DO7: 0 | DP7: 0 | DQ7: 0 | DR7: 0 | DS7: 0 | DT7: 0 | DU7: 0 | DV7: 0 | DW7: 0 | DX7: 0 | DY7: 0 | DZ7: 0 | EA7: 0 | EB7: 0 | EC7: 0 | ED7: 0 | EE7: 0 | EF7: 0 | EG7: 0 | EH7: 0 | EI7: 0 | EJ7: 0 | EK7: 0 | EL7: 0 | EM7: 0 | EN7: 0 | EO7: 0 | EP7: 0 | EQ7: 0 | ER7: 0 | ES7: 0 | ET7: 0 | EU7: 0 | EV7: 0 | EW7: 0 | EX7: 0 | EY7: 0 | EZ7: 0 | FA7: 0 | FB7: 0 | FC7: 0 | FD7: 0 | FE7: 0 | FF7: 0 | FG7: 0 | FH7: 0 | FI7: 0 | FJ7: 0 | FK7: 0 | FL7: 0 | FM7: 0 | FN7: 0 | FO7: 0 | FP7: 0 | FQ7: 0 | FR7: 0 | FS7: 0 | FT7: 0 | FU7: 0 | FV7: 0 | FW7: 0 | FX7: 0 | FY7: 0 | FZ7: 0 | GA7: 0 | GB7: 0
C8: 5 | D8: Soil Investigation | E8: 45703 | F8: 45762 | G8: =F8-E8 -> 59 | H8: 45703 | I8: 45776 | J8: Nos. | K8: 79 | L8: 45711 | M8: 45778 | N8: =IF(OR(M8="",L8=""),"",INT(M8-L8+1)) -> 68 | O8: =IFERROR(K8/N8,"-") -> 1.1617647 | P8: =Q8/K8 -> 1 | Q8: =SUMIF($U$2:$CC$2,"<="&$D$1,U8:CC8) -> 79 | R8: =K8-Q8 -> 0 | S8: =SUM(U8:XFD8) -> 79 | T8: =SUM(U8:EK8) -> 79 | U8: 52 | V8: 2 | W8: 2 | X8: 2 | Y8: 2 | Z8: 2 | AA8: 1 | AB8: 1 | AC8: 1 | AD8: 1 | AE8: 1 | AF8: 1 | AH8: 1 | AI8: 1 | AL8: 1 | AM8: 1 | AN8: 1 | AO8: 1 | AP8: 1 | AS8: 1 | AT8: 1 | AU8: 1 | AV8: 1 | DG8: 0 | DH8: 0 | DI8: 0 | DJ8: 0 | DK8: 0 | DL8: 0 | DM8: 0 | DN8: 0 | DO8: 0 | DP8: 0 | DQ8: 0 | DR8: 0 | DS8: 0 | DT8: 0 | DU8: 0 | DV8: 0 | DW8: 0 | DX8: 0 | DY8: 0 | DZ8: 0 | EA8: 0 | EB8: 0 | EC8: 0 | ED8: 0 | EE8: 0 | EF8: 0 | EG8: 0 | EH8: 0 | EI8: 0 | EJ8: 0 | EK8: 0 | EL8: 0 | EM8: 0 | EN8: 0 | EO8: 0 | EP8: 0 | EQ8: 0 | ER8: 0 | ES8: 0 | ET8: 0 | EU8: 0 | EV8: 0 | EW8: 0 | EX8: 0 | EY8: 0 | EZ8: 0 | FA8: 0 | FB8: 0 | FC8: 0 | FD8: 0 | FE8: 0 | FF8: 0 | FG8: 0 | FH8: 0 | FI8: 0 | FJ8: 0 | FK8: 0 | FL8: 0 | FM8: 0 | FN8: 0 | FO8: 0 | FP8: 0 | FQ8: 0 | FR8: 0 | FS8: 0 | FT8: 0 | FU8: 0 | FV8: 0 | FW8: 0 | FX8: 0 | FY8: 0 | FZ8: 0 | GA8: 0 | GB8: 0
C9: 6 | D9: ERT Test | E9: 45749 | F9: 45760 | G9: =F9-E9 -> 11 | H9: 45753 | I9: 45757 | J9: Lot. | K9: 36 | L9: 45753 | M9: 45757 | N9: =IF(OR(M9="",L9=""),"",INT(M9-L9+1)) -> 5 | O9: =IFERROR(K9/N9,"-") -> 7.2 | P9: =IFERROR(SUMIF($U$2:$AT$2,"<="&$D$1,U9:BN9)/K9,"-") -> 1 | Q9: =SUMIF($U$2:$CC$2,"<="&$D$1,U9:CC9) -> 36 | R9: =K9-Q9 -> 0 | S9: =SUM(U9:XFD9) -> 36 | T9: =SUM(U9:EK9) -> 36 | U9: 0 | V9: 0 | Y9: 4 | Z9: 8 | AA9: 8 | AB9: 10 | AC9: 6 | DG9: 0 | DH9: 0 | DI9: 0 | DJ9: 0 | DK9: 0 | DL9: 0 | DM9: 0 | DN9: 0 | DO9: 0 | DP9: 0 | DQ9: 0 | DR9: 0 | DS9: 0 | DT9: 0 | DU9: 0 | DV9: 0 | DW9: 0 | DX9: 0 | DY9: 0 | DZ9: 0 | EA9: 0 | EB9: 0 | EC9: 0 | ED9: 0 | EE9: 0 | EF9: 0 | EG9: 0 | EH9: 0 | EI9: 0 | EJ9: 0 | EK9: 0 | EL9: 0 | EM9: 0 | EN9: 0 | EO9: 0 | EP9: 0 | EQ9: 0 | ER9: 0 | ES9: 0 | ET9: 0 | EU9: 0 | EV9: 0 | EW9: 0 | EX9: 0 | EY9: 0 | EZ9: 0 | FA9: 0 | FB9: 0 | FC9: 0 | FD9: 0 | FE9: 0 | FF9: 0 | FG9: 0 | FH9: 0 | FI9: 0 | FJ9: 0 | FK9: 0 | FL9: 0 | FM9: 0 | FN9: 0 | FO9: 0 | FP9: 0 | FQ9: 0 | FR9: 0 | FS9: 0 | FT9: 0 | FU9: 0 | FV9: 0 | FW9: 0 | FX9: 0 | FY9: 0 | FZ9: 0 | GA9: 0 | GB9: 0
C10: 7 | D10: Test Pile Casting | E10: 45759 | F10: 45773 | G10: =F10-E10 -> 14 | H10: 45806 | I10: 45811 | J10: Lot. | K10: 240 | N10: =IF(OR(M10="",L10=""),"",INT(M10-L10+1)) | O10: =IFERROR(K10/N10,"-") -> - | P10: =Q10/K10 -> 1 | Q10: =S10 -> 240 | R10: =K10-Q10 -> 0 | S10: =SUM(U10:XFD10) -> 240 | T10: =SUM(U10:EK10) -> 240 | U10: 0 | V10: 0 | BZ10: 34 | CA10: 38 | CB10: 36 | CC10: 40 | CG10: 40 | CH10: 32 | CI10: 20 | DG10: 0 | DH10: 0 | DI10: 0 | DJ10: 0 | DK10: 0 | DL10: 0 | DM10: 0 | DN10: 0 | DO10: 0 | DP10: 0 | DQ10: 0 | DR10: 0 | DS10: 0 | DT10: 0 | DU10: 0 | DV10: 0 | DW10: 0 | DX10: 0 | DY10: 0 | DZ10: 0 | EA10: 0 | EB10: 0 | EC10: 0 | ED10: 0 | EE10: 0 | EF10: 0 | EG10: 0 | EH10: 0 | EI10: 0 | EJ10: 0 | EK10: 0 | EL10: 0 | EM10: 0 | EN10: 0 | EO10: 0 | EP10: 0 | EQ10: 0 | ER10: 0 | ES10: 0 | ET10: 0 | EU10: 0 | EV10: 0 | EW10: 0 | EX10: 0 | EY10: 0 | EZ10: 0 | FA10: 0 | FB10: 0 | FC10: 0 | FD10: 0 | FE10: 0 | FF10: 0 | FG10: 0 | FH10: 0 | FI10: 0 | FJ10: 0 | FK10: 0 | FL10: 0 | FM10: 0 | FN10: 0 | FO10: 0 | FP10: 0 | FQ10: 0 | FR10: 0 | FS10: 0 | FT10: 0 | FU10: 0 | FV10: 0 | FW10: 0 | FX10: 0 | FY10: 0 | FZ10: 0 | GA10: 0 | GB10: 0
C11: 8 | D11: Pile Testing | E11: =F10+28 -> 45801 | F11: =E11+G11-1 -> 45807 | G11: 7 | H11: 45824 | I11: =H11+60 -> 45884 | J11: Lot. | K11: 180 | N11: =IF(OR(M11="",L11=""),"",INT(M11-L11+1)) | O11: =IFERROR(K11/N11,"-") -> - | P11: =Q11/K11 -> 1 | Q11: =S11 -> 180 | R11: =K11-Q11 -> 0 | S11: =SUM(U11:XFD11) -> 180 | T11: =SUM(U11:CB11) -> 0 | U11: 0 | V11: 0 | CV11: 3 | CW11: 4 | CX11: 4 | CY11: 4 | CZ11: 0 | DA11: 6 | DB11: 2 | DC11: 2 | DD11: 0 | DE11: 7 | DF11: 4 | DG11: 4 | DH11: 3 | DI11: 6 | DJ11: 0 | DK11: 3 | DL11: 0 | DM11: 1 | DN11: 1 | DO11: 0 | DP11: 0 | DQ11: 0 | DR11: 0 | DS11: 2 | DT11: 7 | DU11: 4 | DV11: 13 | DW11: 3 | DX11: 3 | DY11: 10 | DZ11: 14 | EA11: 8 | EB11: 5 | EC11: 9 | ED11: 2 | EE11: 8 | EF11: 9 | EG11: 0 | EH11: 9 | EI11: 10 | EJ11: 10 | EK11: 0 | EL11: 0 | EM11: 0 | EN11: 0 | EO11: 0 | EP11: 0 | EQ11: 0 | ER11: 0 | ES11: 0 | ET11: 0 | EU11: 0 | EV11: 0 | EW11: 0 | EX11: 0 | EY11: 0 | EZ11: 0 | FA11: 0 | FB11: 0 | FC11: 0 | FD11: 0 | FE11: 0 | FF11: 0 | FG11: 0 | FH11: 0 | FI11: 0 | FJ11: 0 | FK11: 0 | FL11: 0 | FM11: 0 | FN11: 0 | FO11: 0 | FP11: 0 | FQ11: 0 | FR11: 0 | FS11: 0 | FT11: 0 | FU11: 0 | FV11: 0 | FW11: 0 | FX11: 0 | FY11: 0 | FZ11: 0 | GA11: 0 | GB11: 0
B12: Array Yard Civil Works | C12: 9 | D12: Pile Marking | E12: 45824 | F12: 45971 | G12: =F12-E12 -> 147 | H12: 45838 | I12: 45971 | J12: nos. | K12: 116500 | N12: =IF(OR(M12="",L12=""),"",INT(M12-L12+1)) | O12: =IFERROR(K12/N12,"-") -> - | P12: =Q12/K12 -> 0.22495279 | Q12: =S12 -> 26207 | R12: =K12-Q12 -> 90293 | S12: =SUM(U12:XFD12) -> 26207 | T12: =SUM(U12:CB12) -> 0 | DG12: 0 | DH12: 0 | DI12: 0 | DJ12: 0 | DK12: 0 | DL12: 0 | DM12: 0 | DN12: 0 | DO12: 0 | DP12: 0 | DQ12: 0 | DR12: 0 | DS12: 300 | DT12: 430 | DU12: 350 | DV12: 280 | DW12: 293 | DX12: 527 | DY12: 622 | DZ12: 288 | EA12: 141 | EB12: 484 | EC12: 660 | ED12: 898 | EE12: 943 | EF12: 846 | EG12: 167 | EH12: 929 | EI12: 763 | EJ12: 596 | EK12: 976 | EL12: 953 | EM12: 405 | EN12: 335 | EO12: 536 | EP12: 162 | EQ12: 225 | ER12: 108 | ES12: 216 | ET12: 108 | EU12: 18 | EV12: 108 | EW12: 403 | EX12: 0 | EY12: 0 | EZ12: 0 | FA12: 495 | FB12: 463 | FC12: 665 | FD12: 389 | FE12: 593 | FF12: 889 | FG12: 602 | FH12: 952 | FI12: 564 | FJ12: 1095 | FK12: 1034 | FL12: 252 | FM12: 639 | FN12: 782 | FO12: 1077 | FP12: 1082 | FQ12: 564 | FR12: =SUMIF($J$6:$J$101,$J12,FR$6:FR$101) -> 423 | FS12: =SUMIF($J$6:$J$101,$J12,FS$6:FS$101) -> 553 | FT12: =SUMIF($J$6:$J$101,$J12,FT$6:FT$101) -> 163 | FU12: =SUMIF($J$6:$J$101,$J12,FU$6:FU$101) -> 334 | FV12: =SUMIF($J$6:$J$101,$J12,FV$6:FV$101) -> 495 | FW12: =SUMIF($J$6:$J$101,$J12,FW$6:FW$101) -> 275 | FX12: 270 | FY12: 657 | FZ12: =SUMIF($J$5:$J$100,$J12,FZ$5:FZ$100) -> 594 | GA12: =SUMIF($J$5:$J$100,$J12,GA$5:GA$100) -> 605 | GB12: =SUMIF($J$5:$J$100,$J12,GB$5:GB$100) -> 665
C13: 10 | D13: Pile -Drilling | E13: 45848 | F13: 45976 | G13: =F13-E13 -> 128 | H13: =E13 -> 45848 | I13: =F13 -> 45976 | J13: nos. | K13: 116500 | N13: =IF(OR(M13="",L13=""),"",INT(M13-L13+1)) | O13: =IFERROR(K13/N13,"-") -> - | P13: =Q13/K13 -> 0.21158798 | Q13: =S13 -> 24650 | R13: =K13-Q13 -> 91850 | S13: 24650 | T13: =SUM(U13:CB13) -> 0 | DG13: 0 | DH13: 0 | DI13: 0 | DJ13: 0 | DK13: 0 | DL13: 0 | DM13: 0 | DN13: 0 | DO13: 0 | DP13: 0 | DQ13: 0 | DR13: 0 | DS13: 0 | DT13: 0 | DU13: 0 | DV13: 0 | DW13: 263 | DX13: 640 | DY13: 580 | DZ13: 583 | EA13: 301 | EB13: 670 | EC13: 105 | ED13: 245 | EE13: 574 | EF13: 15 | EG13: 0 | EH13: 0 | EI13: 0 | EJ13: 37 | EK13: 356 | EL13: 325 | EM13: 0 | EN13: 0 | EO13: 110 | EP13: 0 | EQ13: 0 | ER13: 0 | ES13: 0 | ET13: 44 | EU13: 0 | EV13: 401 | EW13: 267 | EX13: 876 | EY13: 260 | EZ13: 0 | FA13: 467 | FB13: 238 | FC13: 825 | FD13: 402 | FE13: 570 | FF13: 704 | FG13: 854 | FH13: 1065 | FI13: 896 | FJ13: 1008 | FK13: 1144 | FL13: 458 | FM13: 1314 | FN13: 534 | FO13: 243 | FP13: 235 | FQ13: 180 | FR13: =SUMIF($J$6:$J$101,$J13,FR$6:FR$101) -> 605 | FS13: =SUMIF($J$6:$J$101,$J13,FS$6:FS$101) -> 735 | FT13: =SUMIF($J$6:$J$101,$J13,FT$6:FT$101) -> 395 | FU13: =SUMIF($J$6:$J$101,$J13,FU$6:FU$101) -> 0 | FV13: =SUMIF($J$6:$J$101,$J13,FV$6:FV$101) -> 89 | FW13: =SUMIF($J$6:$J$101,$J13,FW$6:FW$101) -> 200 | FX13: 640 | FY13: 927 | FZ13: =SUMIF($J$5:$J$100,$J13,FZ$5:FZ$100) -> 725 | GA13: =SUMIF($J$5:$J$100,$J13,GA$5:GA$100) -> 741 | GB13: =SUMIF($J$5:$J$100,$J13,GB$5:GB$100) -> 1084
C14: 11 | D14: Pile- Casting | E14: 45858 | F14: 45986 | G14: =F14-E14 -> 128 | H14: =E14 -> 45858 | I14: =F14 -> 45986 | J14: nos. | K14: 116500 | N14: =IF(OR(M14="",L14=""),"",INT(M14-L14+1)) | O14: =IFERROR(K14/N14,"-") -> - | P14: =IFERROR(SUMIF($U$2:$AT$2,"<="&$D$1,U14:BN14)/K14,"-") -> 0 | Q14: =S14 -> 18175 | R14: =K14-Q14 -> 98325 | S14: 18175 | T14: =SUM(U14:CB14) -> 0 | DG14: 0 | DH14: 0 | DI14: 0 | DJ14: 0 | DK14: 0 | DL14: 0 | DM14: 0 | DN14: 0 | DO14: 0 | DP14: 0 | DQ14: 0 | DR14: 0 | DS14: 0 | DT14: 0 | DU14: 0 | DV14: 0 | DW14: 0 | DX14: 0 | DY14: 0 | DZ14: 35 | EA14: 0 | EB14: 0 | EC14: 0 | ED14: 27 | EE14: 31 | EF14: 86 | EG14: 29 | EH14: 103 | EI14: 106 | EJ14: 92 | EK14: 56 | EL14: 61 | EM14: 109 | EN14: 143 | EO14: 0 | EP14: 151 | EQ14: 156 | ER14: 188 | ES14: 250 | ET14: 249 | EU14: 379 | EV14: 359 | EW14: 347 | EX14: 451 | EY14: 282 | EZ14: 0 | FA14: 509 | FB14: 268 | FC14: 166 | FD14: 510 | FE14: 749 | FF14: 750 | FG14: 862 | FH14: 790 | FI14: 924 | FJ14: 664 | FK14: 579 | FL14: 397 | FM14: 1127 | FN14: 682 | FO14: 471 | FP14: 385 | FQ14: 339 | FR14: =SUMIF($J$6:$J$101,$J14,FR$6:FR$101) -> 500 | FS14: =SUMIF($J$6:$J$101,$J14,FS$6:FS$101) -> 195 | FT14: =SUMIF($J$6:$J$101,$J14,FT$6:FT$101) -> 834 | FU14: =SUMIF($J$6:$J$101,$J14,FU$6:FU$101) -> 440 | FV14: =SUMIF($J$6:$J$101,$J14,FV$6:FV$101) -> 277 | FW14: =SUMIF($J$6:$J$101,$J14,FW$6:FW$101) -> 73 | FX14: 345 | FY14: 66 | FZ14: =SUMIF($J$5:$J$100,$J14,FZ$5:FZ$100) -> 1011 | GA14: =SUMIF($J$5:$J$100,$J14,GA$5:GA$100) -> 166 | GB14: =SUMIF($J$5:$J$100,$J14,GB$5:GB$100) -> 406
C15: 12 | D15: Pile-Capping | E15: 45863 | F15: 45995 | G15: =F15-E15 -> 132 | H15: =E15 -> 45863 | I15: =F15 -> 45995 | J15: nos. | K15: 116500 | N15: =IF(OR(M15="",L15=""),"",INT(M15-L15+1)) | O15: =IFERROR(K15/N15,"-") -> - | P15: =IFERROR(SUMIF($U$2:$AT$2,"<="&$D$1,U15:BN15)/K15,"-") -> 0 | Q15: =S15 -> 1157 | R15: =K15-Q15 -> 115343 | S15: =SUM(U15:XFD15) -> 1157 | T15: =SUM(U15:CB15) -> 0 | DG15: 0 | DH15: 0 | DI15: 0 | DJ15: 0 | DK15: 0 | DL15: 0 | DM15: 0 | DN15: 0 | DO15: 0 | DP15: 0 | DQ15: 0 | DR15: 0 | DS15: 0 | DT15: 0 | DU15: 0 | DV15: 0 | DW15: 0 | DX15: 0 | DY15: 0 | DZ15: 0 | EA15: 0 | EB15: 0 | EC15: 0 | ED15: 0 | EE15: 0 | EF15: 0 | EG15: 0 | EH15: 0 | EI15: 0 | EJ15: 0 | EK15: 0 | EL15: 0 | EM15: 0 | EN15: 0 | EO15: 0 | EP15: 0 | EQ15: 0 | ER15: 0 | ES15: 0 | ET15: 0 | EU15: 0 | EV15: 0 | EW15: 0 | EX15: 0 | EY15: 0 | EZ15: 0 | FA15: 0 | FB15: 0 | FC15: 0 | FD15: 22 | FE15: 0 | FF15: 0 | FG15: 0 | FH15: 0 | FI15: 0 | FJ15: 132 | FK15: 129 | FL15: 0 | FM15: 0 | FN15: 0 | FO15: 93 | FP15: 349 | FQ15: 432 | FR15: =SUMIF($J$6:$J$99,$J15,FR$6:FR$99) -> 315 | FS15: =SUMIF($J$6:$J$99,$J15,FS$6:FS$99) -> 549 | FT15: =SUMIF($J$6:$J$99,$J15,FT$6:FT$99) -> 0 | FU15: =SUMIF($J$6:$J$99,$J15,FU$6:FU$99) -> 143 | FV15: =SUMIF($J$6:$J$99,$J15,FV$6:FV$99) -> 1379 | FW15: =SUMIF($J$6:$J$99,$J15,FW$6:FW$99) -> 664 | FX15: 450 | FY15: 490 | FZ15: =SUMIF($J$5:$J$100,$J15,FZ$5:FZ$100) -> 305 | GA15: =SUMIF($J$5:$J$100,$J15,GA$5:GA$100) -> 163 | GB15: =SUMIF($J$5:$J$100,$J15,GB$5:GB$100) -> 200
B16: ICR Civil Works | C16: 13 | D16: ICR Marking & Excavation | E16: 45821 | F16: 45923 | G16: =F16-E16 -> 102 | H16: =E16 -> 45821 | I16: =F16 -> 45923 | J16: Block | K16: 26 | N16: =IF(OR(M16="",L16=""),"",INT(M16-L16+1)) | O16: =IFERROR(K16/N16,"-") -> - | P16: =IFERROR(SUMIF($U$2:$AT$2,"<="&$D$1,U16:BN16)/K16,"-") -> 0 | Q16: =S16 -> 3 | R16: =K16-Q16 -> 23 | S16: =SUM(U16:XFD16) -> 3 | T16: =SUM(U16:CB16) -> 0 | DG16: 0 | DH16: 0 | DI16: 0 | DJ16: 0 | DK16: 0 | DL16: 0 | DM16: 0 | DN16: 0 | DO16: 0 | DP16: 0 | DQ16: 0 | DR16: 0 | DS16: 0 | DT16: 0 | DU16: 0 | DV16: 0 | DW16: 0 | DX16: 0 | DY16: 0 | DZ16: 0 | EA16: 0 | EB16: 0 | EC16: 0 | ED16: 0 | EE16: 0 | EF16: 0 | EG16: 0 | EH16: 0 | EI16: 0 | EJ16: 0 | EK16: 0 | EL16: 0 | EM16: 0 | EN16: 0 | EO16: 0 | EP16: 0 | EQ16: 0 | ER16: 0 | ES16: 0 | ET16: 0 | EU16: 0 | EV16: 0 | EW16: 0 | EX16: 0 | EY16: 0 | EZ16: 0 | FA16: 0 | FB16: 0 | FC16: 0 | FD16: 3 | FE16: 0 | FF16: 0 | FG16: 0 | FH16: 0 | FI16: 0 | FJ16: 0 | FK16: 0 | FL16: 0 | FM16: 0 | FN16: 0 | FO16: 0 | FP16: 0 | FQ16: 0 | FR16: 0 | FS16: 0 | FT16: 0 | FU16: 0 | FV16: 0 | FW16: 0 | FX16: 0 | FY16: 0 | FZ16: 0 | GA16: 0 | GB16: 0
C17: 14 | D17: ICR PCC | E17: 45840 | F17: =F16+6 -> 45929 | G17: =F17-E17 -> 89 | H17: =E17 -> 45840 | I17: =F17 -> 45929 | J17: Block | K17: 26 | N17: =IF(OR(M17="",L17=""),"",INT(M17-L17+1)) | O17: =IFERROR(K17/N17,"-") -> - | P17: =IFERROR(SUMIF($U$2:$AT$2,"<="&$D$1,U17:BN17)/K17,"-") -> 0 | Q17: =S17 -> 0 | R17: =K17-Q17 -> 26 | S17: =SUM(U17:XFD17) -> 0 | T17: =SUM(U17:CB17) -> 0 | DG17: 0 | DH17: 0 | DI17: 0 | DJ17: 0 | DK17: 0 | DL17: 0 | DM17: 0 | DN17: 0 | DO17: 0 | DP17: 0 | DQ17: 0 | DR17: 0 | DS17: 0 | DT17: 0 | DU17: 0 | DV17: 0 | DW17: 0 | DX17: 0 | DY17: 0 | DZ17: 0 | EA17: 0 | EB17: 0 | EC17: 0 | ED17: 0 | EE17: 0 | EF17: 0 | EG17: 0 | EH17: 0 | EI17: 0 | EJ17: 0 | EK17: 0 | EL17: 0 | EM17: 0 | EN17: 0 | EO17: 0 | EP17: 0 | EQ17: 0 | ER17: 0 | ES17: 0 | ET17: 0 | EU17: 0 | EV17: 0 | EW17: 0 | EX17: 0 | EY17: 0 | EZ17: 0 | FA17: 0 | FB17: 0 | FC17: 0 | FD17: 0 | FE17: 0 | FF17: 0 | FG17: 0 | FH17: 0 | FI17: 0 | FJ17: 0 | FK17: 0 | FL17: 0 | FM17: 0 | FN17: 0 | FO17: 0 | FP17: 0 | FQ17: 0 | FR17: 0 | FS17: 0 | FT17: 0 | FU17: 0 | FV17: 0 | FW17: 0 | FX17: 0 | FY17: 0 | FZ17: 0 | GA17: 0 | GB17: 0
C18: 15 | D18: ICR Footing Casting | E18: =E17+7 -> 45847 | F18: =F17+7 -> 45936 | G18: =F18-E18 -> 89 | H18: =E18 -> 45847 | I18: =F18 -> 45936 | J18: Block | K18: 26 | N18: =IF(OR(M18="",L18=""),"",INT(M18-L18+1)) | O18: =IFERROR(K18/N18,"-") -> - | P18: =IFERROR(SUMIF($U$2:$AT$2,"<="&$D$1,U18:BN18)/K18,"-") -> 0 | Q18: =S18 -> 0 | R18: =K18-Q18 -> 26 | S18: =SUM(U18:XFD18) -> 0 | T18: =SUM(U18:CB18) -> 0 | DG18: 0 | DH18: 0 | DI18: 0 | DJ18: 0 | DK18: 0 | DL18: 0 | DM18: 0 | DN18: 0 | DO18: 0 | DP18: 0 | DQ18: 0 | DR18: 0 | DS18: 0 | DT18: 0 | DU18: 0 | DV18: 0 | DW18: 0 | DX18: 0 | DY18: 0 | DZ18: 0 | EA18: 0 | EB18: 0 | EC18: 0 | ED18: 0 | EE18: 0 | EF18: 0 | EG18: 0 | EH18: 0 | EI18: 0 | EJ18: 0 | EK18: 0 | EL18: 0 | EM18: 0 | EN18: 0 | EO18: 0 | EP18: 0 | EQ18: 0 | ER18: 0 | ES18: 0 | ET18: 0 | EU18: 0 | EV18: 0 | EW18: 0 | EX18: 0 | EY18: 0 | EZ18: 0 | FA18: 0 | FB18: 0 | FC18: 0 | FD18: 0 | FE18: 0 | FF18: 0 | FG18: 0 | FH18: 0 | FI18: 0 | FJ18: 0 | FK18: 0 | FL18: 0 | FM18: 0 | FN18: 0 | FO18: 0 | FP18: 0 | FQ18: 0 | FR18: 0 | FS18: 0 | FT18: 0 | FU18: 0 | FV18: 0 | FW18: 0 | FX18: 0 | FY18: 0 | FZ18: 0 | GA18: 0 | GB18: 0
C19: 16 | D19: ICR Column Casting | E19: =E18+15 -> 45862 | F19: =F18+15 -> 45951 | G19: =F19-E19 -> 89 | H19: =E19 -> 45862 | I19: =F19 -> 45951 | J19: Block | K19: 26 | N19: =IF(OR(M19="",L19=""),"",INT(M19-L19+1)) | O19: =IFERROR(K19/N19,"-") -> - | P19: =IFERROR(SUMIF($U$2:$AT$2,"<="&$D$1,U19:BN19)/K19,"-") -> 0 | Q19: =S19 -> 0 | R19: =K19-Q19 -> 26 | S19: =SUM(U19:XFD19) -> 0 | T19: =SUM(U19:CB19) -> 0 | DG19: 0 | DH19: 0 | DI19: 0 | DJ19: 0 | DK19: 0 | DL19: 0 | DM19: 0 | DN19: 0 | DO19: 0 | DP19: 0 | DQ19: 0 | DR19: 0 | DS19: 0 | DT19: 0 | DU19: 0 | DV19: 0 | DW19: 0 | DX19: 0 | DY19: 0 | DZ19: 0 | EA19: 0 | EB19: 0 | EC19: 0 | ED19: 0 | EE19: 0 | EF19: 0 | EG19: 0 | EH19: 0 | EI19: 0 | EJ19: 0 | EK19: 0 | EL19: 0 | EM19: 0 | EN19: 0 | EO19: 0 | EP19: 0 | EQ19: 0 | ER19: 0 | ES19: 0 | ET19: 0 | EU19: 0 | EV19: 0 | EW19: 0 | EX19: 0 | EY19: 0 | EZ19: 0 | FA19: 0 | FB19: 0 | FC19: 0 | FD19: 0 | FE19: 0 | FF19: 0 | FG19: 0 | FH19: 0 | FI19: 0 | FJ19: 0 | FK19: 0 | FL19: 0 | FM19: 0 | FN19: 0 | FO19: 0 | FP19: 0 | FQ19: 0 | FR19: 0 | FS19: 0 | FT19: 0 | FU19: 0 | FV19: 0 | FW19: 0 | FX19: 0 | FY19: 0 | FZ19: 0 | GA19: 0 | GB19: 0
C20: 17 | D20: ICR Beam Slab Casting | E20: =E19+21 -> 45883 | F20: =F19+21 -> 45972 | G20: =F20-E20 -> 89 | H20: =E20 -> 45883 | I20: =F20 -> 45972 | J20: Block | K20: 26 | N20: =IF(OR(M20="",L20=""),"",INT(M20-L20+1)) | O20: =IFERROR(K20/N20,"-") -> - | P20: =IFERROR(SUMIF($U$2:$AT$2,"<="&$D$1,U20:BN20)/K20,"-") -> 0 | Q20: =S20 -> 0 | R20: =K20-Q20 -> 26 | S20: =SUM(U20:XFD20) -> 0 | T20: =SUM(U20:CB20) -> 0 | DG20: 0 | DH20: 0 | DI20: 0 | DJ20: 0 | DK20: 0 | DL20: 0 | DM20: 0 | DN20: 0 | DO20: 0 | DP20: 0 | DQ20: 0 | DR20: 0 | DS20: 0 | DT20: 0 | DU20: 0 | DV20: 0 | DW20: 0 | DX20: 0 | DY20: 0 | DZ20: 0 | EA20: 0 | EB20: 0 | EC20: 0 | ED20: 0 | EE20: 0 | EF20: 0 | EG20: 0 | EH20: 0 | EI20: 0 | EJ20: 0 | EK20: 0 | EL20: 0 | EM20: 0 | EN20: 0 | EO20: 0 | EP20: 0 | EQ20: 0 | ER20: 0 | ES20: 0 | ET20: 0 | EU20: 0 | EV20: 0 | EW20: 0 | EX20: 0 | EY20: 0 | EZ20: 0 | FA20: 0 | FB20: 0 | FC20: 0 | FD20: 0 | FE20: 0 | FF20: 0 | FG20: 0 | FH20: 0 | FI20: 0 | FJ20: 0 | FK20: 0 | FL20: 0 | FM20: 0 | FN20: 0 | FO20: 0 | FP20: 0 | FQ20: 0 | FR20: 0 | FS20: 0 | FT20: 0 | FU20: 0 | FV20: 0 | FW20: 0 | FX20: 0 | FY20: 0 | FZ20: 0 | GA20: 0 | GB20: 0
C21: 18 | D21: Transformer Marking & Excavation | E21: 45838 | F21: 45925 | G21: =F21-E21 -> 87 | H21: =E21 -> 45838 | I21: =F21 -> 45925 | J21: Block | K21: 26 | N21: =IF(OR(M21="",L21=""),"",INT(M21-L21+1)) | O21: =IFERROR(K21/N21,"-") -> - | P21: =IFERROR(SUMIF($U$2:$AT$2,"<="&$D$1,U21:BN21)/K21,"-") -> 0 | Q21: =S21 -> 0 | R21: =K21-Q21 -> 26 | S21: =SUM(U21:XFD21) -> 0 | T21: =SUM(U21:CB21) -> 0 | DG21: 0 | DH21: 0 | DI21: 0 | DJ21: 0 | DK21: 0 | DL21: 0 | DM21: 0 | DN21: 0 | DO21: 0 | DP21: 0 | DQ21: 0 | DR21: 0 | DS21: 0 | DT21: 0 | DU21: 0 | DV21: 0 | DW21: 0 | DX21: 0 | DY21: 0 | DZ21: 0 | EA21: 0 | EB21: 0 | EC21: 0 | ED21: 0 | EE21: 0 | EF21: 0 | EG21: 0 | EH21: 0 | EI21: 0 | EJ21: 0 | EK21: 0 | EL21: 0 | EM21: 0 | EN21: 0 | EO21: 0 | EP21: 0 | EQ21: 0 | ER21: 0 | ES21: 0 | ET21: 0 | EU21: 0 | EV21: 0 | EW21: 0 | EX21: 0 | EY21: 0 | EZ21: 0 | FA21: 0 | FB21: 0 | FC21: 0 | FD21: 0 | FE21: 0 | FF21: 0 | FG21: 0 | FH21: 0 | FI21: 0 | FJ21: 0 | FK21: 0 | FL21: 0 | FM21: 0 | FN21: 0 | FO21: 0 | FP21: 0 | FQ21: 0 | FR21: 0 | FS21: 0 | FT21: 0 | FU21: 0 | FV21: 0 | FW21: 0 | FX21: 0 | FY21: 0 | FZ21: 0 | GA21: 0 | GB21: 0
C22: 19 | D22: Transformer PCC | E22: =E21+2 -> 45840 | F22: =F21+2 -> 45927 | G22: =F22-E22 -> 87 | H22: =E22 -> 45840 | I22: =F22 -> 45927 | J22: Block | K22: 26 | N22: =IF(OR(M22="",L22=""),"",INT(M22-L22+1)) | O22: =IFERROR(K22/N22,"-") -> - | P22: =IFERROR(SUMIF($U$2:$AT$2,"<="&$D$1,U22:BN22)/K22,"-") -> 0 | Q22: =S22 -> 0 | R22: =K22-Q22 -> 26 | S22: =SUM(U22:XFD22) -> 0 | T22: =SUM(U22:CB22) -> 0 | DG22: 0 | DH22: 0 | DI22: 0 | DJ22: 0 | DK22: 0 | DL22: 0 | DM22: 0 | DN22: 0 | DO22: 0 | DP22: 0 | DQ22: 0 | DR22: 0 | DS22: 0 | DT22: 0 | DU22: 0 | DV22: 0 | DW22: 0 | DX22: 0 | DY22: 0 | DZ22: 0 | EA22: 0 | EB22: 0 | EC22: 0 | ED22: 0 | EE22: 0 | EF22: 0 | EG22: 0 | EH22: 0 | EI22: 0 | EJ22: 0 | EK22: 0 | EL22: 0 | EM22: 0 | EN22: 0 | EO22: 0 | EP22: 0 | EQ22: 0 | ER22: 0 | ES22: 0 | ET22: 0 | EU22: 0 | EV22: 0 | EW22: 0 | EX22: 0 | EY22: 0 | EZ22: 0 | FA22: 0 | FB22: 0 | FC22: 0 | FD22: 0 | FE22: 0 | FF22: 0 | FG22: 0 | FH22: 0 | FI22: 0 | FJ22: 0 | FK22: 0 | FL22: 0 | FM22: 0 | FN22: 0 | FO22: 0 | FP22: 0 | FQ22: 0 | FR22: 0 | FS22: 0 | FT22: 0 | FU22: 0 | FV22: 0 | FW22: 0 | FX22: 0 | FY22: 0 | FZ22: 0 | GA22: 0 | GB22: 0
C23: 20 | D23: Transformer Footing Casting | E23: =E22+7 -> 45847 | F23: =F22+7 -> 45934 | G23: =F23-E23 -> 87 | H23: =E23 -> 45847 | I23: =F23 -> 45934 | J23: Block | K23: 26 | N23: =IF(OR(M23="",L23=""),"",INT(M23-L23+1)) | O23: =IFERROR(K23/N23,"-") -> - | P23: =IFERROR(SUMIF($U$2:$AT$2,"<="&$D$1,U23:BN23)/K23,"-") -> 0 | Q23: =S23 -> 0 | R23: =K23-Q23 -> 26 | S23: =SUM(U23:XFD23) -> 0 | T23: =SUM(U23:CB23) -> 0 | DG23: 0 | DH23: 0 | DI23: 0 | DJ23: 0 | DK23: 0 | DL23: 0 | DM23: 0 | DN23: 0 | DO23: 0 | DP23: 0 | DQ23: 0 | DR23: 0 | DS23: 0 | DT23: 0 | DU23: 0 | DV23: 0 | DW23: 0 | DX23: 0 | DY23: 0 | DZ23: 0 | EA23: 0 | EB23: 0 | EC23: 0 | ED23: 0 | EE23: 0 | EF23: 0 | EG23: 0 | EH23: 0 | EI23: 0 | EJ23: 0 | EK23: 0 | EL23: 0 | EM23: 0 | EN23: 0 | EO23: 0 | EP23: 0 | EQ23: 0 | ER23: 0 | ES23: 0 | ET23: 0 | EU23: 0 | EV23: 0 | EW23: 0 | EX23: 0 | EY23: 0 | EZ23: 0 | FA23: 0 | FB23: 0 | FC23: 0 | FD23: 0 | FE23: 0 | FF23: 0 | FG23: 0 | FH23: 0 | FI23: 0 | FJ23: 0 | FK23: 0 | FL23: 0 | FM23: 0 | FN23: 0 | FO23: 0 | FP23: 0 | FQ23: 0 | FR23: 0 | FS23: 0 | FT23: 0 | FU23: 0 | FV23: 0 | FW23: 0 | FX23: 0 | FY23: 0 | FZ23: 0 | GA23: 0 | GB23: 0
C24: 21 | D24: Transformer Pedestal Casting | E24: =E23+7 -> 45854 | F24: =F23+7 -> 45941 | G24: =F24-E24 -> 87 | H24: =E24 -> 45854 | I24: =F24 -> 45941 | J24: Block | K24: 26 | N24: =IF(OR(M24="",L24=""),"",INT(M24-L24+1)) | O24: =IFERROR(K24/N24,"-") -> - | P24: =IFERROR(SUMIF($U$2:$AT$2,"<="&$D$1,U24:BN24)/K24,"-") -> 0 | Q24: =S24 -> 0 | R24: =K24-Q24 -> 26 | S24: =SUM(U24:XFD24) -> 0 | T24: =SUM(U24:CB24) -> 0 | DG24: 0 | DH24: 0 | DI24: 0 | DJ24: 0 | DK24: 0 | DL24: 0 | DM24: 0 | DN24: 0 | DO24: 0 | DP24: 0 | DQ24: 0 | DR24: 0 | DS24: 0 | DT24: 0 | DU24: 0 | DV24: 0 | DW24: 0 | DX24: 0 | DY24: 0 | DZ24: 0 | EA24: 0 | EB24: 0 | EC24: 0 | ED24: 0 | EE24: 0 | EF24: 0 | EG24: 0 | EH24: 0 | EI24: 0 | EJ24: 0 | EK24: 0 | EL24: 0 | EM24: 0 | EN24: 0 | EO24: 0 | EP24: 0 | EQ24: 0 | ER24: 0 | ES24: 0 | ET24: 0 | EU24: 0 | EV24: 0 | EW24: 0 | EX24: 0 | EY24: 0 | EZ24: 0 | FA24: 0 | FB24: 0 | FC24: 0 | FD24: 0 | FE24: 0 | FF24: 0 | FG24: 0 | FH24: 0 | FI24: 0 | FJ24: 0 | FK24: 0 | FL24: 0 | FM24: 0 | FN24: 0 | FO24: 0 | FP24: 0 | FQ24: 0 | FR24: 0 | FS24: 0 | FT24: 0 | FU24: 0 | FV24: 0 | FW24: 0 | FX24: 0 | FY24: 0 | FZ24: 0 | GA24: 0 | GB24: 0
C25: 22 | D25: Transformer Support Foundation | E25: =E24+7 -> 45861 | F25: =F24+7 -> 45948 | G25: =F25-E25 -> 87 | H25: =E25 -> 45861 | I25: =F25 -> 45948 | J25: Block | K25: 26 | N25: =IF(OR(M25="",L25=""),"",INT(M25-L25+1)) | O25: =IFERROR(K25/N25,"-") -> - | P25: =IFERROR(SUMIF($U$2:$AT$2,"<="&$D$1,U25:BN25)/K25,"-") -> 0 | Q25: =S25 -> 0 | R25: =K25-Q25 -> 26 | S25: =SUM(U25:XFD25) -> 0 | T25: =SUM(U25:CB25) -> 0 | DG25: 0 | DH25: 0 | DI25: 0 | DJ25: 0 | DK25: 0 | DL25: 0 | DM25: 0 | DN25: 0 | DO25: 0 | DP25: 0 | DQ25: 0 | DR25: 0 | DS25: 0 | DT25: 0 | DU25: 0 | DV25: 0 | DW25: 0 | DX25: 0 | DY25: 0 | DZ25: 0 | EA25: 0 | EB25: 0 | EC25: 0 | ED25: 0 | EE25: 0 | EF25: 0 | EG25: 0 | EH25: 0 | EI25: 0 | EJ25: 0 | EK25: 0 | EL25: 0 | EM25: 0 | EN25: 0 | EO25: 0 | EP25: 0 | EQ25: 0 | ER25: 0 | ES25: 0 | ET25: 0 | EU25: 0 | EV25: 0 | EW25: 0 | EX25: 0 | EY25: 0 | EZ25: 0 | FA25: 0 | FB25: 0 | FC25: 0 | FD25: 0 | FE25: 0 | FF25: 0 | FG25: 0 | FH25: 0 | FI25: 0 | FJ25: 0 | FK25: 0 | FL25: 0 | FM25: 0 | FN25: 0 | FO25: 0 | FP25: 0 | FQ25: 0 | FR25: 0 | FS25: 0 | FT25: 0 | FU25: 0 | FV25: 0 | FW25: 0 | FX25: 0 | FY25: 0 | FZ25: 0 | GA25: 0 | GB25: 0
C26: 23 | D26: Transformer Grade Slab | E26: =E25+15 -> 45876 | F26: =F25+15 -> 45963 | G26: =F26-E26 -> 87 | H26: =E26 -> 45876 | I26: =F26 -> 45963 | J26: Block | K26: 26 | N26: =IF(OR(M26="",L26=""),"",INT(M26-L26+1)) | O26: =IFERROR(K26/N26,"-") -> - | P26: =IFERROR(SUMIF($U$2:$AT$2,"<="&$D$1,U26:BN26)/K26,"-") -> 0 | Q26: =S26 -> 0 | R26: =K26-Q26 -> 26 | S26: =SUM(U26:XFD26) -> 0 | T26: =SUM(U26:CB26) -> 0 | DG26: 0 | DH26: 0 | DI26: 0 | DJ26: 0 | DK26: 0 | DL26: 0 | DM26: 0 | DN26: 0 | DO26: 0 | DP26: 0 | DQ26: 0 | DR26: 0 | DS26: 0 | DT26: 0 | DU26: 0 | DV26: 0 | DW26: 0 | DX26: 0 | DY26: 0 | DZ26: 0 | EA26: 0 | EB26: 0 | EC26: 0 | ED26: 0 | EE26: 0 | EF26: 0 | EG26: 0 | EH26: 0 | EI26: 0 | EJ26: 0 | EK26: 0 | EL26: 0 | EM26: 0 | EN26: 0 | EO26: 0 | EP26: 0 | EQ26: 0 | ER26: 0 | ES26: 0 | ET26: 0 | EU26: 0 | EV26: 0 | EW26: 0 | EX26: 0 | EY26: 0 | EZ26: 0 | FA26: 0 | FB26: 0 | FC26: 0 | FD26: 0 | FE26: 0 | FF26: 0 | FG26: 0 | FH26: 0 | FI26: 0 | FJ26: 0 | FK26: 0 | FL26: 0 | FM26: 0 | FN26: 0 | FO26: 0 | FP26: 0 | FQ26: 0 | FR26: 0 | FS26: 0 | FT26: 0 | FU26: 0 | FV26: 0 | FW26: 0 | FX26: 0 | FY26: 0 | FZ26: 0 | GA26: 0 | GB26: 0
C27: 24 | D27: Transformer Fencing | E27: =F27-30 -> 45942 | F27: 45972 | G27: =F27-E27 -> 30 | H27: =E27 -> 45942 | I27: =F27 -> 45972 | J27: Block | K27: 26 | N27: =IF(OR(M27="",L27=""),"",INT(M27-L27+1)) | O27: =IFERROR(K27/N27,"-") -> - | P27: =IFERROR(SUMIF($U$2:$AT$2,"<="&$D$1,U27:BN27)/K27,"-") -> 0 | Q27: =S27 -> 0 | R27: =K27-Q27 -> 26 | S27: =SUM(U27:XFD27) -> 0 | T27: =SUM(U27:CB27) -> 0 | DG27: 0 | DH27: 0 | DI27: 0 | DJ27: 0 | DK27: 0 | DL27: 0 | DM27: 0 | DN27: 0 | DO27: 0 | DP27: 0 | DQ27: 0 | DR27: 0 | DS27: 0 | DT27: 0 | DU27: 0 | DV27: 0 | DW27: 0 | DX27: 0 | DY27: 0 | DZ27: 0 | EA27: 0 | EB27: 0 | EC27: 0 | ED27: 0 | EE27: 0 | EF27: 0 | EG27: 0 | EH27: 0 | EI27: 0 | EJ27: 0 | EK27: 0 | EL27: 0 | EM27: 0 | EN27: 0 | EO27: 0 | EP27: 0 | EQ27: 0 | ER27: 0 | ES27: 0 | ET27: 0 | EU27: 0 | EV27: 0 | EW27: 0 | EX27: 0 | EY27: 0 | EZ27: 0 | FA27: 0 | FB27: 0 | FC27: 0 | FD27: 0 | FE27: 0 | FF27: 0 | FG27: 0 | FH27: 0 | FI27: 0 | FJ27: 0 | FK27: 0 | FL27: 0 | FM27: 0 | FN27: 0 | FO27: 0 | FP27: 0 | FQ27: 0 | FR27: 0 | FS27: 0 | FT27: 0 | FU27: 0 | FV27: 0 | FW27: 0 | FX27: 0 | FY27: 0 | FZ27: 0 | GA27: 0 | GB27: 0
B28: Allied Civil Works | C28: 49 | D28: Road-Marking & Excavation | E28: 45858 | F28: 45945 | G28: =F28-E28 -> 87 | H28: =E28 -> 45858 | I28: =F28 -> 45945 | J28: Mtrs | N28: =IF(OR(M28="",L28=""),"",INT(M28-L28+1)) | O28: =IFERROR(K28/N28,"-") -> - | P28: =IFERROR(SUMIF($U$2:$AT$2,"<="&$D$1,U28:BN28)/K28,"-") -> - | Q28: =S28 -> 0 | R28: =K28-Q28 -> 0 | S28: =SUM(U28:XFD28) -> 0 | T28: =SUM(U28:CB28) -> 0 | DG28: 0 | DH28: 0 | DI28: 0 | DJ28: 0 | DK28: 0 | DL28: 0 | DM28: 0 | DN28: 0 | DO28: 0 | DP28: 0 | DQ28: 0 | DR28: 0 | DS28: 0 | DT28: 0 | DU28: 0 | DV28: 0 | DW28: 0 | DX28: 0 | DY28: 0 | DZ28: 0 | EA28: 0 | EB28: 0 | EC28: 0 | ED28: 0 | EE28: 0 | EF28: 0 | EG28: 0 | EH28: 0 | EI28: 0 | EJ28: 0 | EK28: 0 | EL28: 0 | EM28: 0 | EN28: 0 | EO28: 0 | EP28: 0 | EQ28: 0 | ER28: 0 | ES28: 0 | ET28: 0 | EU28: 0 | EV28: 0 | EW28: 0 | EX28: 0 | EY28: 0 | EZ28: 0 | FA28: 0 | FB28: 0 | FC28: 0 | FD28: 0 | FE28: 0 | FF28: 0 | FG28: 0 | FH28: 0 | FI28: 0 | FJ28: 0 | FK28: 0 | FL28: 0 | FM28: 0 | FN28: 0 | FO28: 0 | FP28: 0 | FQ28: 0 | FR28: 0 | FS28: 0 | FT28: 0 | FU28: 0 | FV28: 0 | FW28: 0 | FX28: 0 | FY28: 0 | FZ28: 0 | GA28: 0 | GB28: 0
C29: 50 | D29: Road-GSB Filling | E29: 45863 | F29: 45950 | G29: =F29-E29 -> 87 | H29: =E29 -> 45863 | I29: =F29 -> 45950 | J29: Mtrs | N29: =IF(OR(M29="",L29=""),"",INT(M29-L29+1)) | O29: =IFERROR(K29/N29,"-") -> - | P29: =IFERROR(SUMIF($U$2:$AT$2,"<="&$D$1,U29:BN29)/K29,"-") -> - | Q29: =S29 -> 0 | R29: =K29-Q29 -> 0 | S29: =SUM(U29:XFD29) -> 0 | T29: =SUM(U29:CB29) -> 0 | DG29: 0 | DH29: 0 | DI29: 0 | DJ29: 0 | DK29: 0 | DL29: 0 | DM29: 0 | DN29: 0 | DO29: 0 | DP29: 0 | DQ29: 0 | DR29: 0 | DS29: 0 | DT29: 0 | DU29: 0 | DV29: 0 | DW29: 0 | DX29: 0 | DY29: 0 | DZ29: 0 | EA29: 0 | EB29: 0 | EC29: 0 | ED29: 0 | EE29: 0 | EF29: 0 | EG29: 0 | EH29: 0 | EI29: 0 | EJ29: 0 | EK29: 0 | EL29: 0 | EM29: 0 | EN29: 0 | EO29: 0 | EP29: 0 | EQ29: 0 | ER29: 0 | ES29: 0 | ET29: 0 | EU29: 0 | EV29: 0 | EW29: 0 | EX29: 0 | EY29: 0 | EZ29: 0 | FA29: 0 | FB29: 0 | FC29: 0 | FD29: 0 | FE29: 0 | FF29: 0 | FG29: 0 | FH29: 0 | FI29: 0 | FJ29: 0 | FK29: 0 | FL29: 0 | FM29: 0 | FN29: 0 | FO29: 0 | FP29: 0 | FQ29: 0 | FR29: 0 | FS29: 0 | FT29: 0 | FU29: 0 | FV29: 0 | FW29: 0 | FX29: 0 | FY29: 0 | FZ29: 0 | GA29: 0 | GB29: 0
C30: 51 | D30: Road-WBM Layer-1 | E30: 45966 | F30: 46001 | G30: =F30-E30 -> 35 | H30: =E30 -> 45966 | I30: =F30 -> 46001 | J30: Mtrs | N30: =IF(OR(M30="",L30=""),"",INT(M30-L30+1)) | O30: =IFERROR(K30/N30,"-") -> - | P30: =IFERROR(SUMIF($U$2:$AT$2,"<="&$D$1,U30:BN30)/K30,"-") -> - | Q30: =S30 -> 0 | R30: =K30-Q30 -> 0 | S30: =SUM(U30:XFD30) -> 0 | T30: =SUM(U30:CB30) -> 0 | DG30: 0 | DH30: 0 | DI30: 0 | DJ30: 0 | DK30: 0 | DL30: 0 | DM30: 0 | DN30: 0 | DO30: 0 | DP30: 0 | DQ30: 0 | DR30: 0 | DS30: 0 | DT30: 0 | DU30: 0 | DV30: 0 | DW30: 0 | DX30: 0 | DY30: 0 | DZ30: 0 | EA30: 0 | EB30: 0 | EC30: 0 | ED30: 0 | EE30: 0 | EF30: 0 | EG30: 0 | EH30: 0 | EI30: 0 | EJ30: 0 | EK30: 0 | EL30: 0 | EM30: 0 | EN30: 0 | EO30: 0 | EP30: 0 | EQ30: 0 | ER30: 0 | ES30: 0 | ET30: 0 | EU30: 0 | EV30: 0 | EW30: 0 | EX30: 0 | EY30: 0 | EZ30: 0 | FA30: 0 | FB30: 0 | FC30: 0 | FD30: 0 | FE30: 0 | FF30: 0 | FG30: 0 | FH30: 0 | FI30: 0 | FJ30: 0 | FK30: 0 | FL30: 0 | FM30: 0 | FN30: 0 | FO30: 0 | FP30: 0 | FQ30: 0 | FR30: 0 | FS30: 0 | FT30: 0 | FU30: 0 | FV30: 0 | FW30: 0 | FX30: 0 | FY30: 0 | FZ30: 0 | GA30: 0 | GB30: 0
C31: 52 | D31: Road-WBM Layer-2 | E31: 45981 | F31: 46009 | G31: =F31-E31 -> 28 | H31: =E31 -> 45981 | I31: =F31 -> 46009 | J31: Mtrs | N31: =IF(OR(M31="",L31=""),"",INT(M31-L31+1)) | O31: =IFERROR(K31/N31,"-") -> - | P31: =IFERROR(SUMIF($U$2:$AT$2,"<="&$D$1,U31:BN31)/K31,"-") -> - | Q31: =S31 -> 0 | R31: =K31-Q31 -> 0 | S31: =SUM(U31:XFD31) -> 0 | T31: =SUM(U31:CB31) -> 0 | DG31: 0 | DH31: 0 | DI31: 0 | DJ31: 0 | DK31: 0 | DL31: 0 | DM31: 0 | DN31: 0 | DO31: 0 | DP31: 0 | DQ31: 0 | DR31: 0 | DS31: 0 | DT31: 0 | DU31: 0 | DV31: 0 | DW31: 0 | DX31: 0 | DY31: 0 | DZ31: 0 | EA31: 0 | EB31: 0 | EC31: 0 | ED31: 0 | EE31: 0 | EF31: 0 | EG31: 0 | EH31: 0 | EI31: 0 | EJ31: 0 | EK31: 0 | EL31: 0 | EM31: 0 | EN31: 0 | EO31: 0 | EP31: 0 | EQ31: 0 | ER31: 0 | ES31: 0 | ET31: 0 | EU31: 0 | EV31: 0 | EW31: 0 | EX31: 0 | EY31: 0 | EZ31: 0 | FA31: 0 | FB31: 0 | FC31: 0 | FD31: 0 | FE31: 0 | FF31: 0 | FG31: 0 | FH31: 0 | FI31: 0 | FJ31: 0 | FK31: 0 | FL31: 0 | FM31: 0 | FN31: 0 | FO31: 0 | FP31: 0 | FQ31: 0 | FR31: 0 | FS31: 0 | FT31: 0 | FU31: 0 | FV31: 0 | FW31: 0 | FX31: 0 | FY31: 0 | FZ31: 0 | GA31: 0 | GB31: 0
C32: 53 | D32: Periphary Road-Marking and Grading | E32: 45971 | F32: 46006 | G32: =F32-E32 -> 35 | H32: =E32 -> 45971 | I32: =F32 -> 46006 | J32: Mtrs | N32: =IF(OR(M32="",L32=""),"",INT(M32-L32+1)) | O32: =IFERROR(K32/N32,"-") -> - | P32: =IFERROR(SUMIF($U$2:$AT$2,"<="&$D$1,U32:BN32)/K32,"-") -> - | Q32: =S32 -> 0 | R32: =K32-Q32 -> 0 | S32: =SUM(U32:XFD32) -> 0 | T32: =SUM(U32:CB32) -> 0 | DG32: 0 | DH32: 0 | DI32: 0 | DJ32: 0 | DK32: 0 | DL32: 0 | DM32: 0 | DN32: 0 | DO32: 0 | DP32: 0 | DQ32: 0 | DR32: 0 | DS32: 0 | DT32: 0 | DU32: 0 | DV32: 0 | DW32: 0 | DX32: 0 | DY32: 0 | DZ32: 0 | EA32: 0 | EB32: 0 | EC32: 0 | ED32: 0 | EE32: 0 | EF32: 0 | EG32: 0 | EH32: 0 | EI32: 0 | EJ32: 0 | EK32: 0 | EL32: 0 | EM32: 0 | EN32: 0 | EO32: 0 | EP32: 0 | EQ32: 0 | ER32: 0 | ES32: 0 | ET32: 0 | EU32: 0 | EV32: 0 | EW32: 0 | EX32: 0 | EY32: 0 | EZ32: 0 | FA32: 0 | FB32: 0 | FC32: 0 | FD32: 0 | FE32: 0 | FF32: 0 | FG32: 0 | FH32: 0 | FI32: 0 | FJ32: 0 | FK32: 0 | FL32: 0 | FM32: 0 | FN32: 0 | FO32: 0 | FP32: 0 | FQ32: 0 | FR32: 0 | FS32: 0 | FT32: 0 | FU32: 0 | FV32: 0 | FW32: 0 | FX32: 0 | FY32: 0 | FZ32: 0 | GA32: 0 | GB32: 0
C33: 54 | D33: Periphary Road-Compaction | E33: 45996 | F33: 46008 | G33: =F33-E33 -> 12 | H33: =E33 -> 45996 | I33: =F33 -> 46008 | J33: Mtrs | N33: =IF(OR(M33="",L33=""),"",INT(M33-L33+1)) | O33: =IFERROR(K33/N33,"-") -> - | P33: =IFERROR(SUMIF($U$2:$AT$2,"<="&$D$1,U33:BN33)/K33,"-") -> - | Q33: =S33 -> 0 | R33: =K33-Q33 -> 0 | S33: =SUM(U33:XFD33) -> 0 | T33: =SUM(U33:CB33) -> 0 | DG33: 0 | DH33: 0 | DI33: 0 | DJ33: 0 | DK33: 0 | DL33: 0 | DM33: 0 | DN33: 0 | DO33: 0 | DP33: 0 | DQ33: 0 | DR33: 0 | DS33: 0 | DT33: 0 | DU33: 0 | DV33: 0 | DW33: 0 | DX33: 0 | DY33: 0 | DZ33: 0 | EA33: 0 | EB33: 0 | EC33: 0 | ED33: 0 | EE33: 0 | EF33: 0 | EG33: 0 | EH33: 0 | EI33: 0 | EJ33: 0 | EK33: 0 | EL33: 0 | EM33: 0 | EN33: 0 | EO33: 0 | EP33: 0 | EQ33: 0 | ER33: 0 | ES33: 0 | ET33: 0 | EU33: 0 | EV33: 0 | EW33: 0 | EX33: 0 | EY33: 0 | EZ33: 0 | FA33: 0 | FB33: 0 | FC33: 0 | FD33: 0 | FE33: 0 | FF33: 0 | FG33: 0 | FH33: 0 | FI33: 0 | FJ33: 0 | FK33: 0 | FL33: 0 | FM33: 0 | FN33: 0 | FO33: 0 | FP33: 0 | FQ33: 0 | FR33: 0 | FS33: 0 | FT33: 0 | FU33: 0 | FV33: 0 | FW33: 0 | FX33: 0 | FY33: 0 | FZ33: 0 | GA33: 0 | GB33: 0
C34: 55 | D34: Chain Link Fencing- Marking & Drilling | E34: 45772 | F34: 45823 | G34: =F34-E34 -> 51 | H34: 45819 | I34: =H34+G34 -> 45870 | J34: Mtrs | K34: 21000 | N34: =IF(OR(M34="",L34=""),"",INT(M34-L34+1)) | O34: =IFERROR(K34/N34,"-") -> - | P34: =Q34/K34 -> 0.32080952 | Q34: =S34 -> 6737 | R34: =K34-Q34 -> 14263 | S34: =SUM(U34:XFD34) -> 6737 | T34: =SUM(U34:CB34) -> 0 | DG34: 0 | DH34: 0 | DI34: 0 | DJ34: 0 | DK34: 0 | DL34: 0 | DM34: 0 | DN34: 0 | DO34: 0 | DP34: 300 | DQ34: 250 | DR34: 250 | DS34: 250 | DT34: 300 | DU34: 300 | DV34: 300 | DW34: 300 | DX34: 500 | DY34: 500 | DZ34: 500 | EA34: 0 | EB34: 1000 | EC34: 0 | ED34: 327 | EE34: 0 | EF34: 0 | EG34: 0 | EH34: 0 | EI34: 0 | EJ34: 0 | EK34: 220 | EL34: 0 | EM34: 0 | EN34: 0 | EO34: 0 | EP34: 0 | EQ34: 0 | ER34: 0 | ES34: 0 | ET34: 0 | EU34: 0 | EV34: 0 | EW34: 0 | EX34: 0 | EY34: 0 | EZ34: 0 | FA34: 0 | FB34: 0 | FC34: 0 | FD34: 0 | FE34: 0 | FF34: 0 | FG34: 0 | FH34: 362 | FI34: 0 | FJ34: 0 | FK34: 100 | FL34: 0 | FM34: 400 | FN34: 0 | FO34: 100 | FP34: 138 | FQ34: 140 | FR34: 100 | FS34: 100 | FT34: 0 | FU34: 0 | FV34: 0 | FW34: 0 | FX34: 0 | FY34: 0 | FZ34: 0 | GA34: 0 | GB34: 0
C35: 56 | D35: Chain Link Fencing-Pole Casting | E35: 45773 | F35: 45824 | G35: =F35-E35 -> 51 | H35: 45820 | I35: 45871 | J35: Mtrs | K35: 21000 | N35: =IF(OR(M35="",L35=""),"",INT(M35-L35+1)) | O35: =IFERROR(K35/N35,"-") -> - | P35: =Q35/K35 -> 0.32052381 | Q35: =S35 -> 6731 | R35: =K35-Q35 -> 14269 | S35: =SUM(U35:XFD35) -> 6731 | T35: =SUM(U35:CB35) -> 0 | DG35: 0 | DH35: 0 | DI35: 0 | DJ35: 0 | DK35: 0 | DL35: 0 | DM35: 0 | DN35: 0 | DO35: 0 | DP35: 0 | DQ35: 0 | DR35: 0 | DS35: 0 | DT35: 0 | DU35: 0 | DV35: 0 | DW35: 0 | DX35: 80 | DY35: 150 | DZ35: 0 | EA35: 162 | EB35: 242 | EC35: 325 | ED35: 200 | EE35: 131 | EF35: 160 | EG35: 0 | EH35: 0 | EI35: 250 | EJ35: 167 | EK35: 120 | EL35: 173 | EM35: 78 | EN35: 117 | EO35: 90 | EP35: 88 | EQ35: 82 | ER35: 92 | ES35: 105 | ET35: 225 | EU35: 105 | EV35: 100 | EW35: 0 | EX35: 208 | EY35: 205 | EZ35: 0 | FA35: 197 | FB35: 117 | FC35: 220 | FD35: 0 | FE35: 335 | FF35: 252 | FG35: 268 | FH35: 138 | FI35: 100 | FJ35: 125 | FK35: 100 | FL35: 50 | FM35: 110 | FN35: 0 | FO35: 252 | FP35: 138 | FQ35: 138 | FR35: 100 | FS35: 102 | FT35: 98 | FU35: 128 | FV35: 0 | FW35: 0 | FX35: 0 | FY35: 0 | FZ35: 0 | GA35: 108 | GB35: 0
C36: 57 | D36: Chain Link Fincing- Mesh Fixing | E36: 45797 | F36: 45828 | G36: =F36-E36 -> 31 | H36: 45833 | I36: 45874 | J36: Mtrs | K36: 21000 | N36: =IF(OR(M36="",L36=""),"",INT(M36-L36+1)) | O36: =IFERROR(K36/N36,"-") -> - | P36: =Q36/K36 -> 0.060952381 | Q36: =S36 -> 1280 | R36: =K36-Q36 -> 19720 | S36: =SUM(U36:XFD36) -> 1280 | T36: =SUM(U36:CB36) -> 0 | DG36: 0 | DH36: 0 | DI36: 0 | DJ36: 0 | DK36: 0 | DL36: 0 | DM36: 0 | DN36: 0 | DO36: 0 | DP36: 0 | DQ36: 0 | DR36: 0 | DS36: 0 | DT36: 0 | DU36: 0 | DV36: 0 | DW36: 0 | DX36: 0 | DY36: 0 | DZ36: 0 | EA36: 0 | EB36: 0 | EC36: 0 | ED36: 0 | EE36: 0 | EF36: 0 | EG36: 0 | EH36: 0 | EI36: 0 | EJ36: 0 | EK36: 0 | EL36: 0 | EM36: 0 | EN36: 0 | EO36: 0 | EP36: 0 | EQ36: 0 | ER36: 0 | ES36: 0 | ET36: 0 | EU36: 0 | EV36: 0 | EW36: 175 | EX36: 200 | EY36: 0 | EZ36: 0 | FA36: 205 | FB36: 0 | FC36: 0 | FD36: 0 | FE36: 0 | FF36: 0 | FG36: 0 | FH36: 0 | FI36: 0 | FJ36: 200 | FK36: 500 | FL36: 0 | FM36: 0 | FN36: 0 | FO36: 0 | FP36: 0 | FQ36: 0 | FR36: 0 | FS36: 0 | FT36: 0 | FU36: 0 | FV36: 0 | FW36: 0 | FX36: 0 | FY36: 0 | FZ36: 0 | GA36: 0 | GB36: 0
C37: 58 | D37: Chain Link Fencing-Barbed Wire Fixing | E37: 45802 | F37: 45832 | G37: =F37-E37 -> 30 | H37: 45838 | I37: 45877 | J37: Mtrs | K37: 21000 | N37: =IF(OR(M37="",L37=""),"",INT(M37-L37+1)) | O37: =IFERROR(K37/N37,"-") -> - | P37: =Q37/K37 -> 0 | Q37: =S37 -> 0 | R37: =K37-Q37 -> 21000 | S37: =SUM(U37:XFD37) -> 0 | T37: =SUM(U37:CB37) -> 0 | DG37: 0 | DH37: 0 | DI37: 0 | DJ37: 0 | DK37: 0 | DL37: 0 | DM37: 0 | DN37: 0 | DO37: 0 | DP37: 0 | DQ37: 0 | DR37: 0 | DS37: 0 | DT37: 0 | DU37: 0 | DV37: 0 | DW37: 0 | DX37: 0 | DY37: 0 | DZ37: 0 | EA37: 0 | EB37: 0 | EC37: 0 | ED37: 0 | EE37: 0 | EF37: 0 | EG37: 0 | EH37: 0 | EI37: 0 | EJ37: 0 | EK37: 0 | EL37: 0 | EM37: 0 | EN37: 0 | EO37: 0 | EP37: 0 | EQ37: 0 | ER37: 0 | ES37: 0 | ET37: 0 | EU37: 0 | EV37: 0 | EW37: 0 | EX37: 0 | EY37: 0 | EZ37: 0 | FA37: 0 | FB37: 0 | FC37: 0 | FD37: 0 | FE37: 0 | FF37: 0 | FG37: 0 | FH37: 0 | FI37: 0 | FJ37: 0 | FK37: 0 | FL37: 0 | FM37: 0 | FN37: 0 | FO37: 0 | FP37: 0 | FQ37: 0 | FR37: 0 | FS37: 0 | FT37: 0 | FU37: 0 | FV37: 0 | FW37: 0 | FX37: 0 | FY37: 0 | FZ37: 0 | GA37: 0 | GB37: 0
C38: 59 | D38: Drain Excavation | E38: 45874 | F38: 45950 | G38: =F38-E38 -> 76 | H38: =E38 -> 45874 | I38: =F38 -> 45950 | J38: Mtrs | N38: =IF(OR(M38="",L38=""),"",INT(M38-L38+1)) | O38: =IFERROR(K38/N38,"-") -> - | P38: =IFERROR(SUMIF($U$2:$AT$2,"<="&$D$1,U38:BN38)/K38,"-") -> - | Q38: =S38 -> 0 | R38: =K38-Q38 -> 0 | S38: =SUM(U38:XFD38) -> 0 | T38: =SUM(U38:CB38) -> 0 | DG38: 0 | DH38: 0 | DI38: 0 | DJ38: 0 | DK38: 0 | DL38: 0 | DM38: 0 | DN38: 0 | DO38: 0 | DP38: 0 | DQ38: 0 | DR38: 0 | DS38: 0 | DT38: 0 | DU38: 0 | DV38: 0 | DW38: 0 | DX38: 0 | DY38: 0 | DZ38: 0 | EA38: 0 | EB38: 0 | EC38: 0 | ED38: 0 | EE38: 0 | EF38: 0 | EG38: 0 | EH38: 0 | EI38: 0 | EJ38: 0 | EK38: 0 | EL38: 0 | EM38: 0 | EN38: 0 | EO38: 0 | EP38: 0 | EQ38: 0 | ER38: 0 | ES38: 0 | ET38: 0 | EU38: 0 | EV38: 0 | EW38: 0 | EX38: 0 | EY38: 0 | EZ38: 0 | FA38: 0 | FB38: 0 | FC38: 0 | FD38: 0 | FE38: 0 | FF38: 0 | FG38: 0 | FH38: 0 | FI38: 0 | FJ38: 0 | FK38: 0 | FL38: 0 | FM38: 0 | FN38: 0 | FO38: 0 | FP38: 0 | FQ38: 0 | FR38: 0 | FS38: 0 | FT38: 0 | FU38: 0 | FV38: 0 | FW38: 0 | FX38: 0 | FY38: 0 | FZ38: 0 | GA38: 0 | GB38: 0
C39: 60 | D39: Drain Works | E39: 45885 | F39: 45958 | G39: =F39-E39 -> 73 | H39: =E39 -> 45885 | I39: =F39 -> 45958 | J39: Mtrs | N39: =IF(OR(M39="",L39=""),"",INT(M39-L39+1)) | O39: =IFERROR(K39/N39,"-") -> - | P39: =IFERROR(SUMIF($U$2:$AT$2,"<="&$D$1,U39:BN39)/K39,"-") -> - | Q39: =S39 -> 0 | R39: =K39-Q39 -> 0 | S39: =SUM(U39:XFD39) -> 0 | T39: =SUM(U39:CB39) -> 0 | DG39: 0 | DH39: 0 | DI39: 0 | DJ39: 0 | DK39: 0 | DL39: 0 | DM39: 0 | DN39: 0 | DO39: 0 | DP39: 0 | DQ39: 0 | DR39: 0 | DS39: 0 | DT39: 0 | DU39: 0 | DV39: 0 | DW39: 0 | DX39: 0 | DY39: 0 | DZ39: 0 | EA39: 0 | EB39: 0 | EC39: 0 | ED39: 0 | EE39: 0 | EF39: 0 | EG39: 0 | EH39: 0 | EI39: 0 | EJ39: 0 | EK39: 0 | EL39: 0 | EM39: 0 | EN39: 0 | EO39: 0 | EP39: 0 | EQ39: 0 | ER39: 0 | ES39: 0 | ET39: 0 | EU39: 0 | EV39: 0 | EW39: 0 | EX39: 0 | EY39: 0 | EZ39: 0 | FA39: 0 | FB39: 0 | FC39: 0 | FD39: 0 | FE39: 0 | FF39: 0 | FG39: 0 | FH39: 0 | FI39: 0 | FJ39: 0 | FK39: 0 | FL39: 0 | FM39: 0 | FN39: 0 | FO39: 0 | FP39: 0 | FQ39: 0 | FR39: 0 | FS39: 0 | FT39: 0 | FU39: 0 | FV39: 0 | FW39: 0 | FX39: 0 | FY39: 0 | FZ39: 0 | GA39: 0 | GB39: 0
C40: 61 | D40: Drain Finishing | E40: 45905 | F40: 45976 | G40: =F40-E40 -> 71 | H40: =E40 -> 45905 | I40: =F40 -> 45976 | J40: Mtrs | N40: =IF(OR(M40="",L40=""),"",INT(M40-L40+1)) | O40: =IFERROR(K40/N40,"-") -> - | P40: =IFERROR(SUMIF($U$2:$AT$2,"<="&$D$1,U40:BN40)/K40,"-") -> - | Q40: =S40 -> 0 | R40: =K40-Q40 -> 0 | S40: =SUM(U40:XFD40) -> 0 | T40: =SUM(U40:CB40) -> 0 | DG40: 0 | DH40: 0 | DI40: 0 | DJ40: 0 | DK40: 0 | DL40: 0 | DM40: 0 | DN40: 0 | DO40: 0 | DP40: 0 | DQ40: 0 | DR40: 0 | DS40: 0 | DT40: 0 | DU40: 0 | DV40: 0 | DW40: 0 | DX40: 0 | DY40: 0 | DZ40: 0 | EA40: 0 | EB40: 0 | EC40: 0 | ED40: 0 | EE40: 0 | EF40: 0 | EG40: 0 | EH40: 0 | EI40: 0 | EJ40: 0 | EK40: 0 | EL40: 0 | EM40: 0 | EN40: 0 | EO40: 0 | EP40: 0 | EQ40: 0 | ER40: 0 | ES40: 0 | ET40: 0 | EU40: 0 | EV40: 0 | EW40: 0 | EX40: 0 | EY40: 0 | EZ40: 0 | FA40: 0 | FB40: 0 | FC40: 0 | FD40: 0 | FE40: 0 | FF40: 0 | FG40: 0 | FH40: 0 | FI40: 0 | FJ40: 0 | FK40: 0 | FL40: 0 | FM40: 0 | FN40: 0 | FO40: 0 | FP40: 0 | FQ40: 0 | FR40: 0 | FS40: 0 | FT40: 0 | FU40: 0 | FV40: 0 | FW40: 0 | FX40: 0 | FY40: 0 | FZ40: 0 | GA40: 0 | GB40: 0
B41: DC System Works | C41: 66 | D41: Excavation For DC/Earthing Trenches | E41: 45879 | F41: 46006 | G41: =F41-E41 -> 127 | H41: =E41 -> 45879 | I41: =F41 -> 46006 | J41: SCB | K41: 1360 | N41: =IF(OR(M41="",L41=""),"",INT(M41-L41+1)) | O41: =IFERROR(K41/N41,"-") -> - | P41: =IFERROR(SUMIF($U$2:$AT$2,"<="&$D$1,U41:BN41)/K41,"-") -> 0 | Q41: =SUMIF($U$2:$AT$2,"<="&$D$1,U41:AT41) -> 0 | R41: =K41-Q41 -> 1360 | S41: =SUM(U41:XFD41) -> 0 | T41: =SUM(U41:CB41) -> 0
C42: 67 | D42: DC Cable Laying | E42: 45887 | F42: 46016 | G42: =F42-E42 -> 129 | H42: =E42 -> 45887 | I42: =F42 -> 46016 | J42: SCB | K42: 1360 | N42: =IF(OR(M42="",L42=""),"",INT(M42-L42+1)) | O42: =IFERROR(K42/N42,"-") -> - | P42: =IFERROR(SUMIF($U$2:$AT$2,"<="&$D$1,U42:BN42)/K42,"-") -> 0 | Q42: =SUMIF($U$2:$AT$2,"<="&$D$1,U42:AT42) -> 0 | R42: =K42-Q42 -> 1360 | S42: =SUM(U42:XFD42) -> 0 | T42: =SUM(U42:CB42) -> 0
C43: 68 | D43: Module Mounting Structures | E43: 45849 | F43: 46010 | G43: =F43-E43 -> 161 | H43: =E43 -> 45849 | I43: =F43 -> 46010 | J43: SCB | K43: 1360 | N43: =IF(OR(M43="",L43=""),"",INT(M43-L43+1)) | O43: =IFERROR(K43/N43,"-") -> - | P43: =IFERROR(SUMIF($U$2:$AT$2,"<="&$D$1,U43:BN43)/K43,"-") -> 0 | Q43: =SUMIF($U$2:$AT$2,"<="&$D$1,U43:AT43) -> 0 | R43: =K43-Q43 -> 1360 | S43: =SUM(U43:XFD43) -> 0 | T43: =SUM(U43:CB43) -> 0
C44: 69 | D44: PV Modules | E44: 45888 | F44: 46043 | G44: =F44-E44 -> 155 | H44: =E44 -> 45888 | I44: =F44 -> 46043 | J44: SCB | K44: 1360 | N44: =IF(OR(M44="",L44=""),"",INT(M44-L44+1)) | O44: =IFERROR(K44/N44,"-") -> - | P44: =IFERROR(SUMIF($U$2:$AT$2,"<="&$D$1,U44:BN44)/K44,"-") -> 0 | Q44: =SUMIF($U$2:$AT$2,"<="&$D$1,U44:AT44) -> 0 | R44: =K44-Q44 -> 1360 | S44: =SUM(U44:XFD44) -> 0 | T44: =SUM(U44:CB44) -> 0
C45: 70 | D45: PVM Cables (Interconnection after module installation) | E45: =E44+45 -> 45933 | F45: =F44+7 -> 46050 | G45: =F45-E45 -> 117 | H45: =E45 -> 45933 | I45: =F45 -> 46050 | J45: SCB | K45: 1360 | N45: =IF(OR(M45="",L45=""),"",INT(M45-L45+1)) | O45: =IFERROR(K45/N45,"-") -> - | P45: =IFERROR(SUMIF($U$2:$AT$2,"<="&$D$1,U45:BN45)/K45,"-") -> 0 | Q45: =SUMIF($U$2:$AT$2,"<="&$D$1,U45:AT45) -> 0 | R45: =K45-Q45 -> 1360 | S45: =SUM(U45:XFD45) -> 0 | T45: =SUM(U45:CB45) -> 0
C46: 71 | D46: Solar cable laying (6 Sq.mm/ 4 Sqmm) | E46: =E44+40 -> 45928 | F46: 46051 | G46: =F46-E46 -> 123 | H46: =E46 -> 45928 | I46: =F46 -> 46051 | J46: SCB | K46: 1360 | N46: =IF(OR(M46="",L46=""),"",INT(M46-L46+1)) | O46: =IFERROR(K46/N46,"-") -> - | P46: =IFERROR(SUMIF($U$2:$AT$2,"<="&$D$1,U46:BN46)/K46,"-") -> 0 | Q46: =SUMIF($U$2:$AT$2,"<="&$D$1,U46:AT46) -> 0 | R46: =K46-Q46 -> 1360 | S46: =SUM(U46:XFD46) -> 0 | T46: =SUM(U46:CB46) -> 0
C47: 72 | D47: SCB - Mounting Structure | E47: 45856 | F47: 46011 | G47: =F47-E47 -> 155 | H47: =E47 -> 45856 | I47: =F47 -> 46011 | J47: SCB | K47: 1360 | N47: =IF(OR(M47="",L47=""),"",INT(M47-L47+1)) | O47: =IFERROR(K47/N47,"-") -> - | P47: =IFERROR(SUMIF($U$2:$AT$2,"<="&$D$1,U47:BN47)/K47,"-") -> 0 | Q47: =SUMIF($U$2:$AT$2,"<="&$D$1,U47:AT47) -> 0 | R47: =K47-Q47 -> 1360 | S47: =SUM(U47:XFD47) -> 0 | T47: =SUM(U47:CB47) -> 0
C48: 73 | D48: Array yard Earthing | E48: 45859 | F48: 45996 | G48: =F48-E48 -> 137 | H48: =E48 -> 45859 | I48: =F48 -> 45996 | J48: SCB | K48: 1360 | N48: =IF(OR(M48="",L48=""),"",INT(M48-L48+1)) | O48: =IFERROR(K48/N48,"-") -> - | P48: =IFERROR(SUMIF($U$2:$AT$2,"<="&$D$1,U48:BN48)/K48,"-") -> 0 | Q48: =SUMIF($U$2:$AT$2,"<="&$D$1,U48:AT48) -> 0 | R48: =K48-Q48 -> 1360 | S48: =SUM(U48:XFD48) -> 0 | T48: =SUM(U48:CB48) -> 0
C49: 74 | D49: Earth pit installation | E49: =E48+45 -> 45904 | F49: 46001 | G49: =F49-E49 -> 97 | H49: =E49 -> 45904 | I49: =F49 -> 46001 | J49: SCB | K49: 1360 | N49: =IF(OR(M49="",L49=""),"",INT(M49-L49+1)) | O49: =IFERROR(K49/N49,"-") -> - | P49: =IFERROR(SUMIF($U$2:$AT$2,"<="&$D$1,U49:BN49)/K49,"-") -> 0 | Q49: =SUMIF($U$2:$AT$2,"<="&$D$1,U49:AT49) -> 0 | R49: =K49-Q49 -> 1360 | S49: =SUM(U49:XFD49) -> 0 | T49: =SUM(U49:CB49) -> 0
C50: 75 | D50: SCB Installation | E50: 45889 | F50: 46017 | G50: =F50-E50 -> 128 | H50: =E50 -> 45889 | I50: =F50 -> 46017 | J50: SCB | K50: 1360 | N50: =IF(OR(M50="",L50=""),"",INT(M50-L50+1)) | O50: =IFERROR(K50/N50,"-") -> - | P50: =IFERROR(SUMIF($U$2:$AT$2,"<="&$D$1,U50:BN50)/K50,"-") -> 0 | Q50: =SUMIF($U$2:$AT$2,"<="&$D$1,U50:AT50) -> 0 | R50: =K50-Q50 -> 1360 | S50: =SUM(U50:XFD50) -> 0 | T50: =SUM(U50:CB50) -> 0
B51: ICR Electrical Works | C51: 76 | D51: Inverter Erection | E51: 45912 | F51: 45982 | G51: =F51-E51 -> 70 | H51: =E51 -> 45912 | I51: =F51 -> 45982 | J51: Nos | K51: 74 | N51: =IF(OR(M51="",L51=""),"",INT(M51-L51+1)) | O51: =IFERROR(K51/N51,"-") -> - | P51: =IFERROR(SUMIF($U$2:$AT$2,"<="&$D$1,U51:BN51)/K51,"-") -> 0 | Q51: =SUMIF($U$2:$AT$2,"<="&$D$1,U51:AT51) -> 0 | R51: =K51-Q51 -> 74 | S51: =SUM(U51:XFD51) -> 0 | T51: =SUM(U51:CB51) -> 0
C52: 77 | D52: ICOG/RMU Panel Erection | E52: 45912 | F52: 45982 | G52: =F52-E52 -> 70 | H52: =E52 -> 45912 | I52: =F52 -> 45982 | J52: Nos | K52: 26 | N52: =IF(OR(M52="",L52=""),"",INT(M52-L52+1)) | O52: =IFERROR(K52/N52,"-") -> - | P52: =IFERROR(SUMIF($U$2:$AT$2,"<="&$D$1,U52:BN52)/K52,"-") -> 0 | Q52: =SUMIF($U$2:$AT$2,"<="&$D$1,U52:AT52) -> 0 | R52: =K52-Q52 -> 26 | S52: =SUM(U52:XFD52) -> 0 | T52: =SUM(U52:CB52) -> 0
C53: 78 | D53: Inverter Duty Trafo. Erection | E53: 45919 | F53: 45994 | G53: =F53-E53 -> 75 | H53: =E53 -> 45919 | I53: =F53 -> 45994 | J53: Nos | K53: 26 | N53: =IF(OR(M53="",L53=""),"",INT(M53-L53+1)) | O53: =IFERROR(K53/N53,"-") -> - | P53: =IFERROR(SUMIF($U$2:$AT$2,"<="&$D$1,U53:BN53)/K53,"-") -> 0 | Q53: =SUMIF($U$2:$AT$2,"<="&$D$1,U53:AT53) -> 0 | R53: =K53-Q53 -> 26 | S53: =SUM(U53:XFD53) -> 0 | T53: =SUM(U53:CB53) -> 0
C54: 79 | D54: Aux Trafo Erection | E54: 45919 | F54: 45959 | G54: =F54-E54 -> 40 | H54: =E54 -> 45919 | I54: =F54 -> 45959 | J54: Nos | K54: 26 | N54: =IF(OR(M54="",L54=""),"",INT(M54-L54+1)) | O54: =IFERROR(K54/N54,"-") -> - | P54: =IFERROR(SUMIF($U$2:$AT$2,"<="&$D$1,U54:BN54)/K54,"-") -> 0 | Q54: =SUMIF($U$2:$AT$2,"<="&$D$1,U54:AT54) -> 0 | R54: =K54-Q54 -> 26 | S54: =SUM(U54:XFD54) -> 0 | T54: =SUM(U54:CB54) -> 0
C55: 80 | D55: UPS & Battery Bank Erection | E55: 45913 | F55: 45943 | G55: =F55-E55 -> 30 | H55: =E55 -> 45913 | I55: =F55 -> 45943 | J55: Nos | K55: 26 | N55: =IF(OR(M55="",L55=""),"",INT(M55-L55+1)) | O55: =IFERROR(K55/N55,"-") -> - | P55: =IFERROR(SUMIF($U$2:$AT$2,"<="&$D$1,U55:BN55)/K55,"-") -> 0 | Q55: =SUMIF($U$2:$AT$2,"<="&$D$1,U55:AT55) -> 0 | R55: =K55-Q55 -> 26 | S55: =SUM(U55:XFD55) -> 0 | T55: =SUM(U55:CB55) -> 0
C56: 82 | D56: Scada panel's Erection | E56: 45912 | F56: 45942 | G56: =F56-E56 -> 30 | H56: =E56 -> 45912 | I56: =F56 -> 45942 | J56: Nos | K56: 26 | N56: =IF(OR(M56="",L56=""),"",INT(M56-L56+1)) | O56: =IFERROR(K56/N56,"-") -> - | P56: =IFERROR(SUMIF($U$2:$AT$2,"<="&$D$1,U56:BN56)/K56,"-") -> 0 | Q56: =SUMIF($U$2:$AT$2,"<="&$D$1,U56:AT56) -> 0 | R56: =K56-Q56 -> 26 | S56: =SUM(U56:XFD56) -> 0 | T56: =SUM(U56:CB56) -> 0
C57: 83 | D57: Tray Works | E57: 45940 | F57: 45991 | G57: =F57-E57 -> 51 | H57: =E57 -> 45940 | I57: =F57 -> 45991 | J57: Block | K57: 26 | N57: =IF(OR(M57="",L57=""),"",INT(M57-L57+1)) | O57: =IFERROR(K57/N57,"-") -> - | P57: =IFERROR(SUMIF($U$2:$AT$2,"<="&$D$1,U57:BN57)/K57,"-") -> 0 | Q57: =SUMIF($U$2:$AT$2,"<="&$D$1,U57:AT57) -> 0 | R57: =K57-Q57 -> 26 | S57: =SUM(U57:XFD57) -> 0 | T57: =SUM(U57:CB57) -> 0
C58: 84 | D58: AC Cable-Inv to Trafo. | E58: 45945 | F58: 45996 | G58: =F58-E58 -> 51 | H58: =E58 -> 45945 | I58: =F58 -> 45996 | J58: Block | K58: 26 | N58: =IF(OR(M58="",L58=""),"",INT(M58-L58+1)) | O58: =IFERROR(K58/N58,"-") -> - | P58: =IFERROR(SUMIF($U$2:$AT$2,"<="&$D$1,U58:BN58)/K58,"-") -> 0 | Q58: =SUMIF($U$2:$AT$2,"<="&$D$1,U58:AT58) -> 0 | R58: =K58-Q58 -> 26 | S58: =SUM(U58:XFD58) -> 0 | T58: =SUM(U58:CB58) -> 0
C59: 85 | D59: Control & Aux Cable Laying | E59: 45931 | F59: 45979 | G59: =F59-E59 -> 48 | H59: =E59 -> 45931 | I59: =F59 -> 45979 | J59: Block | K59: 26 | N59: =IF(OR(M59="",L59=""),"",INT(M59-L59+1)) | O59: =IFERROR(K59/N59,"-") -> - | P59: =IFERROR(SUMIF($U$2:$AT$2,"<="&$D$1,U59:BN59)/K59,"-") -> 0 | Q59: =SUMIF($U$2:$AT$2,"<="&$D$1,U59:AT59) -> 0 | R59: =K59-Q59 -> 26 | S59: =SUM(U59:XFD59) -> 0 | T59: =SUM(U59:CB59) -> 0
C60: 86 | D60: Equipment Earthing | E60: 45935 | F60: 46021 | G60: =F60-E60 -> 86 | H60: =E60 -> 45935 | I60: =F60 -> 46021 | J60: Block | K60: 26 | N60: =IF(OR(M60="",L60=""),"",INT(M60-L60+1)) | O60: =IFERROR(K60/N60,"-") -> - | P60: =IFERROR(SUMIF($U$2:$AT$2,"<="&$D$1,U60:BN60)/K60,"-") -> 0 | Q60: =SUMIF($U$2:$AT$2,"<="&$D$1,U60:AT60) -> 0 | R60: =K60-Q60 -> 26 | S60: =SUM(U60:XFD60) -> 0 | T60: =SUM(U60:CB60) -> 0
C61: 87 | D61: Grid Earthing | E61: 45940 | F61: 46021 | G61: =F61-E61 -> 81 | H61: =E61 -> 45940 | I61: =F61 -> 46021 | J61: Block | K61: 26 | N61: =IF(OR(M61="",L61=""),"",INT(M61-L61+1)) | O61: =IFERROR(K61/N61,"-") -> - | P61: =IFERROR(SUMIF($U$2:$AT$2,"<="&$D$1,U61:BN61)/K61,"-") -> 0 | Q61: =SUMIF($U$2:$AT$2,"<="&$D$1,U61:AT61) -> 0 | R61: =K61-Q61 -> 26 | S61: =SUM(U61:XFD61) -> 0 | T61: =SUM(U61:CB61) -> 0
C62: 88 | D62: Earth pit installation | E62: 45986 | F62: 46027 | G62: =F62-E62 -> 41 | H62: =E62 -> 45986 | I62: =F62 -> 46027 | J62: Block | K62: 26 | N62: =IF(OR(M62="",L62=""),"",INT(M62-L62+1)) | O62: =IFERROR(K62/N62,"-") -> - | P62: =IFERROR(SUMIF($U$2:$AT$2,"<="&$D$1,U62:BN62)/K62,"-") -> 0 | Q62: =SUMIF($U$2:$AT$2,"<="&$D$1,U62:AT62) -> 0 | R62: =K62-Q62 -> 26 | S62: =SUM(U62:XFD62) -> 0 | T62: =SUM(U62:CB62) -> 0
B63: MCR Electrical Works | C63: 89 | D63: HT Panel installation | E63: 45950 | F63: 45976 | G63: =F63-E63 -> 26 | H63: =E63 -> 45950 | I63: =F63 -> 45976 | J63: Lot | K63: 1 | N63: =IF(OR(M63="",L63=""),"",INT(M63-L63+1)) | O63: =IFERROR(K63/N63,"-") -> - | P63: =IFERROR(SUMIF($U$2:$AT$2,"<="&$D$1,U63:BN63)/K63,"-") -> 0 | Q63: =SUMIF($U$2:$AT$2,"<="&$D$1,U63:AT63) -> 0 | R63: =K63-Q63 -> 1 | S63: =SUM(U63:XFD63) -> 0 | T63: =SUM(U63:CB63) -> 0
C64: 90 | D64: Aux. trf installation | E64: 45919 | F64: 45959 | G64: =F64-E64 -> 40 | H64: =E64 -> 45919 | I64: =F64 -> 45959 | J64: Lot | K64: 1 | N64: =IF(OR(M64="",L64=""),"",INT(M64-L64+1)) | O64: =IFERROR(K64/N64,"-") -> - | P64: =IFERROR(SUMIF($U$2:$AT$2,"<="&$D$1,U64:BN64)/K64,"-") -> 0 | Q64: =SUMIF($U$2:$AT$2,"<="&$D$1,U64:AT64) -> 0 | R64: =K64-Q64 -> 1 | S64: =SUM(U64:XFD64) -> 0 | T64: =SUM(U64:CB64) -> 0
C65: 91 | D65: DB's installation | E65: 45935 | F65: 45971 | G65: =F65-E65 -> 36 | H65: =E65 -> 45935 | I65: =F65 -> 45971 | J65: Lot | K65: 1 | N65: =IF(OR(M65="",L65=""),"",INT(M65-L65+1)) | O65: =IFERROR(K65/N65,"-") -> - | P65: =IFERROR(SUMIF($U$2:$AT$2,"<="&$D$1,U65:BN65)/K65,"-") -> 0 | Q65: =SUMIF($U$2:$AT$2,"<="&$D$1,U65:AT65) -> 0 | R65: =K65-Q65 -> 1 | S65: =SUM(U65:XFD65) -> 0 | T65: =SUM(U65:CB65) -> 0
C66: 92 | D66: UPS, Battery charger, battery bank installaiton | E66: 45996 | F66: 46027 | G66: =F66-E66 -> 31 | H66: =E66 -> 45996 | I66: =F66 -> 46027 | J66: Lot | K66: 1 | N66: =IF(OR(M66="",L66=""),"",INT(M66-L66+1)) | O66: =IFERROR(K66/N66,"-") -> - | P66: =IFERROR(SUMIF($U$2:$AT$2,"<="&$D$1,U66:BN66)/K66,"-") -> 0 | Q66: =SUMIF($U$2:$AT$2,"<="&$D$1,U66:AT66) -> 0 | R66: =K66-Q66 -> 1 | S66: =SUM(U66:XFD66) -> 0 | T66: =SUM(U66:CB66) -> 0
C67: 93 | D67: FFS installation | E67: 46024 | F67: 46042 | G67: =F67-E67 -> 18 | H67: =E67 -> 46024 | I67: =F67 -> 46042 | J67: Lot | K67: 1 | N67: =IF(OR(M67="",L67=""),"",INT(M67-L67+1)) | O67: =IFERROR(K67/N67,"-") -> - | P67: =IFERROR(SUMIF($U$2:$AT$2,"<="&$D$1,U67:BN67)/K67,"-") -> 0 | Q67: =SUMIF($U$2:$AT$2,"<="&$D$1,U67:AT67) -> 0 | R67: =K67-Q67 -> 1 | S67: =SUM(U67:XFD67) -> 0 | T67: =SUM(U67:CB67) -> 0
C68: 94 | D68: HT cable laying from MCR to Power Trafo | E68: 46016 | F68: =E68+8 -> 46024 | G68: =F68-E68 -> 8 | H68: =E68 -> 46016 | I68: =F68 -> 46024 | J68: Lot | K68: 1 | N68: =IF(OR(M68="",L68=""),"",INT(M68-L68+1)) | O68: =IFERROR(K68/N68,"-") -> - | P68: =IFERROR(SUMIF($U$2:$AT$2,"<="&$D$1,U68:BN68)/K68,"-") -> 0 | Q68: =SUMIF($U$2:$AT$2,"<="&$D$1,U68:AT68) -> 0 | R68: =K68-Q68 -> 1 | S68: =SUM(U68:XFD68) -> 0 | T68: =SUM(U68:CB68) -> 0
C69: 95 | D69: HT cable laying from HT panel to Aux. trf | E69: 46011 | F69: =E69+8 -> 46019 | G69: =F69-E69 -> 8 | H69: =E69 -> 46011 | I69: =F69 -> 46019 | J69: Lot | K69: 1 | N69: =IF(OR(M69="",L69=""),"",INT(M69-L69+1)) | O69: =IFERROR(K69/N69,"-") -> - | P69: =IFERROR(SUMIF($U$2:$AT$2,"<="&$D$1,U69:BN69)/K69,"-") -> 0 | Q69: =SUMIF($U$2:$AT$2,"<="&$D$1,U69:AT69) -> 0 | R69: =K69-Q69 -> 1 | S69: =SUM(U69:XFD69) -> 0 | T69: =SUM(U69:CB69) -> 0
C70: 96 | D70: Aux t/f to LT | E70: =F69 -> 46019 | F70: =E70+8 -> 46027 | G70: =F70-E70 -> 8 | H70: =E70 -> 46019 | I70: =F70 -> 46027 | J70: Lot | K70: 1 | N70: =IF(OR(M70="",L70=""),"",INT(M70-L70+1)) | O70: =IFERROR(K70/N70,"-") -> - | P70: =IFERROR(SUMIF($U$2:$AT$2,"<="&$D$1,U70:BN70)/K70,"-") -> 0 | Q70: =SUMIF($U$2:$AT$2,"<="&$D$1,U70:AT70) -> 0 | R70: =K70-Q70 -> 1 | S70: =SUM(U70:XFD70) -> 0 | T70: =SUM(U70:CB70) -> 0
C71: 97 | D71: SCADA installation | E71: 46016 | F71: 46027 | G71: =F71-E71 -> 11 | H71: =E71 -> 46016 | I71: =F71 -> 46027 | J71: Lot | K71: 1 | N71: =IF(OR(M71="",L71=""),"",INT(M71-L71+1)) | O71: =IFERROR(K71/N71,"-") -> - | P71: =IFERROR(SUMIF($U$2:$AT$2,"<="&$D$1,U71:BN71)/K71,"-") -> 0 | Q71: =SUMIF($U$2:$AT$2,"<="&$D$1,U71:AT71) -> 0 | R71: =K71-Q71 -> 1 | S71: =SUM(U71:XFD71) -> 0 | T71: =SUM(U71:CB71) -> 0
C72: 98 | D72: Grid earthing | E72: =F75 -> 46029 | F72: =E72+2 -> 46031 | G72: =F72-E72 -> 2 | H72: =E72 -> 46029 | I72: =F72 -> 46031 | J72: Lot | K72: 1 | N72: =IF(OR(M72="",L72=""),"",INT(M72-L72+1)) | O72: =IFERROR(K72/N72,"-") -> - | P72: =IFERROR(SUMIF($U$2:$AT$2,"<="&$D$1,U72:BN72)/K72,"-") -> 0 | Q72: =SUMIF($U$2:$AT$2,"<="&$D$1,U72:AT72) -> 0 | R72: =K72-Q72 -> 1 | S72: =SUM(U72:XFD72) -> 0 | T72: =SUM(U72:CB72) -> 0
C73: 99 | D73: Tray Works | E73: 45966 | F73: 45996 | G73: =F73-E73 -> 30 | H73: =E73 -> 45966 | I73: =F73 -> 45996 | J73: Lot | K73: 1 | N73: =IF(OR(M73="",L73=""),"",INT(M73-L73+1)) | O73: =IFERROR(K73/N73,"-") -> - | P73: =IFERROR(SUMIF($U$2:$AT$2,"<="&$D$1,U73:BN73)/K73,"-") -> 0 | Q73: =SUMIF($U$2:$AT$2,"<="&$D$1,U73:AT73) -> 0 | R73: =K73-Q73 -> 1 | S73: =SUM(U73:XFD73) -> 0 | T73: =SUM(U73:CB73) -> 0
C74: 100 | D74: Earth pit installation | E74: 46016 | F74: =E74+12 -> 46028 | G74: =F74-E74 -> 12 | H74: =E74 -> 46016 | I74: =F74 -> 46028 | J74: Lot | K74: 1 | N74: =IF(OR(M74="",L74=""),"",INT(M74-L74+1)) | O74: =IFERROR(K74/N74,"-") -> - | P74: =IFERROR(SUMIF($U$2:$AT$2,"<="&$D$1,U74:BN74)/K74,"-") -> 0 | Q74: =SUMIF($U$2:$AT$2,"<="&$D$1,U74:AT74) -> 0 | R74: =K74-Q74 -> 1 | S74: =SUM(U74:XFD74) -> 0 | T74: =SUM(U74:CB74) -> 0
C75: 101 | D75: Equipment earthing | E75: =E74+1 -> 46017 | F75: =F74+1 -> 46029 | G75: =F75-E75 -> 12 | H75: =E75 -> 46017 | I75: =F75 -> 46029 | J75: Lot | K75: 1 | N75: =IF(OR(M75="",L75=""),"",INT(M75-L75+1)) | O75: =IFERROR(K75/N75,"-") -> - | P75: =IFERROR(SUMIF($U$2:$AT$2,"<="&$D$1,U75:BN75)/K75,"-") -> 0 | Q75: =SUMIF($U$2:$AT$2,"<="&$D$1,U75:AT75) -> 0 | R75: =K75-Q75 -> 1 | S75: =SUM(U75:XFD75) -> 0 | T75: =SUM(U75:CB75) -> 0
B76: AC System | C76: 102 | D76: HT Trench Marking & Excavation | E76: 45924 | F76: 45950 | G76: =F76-E76 -> 26 | H76: =E76 -> 45924 | I76: =F76 -> 45950 | J76: Block | K76: 26 | N76: =IF(OR(M76="",L76=""),"",INT(M76-L76+1)) | O76: =IFERROR(K76/N76,"-") -> - | P76: =IFERROR(SUMIF($U$2:$AT$2,"<="&$D$1,U76:BN76)/K76,"-") -> 0 | Q76: =SUMIF($U$2:$AT$2,"<="&$D$1,U76:AT76) -> 0 | R76: =K76-Q76 -> 26 | S76: =SUM(U76:XFD76) -> 0 | T76: =SUM(U76:CB76) -> 0
C77: 103 | D77: HT Cable Laying | E77: =E76+5 -> 45929 | F77: 45981 | G77: =F77-E77 -> 52 | H77: =E77 -> 45929 | I77: =F77 -> 45981 | J77: Block | K77: 26 | N77: =IF(OR(M77="",L77=""),"",INT(M77-L77+1)) | O77: =IFERROR(K77/N77,"-") -> - | P77: =IFERROR(SUMIF($U$2:$AT$2,"<="&$D$1,U77:BN77)/K77,"-") -> 0 | Q77: =SUMIF($U$2:$AT$2,"<="&$D$1,U77:AT77) -> 0 | R77: =K77-Q77 -> 26 | S77: =SUM(U77:XFD77) -> 0 | T77: =SUM(U77:CB77) -> 0
C78: 104 | D78: HT Trench Backfilling & Rote Marking | E78: =E77+2 -> 45931 | F78: =F77+2 -> 45983 | G78: =F78-E78 -> 52 | H78: =E78 -> 45931 | I78: =F78 -> 45983 | J78: Block | K78: 26 | N78: =IF(OR(M78="",L78=""),"",INT(M78-L78+1)) | O78: =IFERROR(K78/N78,"-") -> - | P78: =IFERROR(SUMIF($U$2:$AT$2,"<="&$D$1,U78:BN78)/K78,"-") -> 0 | Q78: =SUMIF($U$2:$AT$2,"<="&$D$1,U78:AT78) -> 0 | R78: =K78-Q78 -> 26 | S78: =SUM(U78:XFD78) -> 0 | T78: =SUM(U78:CB78) -> 0
B79: Array Area Terminations | C79: 105 | D79: Solar Cable Termination Table Side | E79: 45889 | F79: 46047 | G79: =F79-E79 -> 158 | H79: =E79 -> 45889 | I79: =F79 -> 46047 | J79: Block | K79: 26 | N79: =IF(OR(M79="",L79=""),"",INT(M79-L79+1)) | O79: =IFERROR(K79/N79,"-") -> - | P79: =IFERROR(SUMIF($U$2:$AT$2,"<="&$D$1,U79:BN79)/K79,"-") -> 0 | Q79: =SUMIF($U$2:$AT$2,"<="&$D$1,U79:AT79) -> 0 | R79: =K79-Q79 -> 26 | S79: =SUM(U79:XFD79) -> 0 | T79: =SUM(U79:CB79) -> 0
C80: 106 | D80: Solar Cable Termination SCB Side | E80: =E79 -> 45889 | F80: =F79 -> 46047 | G80: =F80-E80 -> 158 | H80: =E80 -> 45889 | I80: =F80 -> 46047 | J80: Block | K80: 26 | N80: =IF(OR(M80="",L80=""),"",INT(M80-L80+1)) | O80: =IFERROR(K80/N80,"-") -> - | P80: =IFERROR(SUMIF($U$2:$AT$2,"<="&$D$1,U80:BN80)/K80,"-") -> 0 | Q80: =SUMIF($U$2:$AT$2,"<="&$D$1,U80:AT80) -> 0 | R80: =K80-Q80 -> 26 | S80: =SUM(U80:XFD80) -> 0 | T80: =SUM(U80:CB80) -> 0
C81: 107 | D81: DC Power Cable Termination SCB Side | E81: =E80 -> 45889 | F81: =F80 -> 46047 | G81: =F81-E81 -> 158 | H81: =E81 -> 45889 | I81: =F81 -> 46047 | J81: Block | K81: 26 | N81: =IF(OR(M81="",L81=""),"",INT(M81-L81+1)) | O81: =IFERROR(K81/N81,"-") -> - | P81: =IFERROR(SUMIF($U$2:$AT$2,"<="&$D$1,U81:BN81)/K81,"-") -> 0 | Q81: =SUMIF($U$2:$AT$2,"<="&$D$1,U81:AT81) -> 0 | R81: =K81-Q81 -> 26 | S81: =SUM(U81:XFD81) -> 0 | T81: =SUM(U81:CB81) -> 0
B82: ICR Areay Terminations | C82: 108 | D82: DC Power Cable Termination Inverter Side | E82: 45950 | F82: =F81 -> 46047 | G82: =F82-E82 -> 97 | H82: =E82 -> 45950 | I82: =F82 -> 46047 | J82: Block | K82: 26 | N82: =IF(OR(M82="",L82=""),"",INT(M82-L82+1)) | O82: =IFERROR(K82/N82,"-") -> - | P82: =IFERROR(SUMIF($U$2:$AT$2,"<="&$D$1,U82:BN82)/K82,"-") -> 0 | Q82: =SUMIF($U$2:$AT$2,"<="&$D$1,U82:AT82) -> 0 | R82: =K82-Q82 -> 26 | S82: =SUM(U82:XFD82) -> 0 | T82: =SUM(U82:CB82) -> 0
C83: 109 | D83: AC cable Termination Inv Side | E83: 45971 | F83: 46011 | G83: =F83-E83 -> 40 | H83: =E83 -> 45971 | I83: =F83 -> 46011 | J83: Block | K83: 26 | N83: =IF(OR(M83="",L83=""),"",INT(M83-L83+1)) | O83: =IFERROR(K83/N83,"-") -> - | P83: =IFERROR(SUMIF($U$2:$AT$2,"<="&$D$1,U83:BN83)/K83,"-") -> 0 | Q83: =SUMIF($U$2:$AT$2,"<="&$D$1,U83:AT83) -> 0 | R83: =K83-Q83 -> 26 | S83: =SUM(U83:XFD83) -> 0 | T83: =SUM(U83:CB83) -> 0
C84: 110 | D84: AC cable Termination Trafo Side | E84: 45971 | F84: 46011 | G84: =F84-E84 -> 40 | H84: =E84 -> 45971 | I84: =F84 -> 46011 | J84: Block | K84: 26 | N84: =IF(OR(M84="",L84=""),"",INT(M84-L84+1)) | O84: =IFERROR(K84/N84,"-") -> - | P84: =IFERROR(SUMIF($U$2:$AT$2,"<="&$D$1,U84:BN84)/K84,"-") -> 0 | Q84: =SUMIF($U$2:$AT$2,"<="&$D$1,U84:AT84) -> 0 | R84: =K84-Q84 -> 26 | S84: =SUM(U84:XFD84) -> 0 | T84: =SUM(U84:CB84) -> 0
C85: 111 | D85: HT Cable Termination Trafo Side | E85: 45971 | F85: 46011 | G85: =F85-E85 -> 40 | H85: =E85 -> 45971 | I85: =F85 -> 46011 | J85: Block | K85: 26 | N85: =IF(OR(M85="",L85=""),"",INT(M85-L85+1)) | O85: =IFERROR(K85/N85,"-") -> - | P85: =IFERROR(SUMIF($U$2:$AT$2,"<="&$D$1,U85:BN85)/K85,"-") -> 0 | Q85: =SUMIF($U$2:$AT$2,"<="&$D$1,U85:AT85) -> 0 | R85: =K85-Q85 -> 26 | S85: =SUM(U85:XFD85) -> 0 | T85: =SUM(U85:CB85) -> 0
C86: 112 | D86: HT Cable Termination ICOG/RMU | E86: 45971 | F86: 46011 | G86: =F86-E86 -> 40 | H86: =E86 -> 45971 | I86: =F86 -> 46011 | J86: Block | K86: 26 | N86: =IF(OR(M86="",L86=""),"",INT(M86-L86+1)) | O86: =IFERROR(K86/N86,"-") -> - | P86: =IFERROR(SUMIF($U$2:$AT$2,"<="&$D$1,U86:BN86)/K86,"-") -> 0 | Q86: =SUMIF($U$2:$AT$2,"<="&$D$1,U86:AT86) -> 0 | R86: =K86-Q86 -> 26 | S86: =SUM(U86:XFD86) -> 0 | T86: =SUM(U86:CB86) -> 0
C87: 113 | D87: Control and comm. cable termination | E87: 45971 | F87: 46011 | G87: =F87-E87 -> 40 | H87: =E87 -> 45971 | I87: =F87 -> 46011 | J87: Block | K87: 26 | N87: =IF(OR(M87="",L87=""),"",INT(M87-L87+1)) | O87: =IFERROR(K87/N87,"-") -> - | P87: =IFERROR(SUMIF($U$2:$AT$2,"<="&$D$1,U87:BN87)/K87,"-") -> 0 | Q87: =SUMIF($U$2:$AT$2,"<="&$D$1,U87:AT87) -> 0 | R87: =K87-Q87 -> 26 | S87: =SUM(U87:XFD87) -> 0 | T87: =SUM(U87:CB87) -> 0
C88: 114 | D88: LT Cables termination | E88: 45971 | F88: 46011 | G88: =F88-E88 -> 40 | H88: =E88 -> 45971 | I88: =F88 -> 46011 | J88: Block | K88: 26 | N88: =IF(OR(M88="",L88=""),"",INT(M88-L88+1)) | O88: =IFERROR(K88/N88,"-") -> - | P88: =IFERROR(SUMIF($U$2:$AT$2,"<="&$D$1,U88:BN88)/K88,"-") -> 0 | Q88: =SUMIF($U$2:$AT$2,"<="&$D$1,U88:AT88) -> 0 | R88: =K88-Q88 -> 26 | S88: =SUM(U88:XFD88) -> 0 | T88: =SUM(U88:CB88) -> 0
B89: MCR Area Termination | C89: 115 | D89: HT Cable termiantion- MCR Panel | E89: =E68+2 -> 46018 | F89: =F68+2 -> 46026 | G89: =F89-E89 -> 8 | H89: =E89 -> 46018 | I89: =F89 -> 46026 | J89: Lot | K89: 1 | N89: =IF(OR(M89="",L89=""),"",INT(M89-L89+1)) | O89: =IFERROR(K89/N89,"-") -> - | P89: =IFERROR(SUMIF($U$2:$AT$2,"<="&$D$1,U89:BN89)/K89,"-") -> 0 | Q89: =SUMIF($U$2:$AT$2,"<="&$D$1,U89:AT89) -> 0 | R89: =K89-Q89 -> 1 | S89: =SUM(U89:XFD89) -> 0 | T89: =SUM(U89:CB89) -> 0
C90: 116 | D90: MCR to Power Trafo HT cable termination | E90: =E89 -> 46018 | F90: =F89 -> 46026 | G90: =F90-E90 -> 8 | H90: =E90 -> 46018 | I90: =F90 -> 46026 | J90: Lot | K90: 1 | N90: =IF(OR(M90="",L90=""),"",INT(M90-L90+1)) | O90: =IFERROR(K90/N90,"-") -> - | P90: =IFERROR(SUMIF($U$2:$AT$2,"<="&$D$1,U90:BN90)/K90,"-") -> 0 | Q90: =SUMIF($U$2:$AT$2,"<="&$D$1,U90:AT90) -> 0 | R90: =K90-Q90 -> 1 | S90: =SUM(U90:XFD90) -> 0 | T90: =SUM(U90:CB90) -> 0
C91: 117 | D91: Aux. t/f LT side cable termiantion | E91: =E90 -> 46018 | F91: =F90 -> 46026 | G91: =F91-E91 -> 8 | H91: =E91 -> 46018 | I91: =F91 -> 46026 | J91: Lot | K91: 1 | N91: =IF(OR(M91="",L91=""),"",INT(M91-L91+1)) | O91: =IFERROR(K91/N91,"-") -> - | P91: =IFERROR(SUMIF($U$2:$AT$2,"<="&$D$1,U91:BN91)/K91,"-") -> 0 | Q91: =SUMIF($U$2:$AT$2,"<="&$D$1,U91:AT91) -> 0 | R91: =K91-Q91 -> 1 | S91: =SUM(U91:XFD91) -> 0 | T91: =SUM(U91:CB91) -> 0
C92: 118 | D92: Control and comm. cable termination | E92: 45919 | F92: 46009 | G92: =F92-E92 -> 90 | H92: =E92 -> 45919 | I92: =F92 -> 46009 | J92: Lot | K92: 1 | N92: =IF(OR(M92="",L92=""),"",INT(M92-L92+1)) | O92: =IFERROR(K92/N92,"-") -> - | P92: =IFERROR(SUMIF($U$2:$AT$2,"<="&$D$1,U92:BN92)/K92,"-") -> 0 | Q92: =SUMIF($U$2:$AT$2,"<="&$D$1,U92:AT92) -> 0 | R92: =K92-Q92 -> 1 | S92: =SUM(U92:XFD92) -> 0 | T92: =SUM(U92:CB92) -> 0
C93: 119 | D93: LT Cables termination | E93: 45919 | F93: 46011 | G93: =F93-E93 -> 92 | H93: =E93 -> 45919 | I93: =F93 -> 46011 | J93: Lot | K93: 1 | N93: =IF(OR(M93="",L93=""),"",INT(M93-L93+1)) | O93: =IFERROR(K93/N93,"-") -> - | P93: =IFERROR(SUMIF($U$2:$AT$2,"<="&$D$1,U93:BN93)/K93,"-") -> 0 | Q93: =SUMIF($U$2:$AT$2,"<="&$D$1,U93:AT93) -> 0 | R93: =K93-Q93 -> 1 | S93: =SUM(U93:XFD93) -> 0 | T93: =SUM(U93:CB93) -> 0
B94: Scada Works | C94: 120 | D94: FO Cable Laying | E94: 45940 | F94: 46006 | G94: =F94-E94 -> 66 | H94: =E94 -> 45940 | I94: =F94 -> 46006 | J94: Block | K94: 26 | N94: =IF(OR(M94="",L94=""),"",INT(M94-L94+1)) | O94: =IFERROR(K94/N94,"-") -> - | P94: =IFERROR(SUMIF($U$2:$AT$2,"<="&$D$1,U94:BN94)/K94,"-") -> 0 | Q94: =SUMIF($U$2:$AT$2,"<="&$D$1,U94:AT94) -> 0 | R94: =K94-Q94 -> 26 | S94: =SUM(U94:XFD94) -> 0 | T94: =SUM(U94:CB94) -> 0
C95: 121 | D95: FO Cable Splicing | E95: 45992 | F95: 46011 | G95: =F95-E95 -> 19 | H95: =E95 -> 45992 | I95: =F95 -> 46011 | J95: Block | K95: 26 | N95: =IF(OR(M95="",L95=""),"",INT(M95-L95+1)) | O95: =IFERROR(K95/N95,"-") -> - | P95: =IFERROR(SUMIF($U$2:$AT$2,"<="&$D$1,U95:BN95)/K95,"-") -> 0 | Q95: =SUMIF($U$2:$AT$2,"<="&$D$1,U95:AT95) -> 0 | R95: =K95-Q95 -> 26 | S95: =SUM(U95:XFD95) -> 0 | T95: =SUM(U95:CB95) -> 0
C96: 122 | D96: FFS installation | E96: 45962 | F96: 45996 | G96: =F96-E96 -> 34 | H96: =E96 -> 45962 | I96: =F96 -> 45996 | J96: Block | K96: 26 | N96: =IF(OR(M96="",L96=""),"",INT(M96-L96+1)) | O96: =IFERROR(K96/N96,"-") -> - | P96: =IFERROR(SUMIF($U$2:$AT$2,"<="&$D$1,U96:BN96)/K96,"-") -> 0 | Q96: =SUMIF($U$2:$AT$2,"<="&$D$1,U96:AT96) -> 0 | R96: =K96-Q96 -> 26 | S96: =SUM(U96:XFD96) -> 0 | T96: =SUM(U96:CB96) -> 0
B97: Testing and Commissioning | C97: 123 | D97: Pre-commissioning of inverters | E97: 45986 | F97: 46016 | G97: =F97-E97 -> 30 | H97: =E97 -> 45986 | I97: =F97 -> 46016 | J97: Block | K97: 26 | N97: =IF(OR(M97="",L97=""),"",INT(M97-L97+1)) | O97: =IFERROR(K97/N97,"-") -> - | P97: =IFERROR(SUMIF($U$2:$AT$2,"<="&$D$1,U97:BN97)/K97,"-") -> 0 | Q97: =SUMIF($U$2:$AT$2,"<="&$D$1,U97:AT97) -> 0 | R97: =K97-Q97 -> 26 | S97: =SUM(U97:XFD97) -> 0 | T97: =SUM(U97:CB97) -> 0
C98: 124 | D98: HT panel @ blocks | E98: 45984 | F98: 46008 | G98: =F98-E98 -> 24 | H98: =E98 -> 45984 | I98: =F98 -> 46008 | J98: Block | K98: 26 | N98: =IF(OR(M98="",L98=""),"",INT(M98-L98+1)) | O98: =IFERROR(K98/N98,"-") -> - | P98: =IFERROR(SUMIF($U$2:$AT$2,"<="&$D$1,U98:BN98)/K98,"-") -> 0 | Q98: =SUMIF($U$2:$AT$2,"<="&$D$1,U98:AT98) -> 0 | R98: =K98-Q98 -> 26 | S98: =SUM(U98:XFD98) -> 0 | T98: =SUM(U98:CB98) -> 0
C99: 125 | D99: Transformers & Aux T/F @ blocks | E99: 45988 | F99: 46007 | G99: =F99-E99 -> 19 | H99: =E99 -> 45988 | I99: =F99 -> 46007 | J99: Block | K99: 26 | N99: =IF(OR(M99="",L99=""),"",INT(M99-L99+1)) | O99: =IFERROR(K99/N99,"-") -> - | P99: =IFERROR(SUMIF($U$2:$AT$2,"<="&$D$1,U99:BN99)/K99,"-") -> 0 | Q99: =SUMIF($U$2:$AT$2,"<="&$D$1,U99:AT99) -> 0 | R99: =K99-Q99 -> 26 | S99: =SUM(U99:XFD99) -> 0 | T99: =SUM(U99:CB99) -> 0
C100: 127 | D100: T/F to ICOG cables IR & Hi-pot test | E100: 45978 | F100: 45984 | G100: =F100-E100 -> 6 | H100: =E100 -> 45978 | I100: =F100 -> 45984 | J100: Block | K100: 26 | N100: =IF(OR(M100="",L100=""),"",INT(M100-L100+1)) | O100: =IFERROR(K100/N100,"-") -> - | P100: =IFERROR(SUMIF($U$2:$AT$2,"<="&$D$1,U100:BN100)/K100,"-") -> 0 | Q100: =SUMIF($U$2:$AT$2,"<="&$D$1,U100:AT100) -> 0 | R100: =K100-Q100 -> 26 | S100: =SUM(U100:XFD100) -> 0 | T100: =SUM(U100:CB100) -> 0
...

Sheet Engineering & Delivery
A1: # | B1: Engineering-Key Equipment | C1: Planned | D1: Actual/ Expected | E1: Status
A2: 1 | B2: Module Mounting Structure | C2: 45783 | D2: =C2 -> 45783 | E2: Drawing Submitted
A3: 2 | B3: Inverter Duty Transformer | C3: 45803 | D3: 45807 | E3: Drawing submitted
A4: 3 | B4: NIFPS | C4: 45816 | D4: =C4 -> 45816
A5: 4 | B5: ICOG/RMU PANEL | C5: 45805 | D5: 45817
A6: 5 | B6: Main HT Switchgear Panel | C6: 45805 | D6: 45817
A7: 6 | B7: Auxiliary LT Panel | C7: 45820 | D7: =C7 -> 45820
A8: 7 | B8: Auxiliary Transformer | C8: 45814 | D8: 45818
A9: 8 | B9: Central Inverter(PCU) | C9: 45797 | D9: 45790 | E9: Drawing submitted
A10: 9 | B10: String Combiner Box (SCB) | C10: 45788 | D10: =Ordering!E10+7 -> 45845
A11: 10 | B11: DC string cable | C11: 45813 | D11: 45818
A12: 11 | B12: DC power cable | C12: 45799 | D12: =Ordering!E12+7 -> 45852
A13: 12 | B13: LT AC power cable | C13: 45791 | D13: =Ordering!E13+7 -> 45852
A14: 13 | B14: HT AC power cable | C14: 45813 | D14: 45820
A15: 14 | B15: LT power and control cables | C15: 45805 | D15: =Ordering!E15+7 -> 45852
A16: 15 | B16: Communication cables | C16: 45805 | D16: =Ordering!E16+7 -> 45852
A17: 16 | B17: SCADA system | C17: 45805 | D17: =Ordering!E17+7 -> 45822
A18: 17 | B18: UPS and Battery System | C18: 45813 | D18: =Ordering!E18+7 -> 45864
A19: 18 | B19: SVG | C19: 45820 | D19: =C19 -> 45820
A20: 19 | B20: Harmonic Filter and its Acessories | C20: 45839 | D20: =C20 -> 45839
A21: 20 | B21: Other BOQ (Lighting, Gland, Lungs, HT termination KIT etc.) | C21: 45900 | D21: =C21 -> 45900
A22: # | B22: Engineering-General Drawing | C22: Target | D22: Actual/ Expected | E22: Remarks
A23: 1 | B23: Master Document List | C23: 45701 | D23: Submitted | E23: Submitted
A24: 2 | B24: Overall Plant Layout | C24: 45780 | D24: =C24 -> 45780 | E24: R2 to be submitted
A25: 3 | B25: MMS Structure foundation | C25: 45823 | D25: =C25 -> 45823 | E25: Submitted, under SECI Review
A26: 4 | B26: MMS Design and GA diagram | C26: 04 Apr, 25 | D26: Submitted | E26: Approved
A27: 5 | B27: Lighting Fixtures with calculations | C27: 45812 | D27: 45828
A28: 6 | B28: ICR Equipment Layout | C28: 45777 | D28: 45804 | E28: Submitted under SECI review
A29: 7 | B29: MCR Equipment Layout | C29: 45794 | D29: =C29 -> 45794
A30: 8 | B30: ICR Equipment Foundation Civil Drawing | C30: 45807 | D30: =D28+15 -> 45819
A31: 9 | B31: MCR Equipment Foundation Civil Drawing | C31: 45816 | D31: =C31 -> 45816
A32: 10 | B32: AC sizing calculation | C32: 45772 | D32: 45787 | E32: R1 to be submitted
A33: 11 | B33: DC sizing calculation | C33: 45772 | D33: 45773 | E33: R1 submitted for review
A34: 12 | B34: Earthing calculation | C34: 45783 | D34: 45795 | E34: R0 submitted for review
A35: 13 | B35: DC Cable schedule, laying and sectional drawings | C35: 45811 | D35: 45823
A36: 14 | B36: AC Cable schedule, laying and sectional drawings | C36: 45808 | D36: 45823
A37: 15 | B37: Control and Communication Cable schedule, | C37: 45808 | D37: 45828
A38: 16 | B38: AC SLD | C38: 45719 | D38: Submitted | E38: Approved under CAT 2, dwg submitted for CAT 1 approval, Revised to be submitted as per discussion
A39: 17 | B39: DC SLD | C39: 45762 | E39: R0 Submitted, Under SECI Review since 25th Apr.
A40: 18 | B40: AUX SLD | C40: 45772 | D40: 45787 | E40: R0 submitted, under SECI Revew
A41: 19 | B41: Fencing layout & Drawing | C41: 45772 | E41: Drawing approved, Layout Submitted, under SECI Review
A42: 20 | B42: Road Calculations, Cross sections & Layout drawing | C42: 45797 | D42: 45814
A43: 19 | B43: Calc - UPS Sizing Calculation | E43: R2 to be submitted
A44: 20 | B44: Calc - Auxiliary Transformer Sizing Calculation | E44: R2 to be submitted
A45: # | B45: Manufacturing, FAT and Delivery at site- Key Equipment | C45: Start | D45: Finish | E45: Remarks
A46: 1 | B46: Module Mounting Structure | C46: 45785 | D46: 45956
A47: 2 | B47: Inverter Duty Transformer | C47: 45805 | D47: 45986
A48: 3 | B48: NIFPS | C48: 45818 | D48: 45969
A49: 4 | B49: ICOG/RMU PANEL | C49: 45807 | D49: 45958
A50: 5 | B50: Main HT Switchgear Panel | C50: 45807 | D50: 45958
A51: 6 | B51: Auxiliary LT Panel | C51: 45822 | D51: 45943
A52: 7 | B52: Auxiliary Transformer | C52: 45816 | D52: 45937
A53: 8 | B53: Central Inverter(PCU) | C53: 45799 | D53: 45919
A54: 9 | B54: String Combiner Box (SCB) | C54: 45790 | D54: 45910
A55: 10 | B55: DC string cable | C55: 45815 | D55: 45936
A56: 11 | B56: DC power cable | C56: 45801 | D56: 45921
A57: 12 | B57: LT AC power cable | C57: 45793 | D57: 45913
... A65: 20 | B65: Other BOQ (Lighting, Gland, Lungs, HT termination KIT etc.) | C65: 45902 | D65: 46022

Sheet Hinderance Register
A1: WORK HINDERANCE REGISTER
A2: S. No | B2: Effected Date | C2: Effect Impact | D2: Description | E2: Remarks | F2: Progress affected in terms of days
A3: 1
A4: =A3+1 -> 2
A5: =A4+1 -> 3
A6: =A5+1 -> 4
A7: =A6+1 -> 5
A8: =A7+1 -> 6
A9: =A8+1 -> 7
A10: =A9+1 -> 8
A11: =A10+1 -> 9
A12: =A11+1 -> 10
A13: =A12+1 -> 11
A14: =A13+1 -> 12
A15: =A14+1 -> 13
... A76: =A75+1 -> 74
A77: Total Days | B77: =COUNT(B3:B76) -> 0 | F77: =SUM(F3:F76) -> 0

Sheet Construction Status (2)
C1: Date | D1: ='Construction DASHBOARD'!B6 -> 45912 | S1: Till 30th Mar
B2: Section | C2: S.No | D2: Site Activity | E2: Planned Start | F2: Planned Finish | G2: Actual/Expected Start | H2: Actual/Expected Finish | I2: uom | J2: Qty | K2: Start Date | L2: End Date | M2: No of Days | N2: Avg/Day | O2: Actual as on Date (%) | P2: Comp. | Q2: Bal | R2: Actual as on date | S2: 45746 | T2: 45750 | U2: 45751 | V2: 45752 | W2: 45753 | X2: 45754 | Y2: 45755 | Z2: 45756 | AA2: 45757 | AB2: 45758 | AC2: 45759 | AD2: 45760 | AE2: 45761 | AF2: 45762 | AG2: 45763 | AH2: 45764 | AI2: 45765 | AJ2: 45766 | AK2: 45767 | AL2: 45768 | AM2: 45769 | AN2: 45770 | AO2: 45771 | AP2: 45772 | AQ2: 45773 | AR2: 45774 | AS2: 45775 | AT2: 45776 | AU2: 45777 | AV2: 45778 | AW2: 45779 | AX2: 45780 | AY2: 45781 | AZ2: 45782 | BA2: 45783 | BB2: 45784 | BC2: 45785 | BD2: 45786 | BE2: 45787 | BF2: 45788 | BG2: 45789 | BH2: 45790 | BI2: 45791 | BJ2: 45792 | BK2: 45793 | BL2: 45794
S3: =TEXT(S2,"ddd") -> Sun | T3: =TEXT(T2,"ddd") -> Thu | U3: =TEXT(U2,"ddd") -> Fri | V3: =TEXT(V2,"ddd") -> Sat | W3: =TEXT(W2,"ddd") -> Sun | X3: =TEXT(X2,"ddd") -> Mon | Y3: =TEXT(Y2,"ddd") -> Tue | Z3: =TEXT(Z2,"ddd") -> Wed | ... BL3: =TEXT(BL2,"ddd") -> Sat
B4: L & G | C4: 1 | D4: Land Development | E4: 45750 | F4: 45870 | G4: 45752 | H4: 45870 | I4: Acre | J4: 1030 | K4: 45752 | L4: 45796 | M4: =IF(OR(L4="",K4=""),"",INT(L4-K4+1)) -> 45 | N4: =IFERROR(J4/M4,"-") -> 22.888889 | O4: =IFERROR(SUMIF($S$2:$AR$2,"<="&$D$1,S4:BL4)/J4,"-") -> 0.24854369 | P4: =SUMIF($S$2:$AR$2,"<="&$D$1,S4:AR4) -> 256 | Q4: =J4-P4 -> 774 | R4: =SUM(S4:XFD4) -> 256 | S4: 0 | T4: 0 | X4: 1.5 | Y4: 3.5 | Z4: 4 | AA4: 4 | AB4: 4 | AC4: 4 | AD4: 3 | AE4: 2 | AH4: 20 | AI4: 20 | AJ4: 20 | AK4: 20 | AL4: 40 | AM4: 40 | AN4: 30 | AO4: 20 | AP4: 10 | AQ4: 10
B5: Site Initials | C5: 2 | D5: Boundry Coordinate capturing | E5: 45700 | F5: 45709 | G5: 45700 | H5: 45709 | I5: Lot. | J5: 1 | N5: =IFERROR(J5/M5,"-") -> - | O5: =IFERROR(SUMIF($S$2:$AR$2,"<="&$D$1,S5:BL5)/J5,"-") -> 1 | P5: =SUMIF($S$2:$AR$2,"<="&$D$1,S5:AR5) -> 1 | Q5: =J5-P5 -> 0 | R5: =SUM(S5:XFD5) -> 1 | S5: 1
C6: 3 | D6: Topo Survey | E6: 45711 | F6: 45730 | G6: 45711 | H6: 45730 | I6: Lot. | J6: 1 | M6: =IF(OR(L6="",K6=""),"",INT(L6-K6+1)) | N6: =IFERROR(J6/M6,"-") -> - | O6: =IFERROR(SUMIF($S$2:$AR$2,"<="&$D$1,S6:BL6)/J6,"-") -> 1 | P6: =SUMIF($S$2:$AR$2,"<="&$D$1,S6:AR6) -> 1 | Q6: =J6-P6 -> 0 | R6: =SUM(S6:XFD6) -> 1 | S6: 1
C7: 4 | D7: Soil Investigation | E7: 45703 | F7: 45762 | G7: 45703 | H7: 45775 | I7: Nos. | J7: 79 | K7: 45711 | M7: =IF(OR(L7="",K7=""),"",INT(L7-K7+1)) | N7: =IFERROR(J7/M7,"-") -> - | O7: =IFERROR(SUMIF($S$2:$AR$2,"<="&$D$1,S7:BL7)/J7,"-") -> 0.94936709 | P7: =SUMIF($S$2:$AR$2,"<="&$D$1,S7:AR7) -> 75 | Q7: =J7-P7 -> 4 | R7: =SUM(S7:XFD7) -> 75 | S7: 52 | T7: 2 | U7: 2 | V7: 2 | W7: 2 | X7: 2 | Y7: 1 | Z7: 1 | AA7: 1 | AB7: 1 | AC7: 1 | AD7: 1 | AF7: 1 | AG7: 1 | AJ7: 1 | AK7: 1 | AL7: 1 | AM7: 1 | AN7: 1
C8: 5 | D8: ERT Test | E8: 45749 | F8: 45760 | G8: 45753 | H8: 45774 | I8: Lot. | J8: 36 | K8: 45711 | L8: 45727 | M8: =IF(OR(L8="",K8=""),"",INT(L8-K8+1)) -> 17 | N8: =IFERROR(J8/M8,"-") -> 2.1176471 | O8: =IFERROR(SUMIF($S$2:$AR$2,"<="&$D$1,S8:BL8)/J8,"-") -> 1 | P8: =SUMIF($S$2:$AR$2,"<="&$D$1,S8:AR8) -> 36 | Q8: =J8-P8 -> 0 | R8: =SUM(S8:XFD8) -> 36 | S8: 0 | T8: 0 | W8: 4 | X8: 8 | Y8: 8 | Z8: 10 | AA8: 6
C9: 6 | D9: Test Pile Casting | E9: 45759 | F9: 45773 | G9: 45759 | H9: 45773 | I9: Lot. | J9: 236 | M9: =IF(OR(L9="",K9=""),"",INT(L9-K9+1)) | N9: =IFERROR(J9/M9,"-") -> - | O9: =IFERROR(SUMIF($S$2:$AR$2,"<="&$D$1,S9:BL9)/J9,"-") -> 0 | P9: =SUMIF($S$2:$AR$2,"<="&$D$1,S9:AR9) -> 0 | Q9: =J9-P9 -> 236 | R9: =SUM(S9:XFD9) -> 0 | S9: 0 | T9: 0
C10: 7 | D10: Pull Out Test | E10: 45762 | F10: 45801 | G10: 45762 | H10: 45801 | I10: Lot. | J10: 236 | M10: =IF(OR(L10="",K10=""),"",INT(L10-K10+1)) | N10: =IFERROR(J10/M10,"-") -> - | O10: =IFERROR(SUMIF($S$2:$AR$2,"<="&$D$1,S10:BL10)/J10,"-") -> 0 | P10: =SUMIF($S$2:$AR$2,"<="&$D$1,S10:AR10) -> 0 | Q10: =J10-P10 -> 236 | R10: =SUM(S10:XFD10) -> 0 | S10: 0 | T10: 0
B11: Array Yard Civil Works | C11: 8 | D11: Pile Marking | I11: Nos | M11: =IF(OR(L11="",K11=""),"",INT(L11-K11+1)) | N11: =IFERROR(J11/M11,"-") -> - | O11: =IFERROR(SUMIF($S$2:$AR$2,"<="&$D$1,S11:BL11)/J11,"-") -> - | P11: =SUMIF($S$2:$AR$2,"<="&$D$1,S11:AR11) -> 0 | Q11: =J11-P11 -> 0 | R11: =SUM(S11:XFD11) -> 0
C12: 9 | D12: Pile -Drilling | I12: Nos | M12: =IF(OR(L12="",K12=""),"",INT(L12-K12+1)) | N12: =IFERROR(J12/M12,"-") -> - | O12: =IFERROR(SUMIF($S$2:$AR$2,"<="&$D$1,S12:BL12)/J12,"-") -> - | P12: =SUMIF($S$2:$AR$2,"<="&$D$1,S12:BL12) -> 0 | Q12: =J12-P12 -> 0 | R12: =SUM(S12:XFD12) -> 0
C13: 10 | D13: Pile- Casting | I13: Nos | M13: =IF(OR(L13="",K13=""),"",INT(L13-K13+1)) | N13: =IFERROR(J13/M13,"-") -> - | O13: =IFERROR(SUMIF($S$2:$AR$2,"<="&$D$1,S13:BL13)/J13,"-") -> - | P13: =SUMIF($S$2:$AR$2,"<="&$D$1,S13:BL13) -> 0 | Q13: =J13-P13 -> 0 | R13: =SUM(S13:XFD13) -> 0
C14: 11 | D14: Pile-Capping | I14: Nos | M14: =IF(OR(L14="",K14=""),"",INT(L14-K14+1)) | N14: =IFERROR(J14/M14,"-") -> - | O14: =IFERROR(SUMIF($S$2:$AR$2,"<="&$D$1,S14:BL14)/J14,"-") -> - | P14: =SUMIF($S$2:$AR$2,"<="&$D$1,S14:AR14) -> 0 | Q14: =J14-P14 -> 0 | R14: =SUM(S14:XFD14) -> 0
B15: ICR Civil Works | C15: 12 | D15: HT Panel Marking & Excavation | I15: Nos | M15: =IF(OR(L15="",K15=""),"",INT(L15-K15+1)) | N15: =IFERROR(J15/M15,"-") -> - | O15: =IFERROR(SUMIF($S$2:$AR$2,"<="&$D$1,S15:BL15)/J15,"-") -> - | P15: =SUMIF($S$2:$AR$2,"<="&$D$1,S15:AR15) -> 0 | Q15: =J15-P15 -> 0 | R15: =SUM(S15:XFD15) -> 0
C16: 13 | D16: PCC | I16: Nos | M16: =IF(OR(L16="",K16=""),"",INT(L16-K16+1)) | N16: =IFERROR(J16/M16,"-") -> - | O16: =IFERROR(SUMIF($S$2:$AR$2,"<="&$D$1,S16:BL16)/J16,"-") -> - | P16: =SUMIF($S$2:$AR$2,"<="&$D$1,S16:AR16) -> 0 | Q16: =J16-P16 -> 0 | R16: =SUM(S16:XFD16) -> 0
C17: 14 | D17: Footing Casting | I17: Nos | M17: =IF(OR(L17="",K17=""),"",INT(L17-K17+1)) | N17: =IFERROR(J17/M17,"-") -> - | O17: =IFERROR(SUMIF($S$2:$AR$2,"<="&$D$1,S17:BL17)/J17,"-") -> - | P17: =SUMIF($S$2:$AR$2,"<="&$D$1,S17:AR17) -> 0 | Q17: =J17-P17 -> 0 | R17: =SUM(S17:XFD17) -> 0
C18: 15 | D18: Pedestal Casting | I18: Nos | M18: =IF(OR(L18="",K18=""),"",INT(L18-K18+1)) | N18: =IFERROR(J18/M18,"-") -> - | O18: =IFERROR(SUMIF($S$2:$AR$2,"<="&$D$1,S18:BL18)/J18,"-") -> - | P18: =SUMIF($S$2:$AR$2,"<="&$D$1,S18:AR18) -> 0 | Q18: =J18-P18 -> 0 | R18: =SUM(S18:XFD18) -> 0
C19: 16 | D19: Beam Slab Casting | I19: Nos | M19: =IF(OR(L19="",K19=""),"",INT(L19-K19+1)) | N19: =IFERROR(J19/M19,"-") -> - | O19: =IFERROR(SUMIF($S$2:$AR$2,"<="&$D$1,S19:BL19)/J19,"-") -> - | P19: =SUMIF($S$2:$AR$2,"<="&$D$1,S19:AR19) -> 0 | Q19: =J19-P19 -> 0 | R19: =SUM(S19:XFD19) -> 0
C20: 17 | D20: ICR Marking & Excavation | I20: Nos | M20: =IF(OR(L20="",K20=""),"",INT(L20-K20+1)) | N20: =IFERROR(J20/M20,"-") -> - | O20: =IFERROR(SUMIF($S$2:$AR$2,"<="&$D$1,S20:BL20)/J20,"-") -> - | P20: =SUMIF($S$2:$AR$2,"<="&$D$1,S20:AR20) -> 0 | Q20: =J20-P20 -> 0 | R20: =SUM(S20:XFD20) -> 0
C21: 18 | D21: ICR PCC | I21: Nos | M21: =IF(OR(L21="",K21=""),"",INT(L21-K21+1)) | N21: =IFERROR(J21/M21,"-") -> - | O21: =IFERROR(SUMIF($S$2:$AR$2,"<="&$D$1,S21:BL21)/J21,"-") -> - | P21: =SUMIF($S$2:$AR$2,"<="&$D$1,S21:AR21) -> 0 | Q21: =J21-P21 -> 0 | R21: =SUM(S21:XFD21) -> 0
C22: 19 | D22: ICR Footing Casting | I22: Nos | M22: =IF(OR(L22="",K22=""),"",INT(L22-K22+1)) | N22: =IFERROR(J22/M22,"-") -> - | O22: =IFERROR(SUMIF($S$2:$AR$2,"<="&$D$1,S22:BL22)/J22,"-") -> - | P22: =SUMIF($S$2:$AR$2,"<="&$D$1,S22:AR22) -> 0 | Q22: =J22-P22 -> 0 | R22: =SUM(S22:XFD22) -> 0
C23: 20 | D23: ICR Column Casting | I23: Nos | M23: =IF(OR(L23="",K23=""),"",INT(L23-K23+1)) | N23: =IFERROR(J23/M23,"-") -> - | O23: =IFERROR(SUMIF($S$2:$AR$2,"<="&$D$1,S23:BL23)/J23,"-") -> - | P23: =SUMIF($S$2:$AR$2,"<="&$D$1,S23:AR23) -> 0 | Q23: =J23-P23 -> 0 | R23: =SUM(S23:XFD23) -> 0
C24: 21 | D24: ICR Beam Slab Casting | I24: Nos | M24: =IF(OR(L24="",K24=""),"",INT(L24-K24+1)) | N24: =IFERROR(J24/M24,"-") -> - | O24: =IFERROR(SUMIF($S$2:$AR$2,"<="&$D$1,S24:BL24)/J24,"-") -> - | P24: =SUMIF($S$2:$AR$2,"<="&$D$1,S24:AR24) -> 0 | Q24: =J24-P24 -> 0 | R24: =SUM(S24:XFD24) -> 0
C25: 22 | D25: PEB Structure Installation | I25: Nos | M25: =IF(OR(L25="",K25=""),"",INT(L25-K25+1)) | N25: =IFERROR(J25/M25,"-") -> - | O25: =IFERROR(SUMIF($S$2:$AR$2,"<="&$D$1,S25:BL25)/J25,"-") -> - | P25: =SUMIF($S$2:$AR$2,"<="&$D$1,S25:AR25) -> 0 | Q25: =J25-P25 -> 0 | R25: =SUM(S25:XFD25) -> 0
C26: 23 | D26: Transformer Marking & Excavation | I26: Nos | M26: =IF(OR(L26="",K26=""),"",INT(L26-K26+1)) | N26: =IFERROR(J26/M26,"-") -> - | O26: =IFERROR(SUMIF($S$2:$AR$2,"<="&$D$1,S26:BL26)/J26,"-") -> - | P26: =SUMIF($S$2:$AR$2,"<="&$D$1,S26:AR26) -> 0 | Q26: =J26-P26 -> 0 | R26: =SUM(S26:XFD26) -> 0
C27: 24 | D27: Transformer PCC | I27: Nos | M27: =IF(OR(L27="",K27=""),"",INT(L27-K27+1)) | N27: =IFERROR(J27/M27,"-") -> - | O27: =IFERROR(SUMIF($S$2:$AR$2,"<="&$D$1,S27:BL27)/J27,"-") -> - | P27: =SUMIF($S$2:$AR$2,"<="&$D$1,S27:AR27) -> 0 | Q27: =J27-P27 -> 0 | R27: =SUM(S27:XFD27) -> 0
... C32: 29 | D32: Transformer Fencing | I32: Nos | M32: =IF(OR(L32="",K32=""),"",INT(L32-K32+1)) | N32: =IFERROR(J32/M32,"-") -> - | O32: =IFERROR(SUMIF($S$2:$AR$2,"<="&$D$1,S32:BL32)/J32,"-") -> - | P32: =SUMIF($S$2:$AR$2,"<="&$D$1,S32:AR32) -> 0 | Q32: =J32-P32 -> 0 | R32: =SUM(S32:XFD32) -> 0
B33: MCR Civil Works | C33: 30 | D33: MCR Excavation | I33: Nos | M33: =IF(OR(L33="",K33=""),"",INT(L33-K33+1)) | N33: =IFERROR(J33/M33,"-") -> - | O33: =IFERROR(SUMIF($S$2:$AR$2,"<="&$D$1,S33:BL33)/J33,"-") -> - | P33: =SUMIF($S$2:$AR$2,"<="&$D$1,S33:AR33) -> 0 | Q33: =J33-P33 -> 0 | R33: =SUM(S33:XFD33) -> 0
C34: 31 | D34: MCR Footing PCC | I34: Nos | M34: =IF(OR(L34="",K34=""),"",INT(L34-K34+1)) | N34: =IFERROR(J34/M34,"-") -> - | O34: =IFERROR(SUMIF($S$2:$AR$2,"<="&$D$1,S34:BL34)/J34,"-") -> - | P34: =SUMIF($S$2:$AR$2,"<="&$D$1,S34:AR34) -> 0 | Q34: =J34-P34 -> 0 | R34: =SUM(S34:XFD34) -> 0
C35: 32 | D35: MCR Footing | I35: Nos | M35: =IF(OR(L35="",K35=""),"",INT(L35-K35+1)) | N35: =IFERROR(J35/M35,"-") -> - | O35: =IFERROR(SUMIF($S$2:$AR$2,"<="&$D$1,S35:BL35)/J35,"-") -> - | P35: =SUMIF($S$2:$AR$2,"<="&$D$1,S35:AR35) -> 0 | Q35: =J35-P35 -> 0 | R35: =SUM(S35:XFD35) -> 0
C36: 33 | D36: MCR Column upto Plinth Beam | I36: Nos | M36: =IF(OR(L36="",K36=""),"",INT(L36-K36+1)) | N36: =IFERROR(J36/M36,"-") -> - | O36: =IFERROR(SUMIF($S$2:$AR$2,"<="&$D$1,S36:BL36)/J36,"-") -> - | P36: =SUMIF($S$2:$AR$2,"<="&$D$1,S36:AR36) -> 0 | Q36: =J36-P36 -> 0 | R36: =SUM(S36:XFD36) -> 0
C37: 34 | D37: Plinth Beam | I37: Lot | M37: =IF(OR(L37="",K37=""),"",INT(L37-K37+1)) | N37: =IFERROR(J37/M37,"-") -> - | O37: =IFERROR(SUMIF($S$2:$AR$2,"<="&$D$1,S37:BL37)/J37,"-") -> - | P37: =SUMIF($S$2:$AR$2,"<="&$D$1,S37:AR37) -> 0 | Q37: =J37-P37 -> 0 | R37: =SUM(S37:XFD37) -> 0
C38: 35 | D38: Cable Trench | I38: Lot | M38: =IF(OR(L38="",K38=""),"",INT(L38-K38+1)) | N38: =IFERROR(J38/M38,"-") -> - | O38: =IFERROR(SUMIF($S$2:$AR$2,"<="&$D$1,S38:BL38)/J38,"-") -> - | P38: =SUMIF($S$2:$AR$2,"<="&$D$1,S38:AR38) -> 0 | Q38: =J38-P38 -> 0 | R38: =SUM(S38:XFD38) -> 0
C39: 36 | D39: Column 1st Lift | I39: Nos | M39: =IF(OR(L39="",K39=""),"",INT(L39-K39+1)) | N39: =IFERROR(J39/M39,"-") -> - | O39: =IFERROR(SUMIF($S$2:$AR$2,"<="&$D$1,S39:BL39)/J39,"-") -> - | P39: =SUMIF($S$2:$AR$2,"<="&$D$1,S39:AR39) -> 0 | Q39: =J39-P39 -> 0 | R39: =SUM(S39:XFD39) -> 0
C40: 37 | D40: Column 2nd Lift | I40: Nos | M40: =IF(OR(L40="",K40=""),"",INT(L40-K40+1)) | N40: =IFERROR(J40/M40,"-") -> - | O40: =IFERROR(SUMIF($S$2:$AR$2,"<="&$D$1,S40:BL40)/J40,"-") -> - | P40: =SUMIF($S$2:$AR$2,"<="&$D$1,S40:AR40) -> 0 | Q40: =J40-P40 -> 0 | R40: =SUM(S40:XFD40) -> 0
C41: 38 | D41: Lintel Beams | I41: Lot | M41: =IF(OR(L41="",K41=""),"",INT(L41-K41+1)) | N41: =IFERROR(J41/M41,"-") -> - | O41: =IFERROR(SUMIF($S$2:$AR$2,"<="&$D$1,S41:BL41)/J41,"-") -> - | P41: =SUMIF($S$2:$AR$2,"<="&$D$1,S41:AR41) -> 0 | Q41: =J41-P41 -> 0 | R41: =SUM(S41:XFD41) -> 0
C42: 39 | D42: Roof Beam | I42: Lot | M42: =IF(OR(L42="",K42=""),"",INT(L42-K42+1)) | N42: =IFERROR(J42/M42,"-") -> - | O42: =IFERROR(SUMIF($S$2:$AR$2,"<="&$D$1,S42:BL42)/J42,"-") -> - | P42: =SUMIF($S$2:$AR$2,"<="&$D$1,S42:AR42) -> 0 | Q42: =J42-P42 -> 0 | R42: =SUM(S42:XFD42) -> 0
C43: 40 | D43: Slab | I43: Lot | M43: =IF(OR(L43="",K43=""),"",INT(L43-K43+1)) | N43: =IFERROR(J43/M43,"-") -> - | O43: =IFERROR(SUMIF($S$2:$AR$2,"<="&$D$1,S43:BL43)/J43,"-") -> - | P43: =SUMIF($S$2:$AR$2,"<="&$D$1,S43:AR43) -> 0 | Q43: =J43-P43 -> 0 | R43: =SUM(S43:XFD43) -> 0
C44: 41 | D44: Brick Works | I44: Lot | M44: =IF(OR(L44="",K44=""),"",INT(L44-K44+1)) | N44: =IFERROR(J44/M44,"-") -> - | O44: =IFERROR(SUMIF($S$2:$AR$2,"<="&$D$1,S44:BL44)/J44,"-") -> - | P44: =SUMIF($S$2:$AR$2,"<="&$D$1,S44:AR44) -> 0 | Q44: =J44-P44 -> 0 | R44: =SUM(S44:XFD44) -> 0
C45: 42 | D45: Internal Plastering | I45: Lot | M45: =IF(OR(L45="",K45=""),"",INT(L45-K45+1)) | N45: =IFERROR(J45/M45,"-") -> - | O45: =IFERROR(SUMIF($S$2:$AR$2,"<="&$D$1,S45:BL45)/J45,"-") -> - | P45: =SUMIF($S$2:$AR$2,"<="&$D$1,S45:AR45) -> 0 | Q45: =J45-P45 -> 0 | R45: =SUM(S45:XFD45) -> 0
... C50: 47 | D50: MCR Finishing Works | I50: Lot | M50: =IF(OR(L50="",K50=""),"",INT(L50-K50+1)) | N50: =IFERROR(J50/M50,"-") -> - | O50: =IFERROR(SUMIF($S$2:$AR$2,"<="&$D$1,S50:BL50)/J50,"-") -> - | P50: =SUMIF($S$2:$AR$2,"<="&$D$1,S50:AR50) -> 0 | Q50: =J50-P50 -> 0 | R50: =SUM(S50:XFD50) -> 0
B51: Allied Civil Works | C51: 48 | D51: Asphalt Road-Marking & Excavation | I51: Mtrs | M51: =IF(OR(L51="",K51=""),"",INT(L51-K51+1)) | N51: =IFERROR(J51/M51,"-") -> - | O51: =IFERROR(SUMIF($S$2:$AR$2,"<="&$D$1,S51:BL51)/J51,"-") -> - | P51: =SUMIF($S$2:$AR$2,"<="&$D$1,S51:AR51) -> 0 | Q51: =J51-P51 -> 0 | R51: =SUM(S51:XFD51) -> 0
C52: 49 | D52: Asphalt Road-GSB Filling | I52: Mtrs | M52: =IF(OR(L52="",K52=""),"",INT(L52-K52+1)) | N52: =IFERROR(J52/M52,"-") -> - | O52: =IFERROR(SUMIF($S$2:$AR$2,"<="&$D$1,S52:BL52)/J52,"-") -> - | P52: =SUMIF($S$2:$AR$2,"<="&$D$1,S52:AR52) -> 0 | Q52: =J52-P52 -> 0 | R52: =SUM(S52:XFD52) -> 0
C53: 50 | D53: Asphalt Road-WBM Layer-1 | I53: Mtrs | M53: =IF(OR(L53="",K53=""),"",INT(L53-K53+1)) | N53: =IFERROR(J53/M53,"-") -> - | O53: =IFERROR(SUMIF($S$2:$AR$2,"<="&$D$1,S53:BL53)/J53,"-") -> - | P53: =SUMIF($S$2:$AR$2,"<="&$D$1,S53:AR53) -> 0 | Q53: =J53-P53 -> 0 | R53: =SUM(S53:XFD53) -> 0
C54: 51 | D54: Asphalt Road-WBM Layer-2 | I54: Mtrs | M54: =IF(OR(L54="",K54=""),"",INT(L54-K54+1)) | N54: =IFERROR(J54/M54,"-") -> - | O54: =IFERROR(SUMIF($S$2:$AR$2,"<="&$D$1,S54:BL54)/J54,"-") -> - | P54: =SUMIF($S$2:$AR$2,"<="&$D$1,S54:AR54) -> 0 | Q54: =J54-P54 -> 0 | R54: =SUM(S54:XFD54) -> 0
C55: 52 | D55: Ashpalt Laying | I55: Mtrs | M55: =IF(OR(L55="",K55=""),"",INT(L55-K55+1)) | N55: =IFERROR(J55/M55,"-") -> - | O55: =IFERROR(SUMIF($S$2:$AR$2,"<="&$D$1,S55:BL55)/J55,"-") -> - | P55: =SUMIF($S$2:$AR$2,"<="&$D$1,S55:AR55) -> 0 | Q55: =J55-P55 -> 0 | R55: =SUM(S55:XFD55) -> 0
C56: 53 | D56: Road-Marking & Excavation | I56: Mtrs | M56: =IF(OR(L56="",K56=""),"",INT(L56-K56+1)) | N56: =IFERROR(J56/M56,"-") -> - | O56: =IFERROR(SUMIF($S$2:$AR$2,"<="&$D$1,S56:BL56)/J56,"-") -> - | P56: =SUMIF($S$2:$AR$2,"<="&$D$1,S56:AR56) -> 0 | Q56: =J56-P56 -> 0 | R56: =SUM(S56:XFD56) -> 0
C57: 54 | D57: Road-GSB Filling | I57: Mtrs | M57: =IF(OR(L57="",K57=""),"",INT(L57-K57+1)) | N57: =IFERROR(J57/M57,"-") -> - | O57: =IFERROR(SUMIF($S$2:$AR$2,"<="&$D$1,S57:BL57)/J57,"-") -> - | P57: =SUMIF($S$2:$AR$2,"<="&$D$1,S57:AR57) -> 0 | Q57: =J57-P57 -> 0 | R57: =SUM(S57:XFD57) -> 0
C58: 55 | D58: Road-WBM Layer-1 | I58: Mtrs | M58: =IF(OR(L58="",K58=""),"",INT(L58-K58+1)) | N58: =IFERROR(J58/M58,"-") -> - | O58: =IFERROR(SUMIF($S$2:$AR$2,"<="&$D$1,S58:BL58)/J58,"-") -> - | P58: =SUMIF($S$2:$AR$2,"<="&$D$1,S58:AR58) -> 0 | Q58: =J58-P58 -> 0 | R58: =SUM(S58:XFD58) -> 0
C59: 56 | D59: Road-WBM Layer-2 | I59: Mtrs | M59: =IF(OR(L59="",K59=""),"",INT(L59-K59+1)) | N59: =IFERROR(J59/M59,"-") -> - | O59: =IFERROR(SUMIF($S$2:$AR$2,"<="&$D$1,S59:BL59)/J59,"-") -> - | P59: =SUMIF($S$2:$AR$2,"<="&$D$1,S59:AR59) -> 0 | Q59: =J59-P59 -> 0 | R59: =SUM(S59:XFD59) -> 0
C60: 57 | D60: Periphary Road-Marking and Grading | I60: Mtrs | M60: =IF(OR(L60="",K60=""),"",INT(L60-K60+1)) | N60: =IFERROR(J60/M60,"-") -> - | O60: =IFERROR(SUMIF($S$2:$AR$2,"<="&$D$1,S60:BL60)/J60,"-") -> - | P60: =SUMIF($S$2:$AR$2,"<="&$D$1,S60:AR60) -> 0 | Q60: =J60-P60 -> 0 | R60: =SUM(S60:XFD60) -> 0
C61: 58 | D61: Periphary Road-Compaction | I61: Mtrs | M61: =IF(OR(L61="",K61=""),"",INT(L61-K61+1)) | N61: =IFERROR(J61/M61,"-") -> - | O61: =IFERROR(SUMIF($S$2:$AR$2,"<="&$D$1,S61:BL61)/J61,"-") -> - | P61: =SUMIF($S$2:$AR$2,"<="&$D$1,S61:AR61) -> 0 | Q61: =J61-P61 -> 0 | R61: =SUM(S61:XFD61) -> 0
C62: 59 | D62: Precast Boundary-Marking & Drilling | I62: Mtrs | M62: =IF(OR(L62="",K62=""),"",INT(L62-K62+1)) | N62: =IFERROR(J62/M62,"-") -> - | O62: =IFERROR(SUMIF($S$2:$AR$2,"<="&$D$1,S62:BL62)/J62,"-") -> - | P62: =SUMIF($S$2:$AR$2,"<="&$D$1,S62:AR62) -> 0 | Q62: =J62-P62 -> 0 | R62: =SUM(S62:XFD62) -> 0
C63: 60 | D63: Precast Boundary-Pole Casting | I63: Mtrs | M63: =IF(OR(L63="",K63=""),"",INT(L63-K63+1)) | N63: =IFERROR(J63/M63,"-") -> - | O63: =IFERROR(SUMIF($S$2:$AR$2,"<="&$D$1,S63:BL63)/J63,"-") -> - | P63: =SUMIF($S$2:$AR$2,"<="&$D$1,S63:AR63) -> 0 | Q63: =J63-P63 -> 0 | R63: =SUM(S63:XFD63) -> 0
... C72: 69 | D72: Drain Finishing | I72: Mtrs | M72: =IF(OR(L72="",K72=""),"",INT(L72-K72+1)) | N72: =IFERROR(J72/M72,"-") -> - | O72: =IFERROR(SUMIF($S$2:$AR$2,"<="&$D$1,S72:BL72)/J72,"-") -> - | P72: =SUMIF($S$2:$AR$2,"<="&$D$1,S72:AR72) -> 0 | Q72: =J72-P72 -> 0 | R72: =SUM(S72:XFD72) -> 0
B73: DC System Works | C73: 70 | D73: Excavation For DC/Earthing Trenches Module Mounting Structures | I73: Nos | M73: =IF(OR(L73="",K73=""),"",INT(L73-K73+1)) | N73: =IFERROR(J73/M73,"-") -> - | O73: =IFERROR(SUMIF($S$2:$AR$2,"<="&$D$1,S73:BL73)/J73,"-") -> - | P73: =SUMIF($S$2:$AR$2,"<="&$D$1,S73:AR73) -> 0 | Q73: =J73-P73 -> 0 | R73: =SUM(S73:XFD73) -> 0
C74: 71 | D74: DC Cable Laying | I74: Nos | M74: =IF(OR(L74="",K74=""),"",INT(L74-K74+1)) | N74: =IFERROR(J74/M74,"-") -> - | O74: =IFERROR(SUMIF($S$2:$AR$2,"<="&$D$1,S74:BL74)/J74,"-") -> - | P74: =SUMIF($S$2:$AR$2,"<="&$D$1,S74:AR74) -> 0 | Q74: =J74-P74 -> 0 | R74: =SUM(S74:XFD74) -> 0
C75: 72 | D75: Module Mounting Structures | I75: Nos | M75: =IF(OR(L75="",K75=""),"",INT(L75-K75+1)) | N75: =IFERROR(J75/M75,"-") -> - | O75: =IFERROR(SUMIF($S$2:$AR$2,"<="&$D$1,S75:BL75)/J75,"-") -> - | P75: =SUMIF($S$2:$AR$2,"<="&$D$1,S75:AR75) -> 0 | Q75: =J75-P75 -> 0 | R75: =SUM(S75:XFD75) -> 0
C76: 73 | D76: PV Modules | I76: Nos | M76: =IF(OR(L76="",K76=""),"",INT(L76-K76+1)) | N76: =IFERROR(J76/M76,"-") -> - | O76: =IFERROR(SUMIF($S$2:$AR$2,"<="&$D$1,S76:BL76)/J76,"-") -> - | P76: =SUMIF($S$2:$AR$2,"<="&$D$1,S76:AR76) -> 0 | Q76: =J76-P76 -> 0 | R76: =SUM(S76:XFD76) -> 0
C77: 74 | D77: PVM Cables (Interconnection after module installation) | I77: Km | M77: =IF(OR(L77="",K77=""),"",INT(L77-K77+1)) | N77: =IFERROR(J77/M77,"-") -> - | O77: =IFERROR(SUMIF($S$2:$AR$2,"<="&$D$1,S77:BL77)/J77,"-") -> - | P77: =SUMIF($S$2:$AR$2,"<="&$D$1,S77:AR77) -> 0 | Q77: =J77-P77 -> 0 | R77: =SUM(S77:XFD77) -> 0
C78: 75 | D78: Solar cable laying (6 Sq.mm) | I78: Km | M78: =IF(OR(L78="",K78=""),"",INT(L78-K78+1)) | N78: =IFERROR(J78/M78,"-") -> - | O78: =IFERROR(SUMIF($S$2:$AR$2,"<="&$D$1,S78:BL78)/J78,"-") -> - | P78: =SUMIF($S$2:$AR$2,"<="&$D$1,S78:AR78) -> 0 | Q78: =J78-P78 -> 0 | R78: =SUM(S78:XFD78) -> 0
C79: 76 | D79: SCB - Mounting Structure | I79: Nos | M79: =IF(OR(L79="",K79=""),"",INT(L79-K79+1)) | N79: =IFERROR(J79/M79,"-") -> - | O79: =IFERROR(SUMIF($S$2:$AR$2,"<="&$D$1,S79:BL79)/J79,"-") -> - | P79: =SUMIF($S$2:$AR$2,"<="&$D$1,S79:AR79) -> 0 | Q79: =J79-P79 -> 0 | R79: =SUM(S79:XFD79) -> 0
C80: 77 | D80: Array yard Earthing | I80: Nos | M80: =IF(OR(L80="",K80=""),"",INT(L80-K80+1)) | N80: =IFERROR(J80/M80,"-") -> - | O80: =IFERROR(SUMIF($S$2:$AR$2,"<="&$D$1,S80:BL80)/J80,"-") -> - | P80: =SUMIF($S$2:$AR$2,"<="&$D$1,S80:AR80) -> 0 | Q80: =J80-P80 -> 0 | R80: =SUM(S80:XFD80) -> 0
C81: 78 | D81: Earth pit installation | I81: Nos | M81: =IF(OR(L81="",K81=""),"",INT(L81-K81+1)) | N81: =IFERROR(J81/M81,"-") -> - | O81: =IFERROR(SUMIF($S$2:$AR$2,"<="&$D$1,S81:BL81)/J81,"-") -> - | P81: =SUMIF($S$2:$AR$2,"<="&$D$1,S81:AR81) -> 0 | Q81: =J81-P81 -> 0 | R81: =SUM(S81:XFD81) -> 0
C82: 79 | D82: SCB Installation | I82: Nos | M82: =IF(OR(L82="",K82=""),"",INT(L82-K82+1)) | N82: =IFERROR(J82/M82,"-") -> - | O82: =IFERROR(SUMIF($S$2:$AR$2,"<="&$D$1,S82:BL82)/J82,"-") -> - | P82: =SUMIF($S$2:$AR$2,"<="&$D$1,S82:AR82) -> 0 | Q82: =J82-P82 -> 0 | R82: =SUM(S82:XFD82) -> 0
B83: ICR Electrical Works | C83: 80 | D83: Inverter Erection | I83: Nos | M83: =IF(OR(L83="",K83=""),"",INT(L83-K83+1)) | N83: =IFERROR(J83/M83,"-") -> - | O83: =IFERROR(SUMIF($S$2:$AR$2,"<="&$D$1,S83:BL83)/J83,"-") -> - | P83: =SUMIF($S$2:$AR$2,"<="&$D$1,S83:AR83) -> 0 | Q83: =J83-P83 -> 0 | R83: =SUM(S83:XFD83) -> 0
C84: 81 | D84: ICOG/RMU Panel Erection | I84: Nos | M84: =IF(OR(L84="",K84=""),"",INT(L84-K84+1)) | N84: =IFERROR(J84/M84,"-") -> - | O84: =IFERROR(SUMIF($S$2:$AR$2,"<="&$D$1,S84:BL84)/J84,"-") -> - | P84: =SUMIF($S$2:$AR$2,"<="&$D$1,S84:AR84) -> 0 | Q84: =J84-P84 -> 0 | R84: =SUM(S84:XFD84) -> 0
C85: 82 | D85: Inverter Duty Trafo. Erection | I85: Nos | M85: =IF(OR(L85="",K85=""),"",INT(L85-K85+1)) | N85: =IFERROR(J85/M85,"-") -> - | O85: =IFERROR(SUMIF($S$2:$AR$2,"<="&$D$1,S85:BL85)/J85,"-") -> - | P85: =SUMIF($S$2:$AR$2,"<="&$D$1,S85:AR85) -> 0 | Q85: =J85-P85 -> 0 | R85: =SUM(S85:XFD85) -> 0
C86: 83 | D86: Aux Trafo Erection | I86: Nos | M86: =IF(OR(L86="",K86=""),"",INT(L86-K86+1)) | N86: =IFERROR(J86/M86,"-") -> - | O86: =IFERROR(SUMIF($S$2:$AR$2,"<="&$D$1,S86:BL86)/J86,"-") -> - | P86: =SUMIF($S$2:$AR$2,"<="&$D$1,S86:AR86) -> 0 | Q86: =J86-P86 -> 0 | R86: =SUM(S86:XFD86) -> 0
C87: 84 | D87: UPS & Battery Bank Erection | I87: Nos | M87: =IF(OR(L87="",K87=""),"",INT(L87-K87+1)) | N87: =IFERROR(J87/M87,"-") -> - | O87: =IFERROR(SUMIF($S$2:$AR$2,"<="&$D$1,S87:BL87)/J87,"-") -> - | P87: =SUMIF($S$2:$AR$2,"<="&$D$1,S87:AR87) -> 0 | Q87: =J87-P87 -> 0 | R87: =SUM(S87:XFD87) -> 0
C88: 85 | D88: UPS +LDB'S Erection | I88: Nos | M88: =IF(OR(L88="",K88=""),"",INT(L88-K88+1)) | N88: =IFERROR(J88/M88,"-") -> - | O88: =IFERROR(SUMIF($S$2:$AR$2,"<="&$D$1,S88:BL88)/J88,"-") -> - | P88: =SUMIF($S$2:$AR$2,"<="&$D$1,S88:AR88) -> 0 | Q88: =J88-P88 -> 0 | R88: =SUM(S88:XFD88) -> 0
C89: 86 | D89: Scada panel's Erection | I89: Nos | M89: =IF(OR(L89="",K89=""),"",INT(L89-K89+1)) | N89: =IFERROR(J89/M89,"-") -> - | O89: =IFERROR(SUMIF($S$2:$AR$2,"<="&$D$1,S89:BL89)/J89,"-") -> - | P89: =SUMIF($S$2:$AR$2,"<="&$D$1,S89:AR89) -> 0 | Q89: =J89-P89 -> 0 | R89: =SUM(S89:XFD89) -> 0
C90: 87 | D90: Tray Works | I90: Nos | M90: =IF(OR(L90="",K90=""),"",INT(L90-K90+1)) | N90: =IFERROR(J90/M90,"-") -> - | O90: =IFERROR(SUMIF($S$2:$AR$2,"<="&$D$1,S90:BL90)/J90,"-") -> - | P90: =SUMIF($S$2:$AR$2,"<="&$D$1,S90:AR90) -> 0 | Q90: =J90-P90 -> 0 | R90: =SUM(S90:XFD90) -> 0
C91: 88 | D91: AC Cable-Inv to Trafo. | I91: Nos | M91: =IF(OR(L91="",K91=""),"",INT(L91-K91+1)) | N91: =IFERROR(J91/M91,"-") -> - | O91: =IFERROR(SUMIF($S$2:$AR$2,"<="&$D$1,S91:BL91)/J91,"-") -> - | P91: =SUMIF($S$2:$AR$2,"<="&$D$1,S91:AR91) -> 0 | Q91: =J91-P91 -> 0 | R91: =SUM(S91:XFD91) -> 0
C92: 89 | D92: Control & Aux Cable Laying | I92: Nos | M92: =IF(OR(L92="",K92=""),"",INT(L92-K92+1)) | N92: =IFERROR(J92/M92,"-") -> - | O92: =IFERROR(SUMIF($S$2:$AR$2,"<="&$D$1,S92:BL92)/J92,"-") -> - | P92: =SUMIF($S$2:$AR$2,"<="&$D$1,S92:AR92) -> 0 | Q92: =J92-P92 -> 0 | R92: =SUM(S92:XFD92) -> 0
C93: 90 | D93: Equipment Earthing | I93: Nos | M93: =IF(OR(L93="",K93=""),"",INT(L93-K93+1)) | N93: =IFERROR(J93/M93,"-") -> - | O93: =IFERROR(SUMIF($S$2:$AR$2,"<="&$D$1,S93:BL93)/J93,"-") -> - | P93: =SUMIF($S$2:$AR$2,"<="&$D$1,S93:AR93) -> 0 | Q93: =J93-P93 -> 0 | R93: =SUM(S93:XFD93) -> 0
C94: 91 | D94: Grid Earthing | I94: Nos | M94: =IF(OR(L94="",K94=""),"",INT(L94-K94+1)) | N94: =IFERROR(J94/M94,"-") -> - | O94: =IFERROR(SUMIF($S$2:$AR$2,"<="&$D$1,S94:BL94)/J94,"-") -> - | P94: =SUMIF($S$2:$AR$2,"<="&$D$1,S94:AR94) -> 0 | Q94: =J94-P94 -> 0 | R94: =SUM(S94:XFD94) -> 0
C95: 92 | D95: Earth pit installation | I95: Nos | M95: =IF(OR(L95="",K95=""),"",INT(L95-K95+1)) | N95: =IFERROR(J95/M95,"-") -> - | O95: =IFERROR(SUMIF($S$2:$AR$2,"<="&$D$1,S95:BL95)/J95,"-") -> - | P95: =SUMIF($S$2:$AR$2,"<="&$D$1,S95:AR95) -> 0 | Q95: =J95-P95 -> 0 | R95: =SUM(S95:XFD95) -> 0
B96: MCR Electrical Works | C96: 93 | D96: HT Panel installation | I96: Nos | M96: =IF(OR(L96="",K96=""),"",INT(L96-K96+1)) | N96: =IFERROR(J96/M96,"-") -> - | O96: =IFERROR(SUMIF($S$2:$AR$2,"<="&$D$1,S96:BL96)/J96,"-") -> - | P96: =SUMIF($S$2:$AR$2,"<="&$D$1,S96:AR96) -> 0 | Q96: =J96-P96 -> 0 | R96: =SUM(S96:XFD96) -> 0
C97: 94 | D97: Aux. trf installation | I97: Nos | M97: =IF(OR(L97="",K97=""),"",INT(L97-K97+1)) | N97: =IFERROR(J97/M97,"-") -> - | O97: =IFERROR(SUMIF($S$2:$AR$2,"<="&$D$1,S97:BL97)/J97,"-") -> - | P97: =SUMIF($S$2:$AR$2,"<="&$D$1,S97:AR97) -> 0 | Q97: =J97-P97 -> 0 | R97: =SUM(S97:XFD97) -> 0
C98: 95 | D98: DB's installation | I98: Nos | M98: =IF(OR(L98="",K98=""),"",INT(L98-K98+1)) | N98: =IFERROR(J98/M98,"-") -> - | O98: =IFERROR(SUMIF($S$2:$AR$2,"<="&$D$1,S98:BL98)/J98,"-") -> - | P98: =SUMIF($S$2:$AR$2,"<="&$D$1,S98:AR98) -> 0 | Q98: =J98-P98 -> 0 | R98: =SUM(S98:XFD98) -> 0
C99: 96 | D99: UPS, Battery charger, battery bank installaiton | I99: Nos | M99: =IF(OR(L99="",K99=""),"",INT(L99-K99+1)) | N99: =IFERROR(J99/M99,"-") -> - | O99: =IFERROR(SUMIF($S$2:$AR$2,"<="&$D$1,S99:BL99)/J99,"-") -> - | P99: =SUMIF($S$2:$AR$2,"<="&$D$1,S99:AR99) -> 0 | Q99: =J99-P99 -> 0 | R99: =SUM(S99:XFD99) -> 0
C100: 97 | D100: FAS installation | I100: Nos | M100: =IF(OR(L100="",K100=""),"",INT(L100-K100+1)) | N100: =IFERROR(J100/M100,"-") -> - | O100: =IFERROR(SUMIF($S$2:$AR$2,"<="&$D$1,S100:BL100)/J100,"-") -> - | P100: =SUMIF($S$2:$AR$2,"<="&$D$1,S100:AR100) -> 0 | Q100: =J100-P100 -> 0 | R100: =SUM(S100:XFD100) -> 0
C101: 98 | D101: HT cable laying from MCR to Power Trafo | I101: Nos | M101: =IF(OR(L101="",K101=""),"",INT(L101-K101+1)) | N101: =IFERROR(J101/M101,"-") -> - | O101: =IFERROR(SUMIF($S$2:$AR$2,"<="&$D$1,S101:BL101)/J101,"-") -> - | P101: =SUMIF($S$2:$AR$2,"<="&$D$1,S101:AR101) -> 0 | Q101: =J101-P101 -> 0 | R101: =SUM(S101:XFD101) -> 0
C102: 99 | D102: HT cable laying from HT panel to Aux. trf | I102: Nos | M102: =IF(OR(L102="",K102=""),"",INT(L102-K102+1)) | N102: =IFERROR(J102/M102,"-") -> - | O102: =IFERROR(SUMIF($S$2:$AR$2,"<="&$D$1,S102:BL102)/J102,"-") -> - | P102: =SUMIF($S$2:$AR$2,"<="&$D$1,S102:AR102) -> 0 | Q102: =J102-P102 -> 0 | R102: =SUM(S102:XFD102) -> 0
C103: 100 | D103: Aux t/f to LT | I103: Nos | M103: =IF(OR(L103="",K103=""),"",INT(L103-K103+1)) | N103: =IFERROR(J103/M103,"-") -> - | O103: =IFERROR(SUMIF($S$2:$AR$2,"<="&$D$1,S103:BL103)/J103,"-") -> - | P103: =SUMIF($S$2:$AR$2,"<="&$D$1,S103:AR103) -> 0 | Q103: =J103-P103 -> 0 | R103: =SUM(S103:XFD103) -> 0
C104: 101 | D104: SCADA installation | I104: Nos | M104: =IF(OR(L104="",K104=""),"",INT(L104-K104+1)) | N104: =IFERROR(J104/M104,"-") -> - | O104: =IFERROR(SUMIF($S$2:$AR$2,"<="&$D$1,S104:BL104)/J104,"-") -> - | P104: =SUMIF($S$2:$AR$2,"<="&$D$1,S104:AR104) -> 0 | Q104: =J104-P104 -> 0 | R104: =SUM(S104:XFD104) -> 0
C105: 102 | D105: Grid earthing | I105: Nos | M105: =IF(OR(L105="",K105=""),"",INT(L105-K105+1)) | N105: =IFERROR(J105/M105,"-") -> - | O105: =IFERROR(SUMIF($S$2:$AR$2,"<="&$D$1,S105:BL105)/J105,"-") -> - | P105: =SUMIF($S$2:$AR$2,"<="&$D$1,S105:AR105) -> 0 | Q105: =J105-P105 -> 0 | R105: =SUM(S105:XFD105) -> 0
C106: 103 | D106: Tray Works | I106: Nos | M106: =IF(OR(L106="",K106=""),"",INT(L106-K106+1)) | N106: =IFERROR(J106/M106,"-") -> - | O106: =IFERROR(SUMIF($S$2:$AR$2,"<="&$D$1,S106:BL106)/J106,"-") -> - | P106: =SUMIF($S$2:$AR$2,"<="&$D$1,S106:AR106) -> 0 | Q106: =J106-P106 -> 0 | R106: =SUM(S106:XFD106) -> 0
C107: 104 | D107: Earth pit installation | I107: Nos | M107: =IF(OR(L107="",K107=""),"",INT(L107-K107+1)) | N107: =IFERROR(J107/M107,"-") -> - | O107: =IFERROR(SUMIF($S$2:$AR$2,"<="&$D$1,S107:BL107)/J107,"-") -> - | P107: =SUMIF($S$2:$AR$2,"<="&$D$1,S107:AR107) -> 0 | Q107: =J107-P107 -> 0 | R107: =SUM(S107:XFD107) -> 0
C108: 105 | D108: Equipment earthing | I108: Nos | M108: =IF(OR(L108="",K108=""),"",INT(L108-K108+1)) | N108: =IFERROR(J108/M108,"-") -> - | O108: =IFERROR(SUMIF($S$2:$AR$2,"<="&$D$1,S108:BL108)/J108,"-") -> - | P108: =SUMIF($S$2:$AR$2,"<="&$D$1,S108:AR108) -> 0 | Q108: =J108-P108 -> 0 | R108: =SUM(S108:XFD108) -> 0
B109: AC System | C109: 106 | D109: HT Trench Marking & Excavation | I109: km | M109: =IF(OR(L109="",K109=""),"",INT(L109-K109+1)) | N109: =IFERROR(J109/M109,"-") -> - | O109: =IFERROR(SUMIF($S$2:$AR$2,"<="&$D$1,S109:BL109)/J109,"-") -> - | P109: =SUMIF($S$2:$AR$2,"<="&$D$1,S109:AR109) -> 0 | Q109: =J109-P109 -> 0 | R109: =SUM(S109:XFD109) -> 0
C110: 107 | D110: HT Cable Laying | I110: km | M110: =IF(OR(L110="",K110=""),"",INT(L110-K110+1)) | N110: =IFERROR(J110/M110,"-") -> - | O110: =IFERROR(SUMIF($S$2:$AR$2,"<="&$D$1,S110:BL110)/J110,"-") -> - | P110: =SUMIF($S$2:$AR$2,"<="&$D$1,S110:AR110) -> 0 | Q110: =J110-P110 -> 0 | R110: =SUM(S110:XFD110) -> 0
C111: 108 | D111: HT Trench Backfilling & Rote Marking | I111: km | M111: =IF(OR(L111="",K111=""),"",INT(L111-K111+1)) | N111: =IFERROR(J111/M111,"-") -> - | O111: =IFERROR(SUMIF($S$2:$AR$2,"<="&$D$1,S111:BL111)/J111,"-") -> - | P111: =SUMIF($S$2:$AR$2,"<="&$D$1,S111:AR111) -> 0 | Q111: =J111-P111 -> 0 | R111: =SUM(S111:XFD111) -> 0
B112: Array Area Terminations | C112: 109 | D112: Solar Cable Termination Table Side | I112: Nos | M112: =IF(OR(L112="",K112=""),"",INT(L112-K112+1)) | N112: =IFERROR(J112/M112,"-") -> - | O112: =IFERROR(SUMIF($S$2:$AR$2,"<="&$D$1,S112:BL112)/J112,"-") -> - | P112: =SUMIF($S$2:$AR$2,"<="&$D$1,S112:AR112) -> 0 | Q112: =J112-P112 -> 0 | R112: =SUM(S112:XFD112) -> 0
C113: 110 | D113: Solar Cable Termination SCB Side | I113: Nos | M113: =IF(OR(L113="",K113=""),"",INT(L113-K113+1)) | N113: =IFERROR(J113/M113,"-") -> - | O113: =IFERROR(SUMIF($S$2:$AR$2,"<="&$D$1,S113:BL113)/J113,"-") -> - | P113: =SUMIF($S$2:$AR$2,"<="&$D$1,S113:AR113) -> 0 | Q113: =J113-P113 -> 0 | R113: =SUM(S113:XFD113) -> 0
C114: 111 | D114: DC Power Cable Termination SCB Side | I114: Nos | M114: =IF(OR(L114="",K114=""),"",INT(L114-K114+1)) | N114: =IFERROR(J114/M114,"-") -> - | O114: =IFERROR(SUMIF($S$2:$AR$2,"<="&$D$1,S114:BL114)/J114,"-") -> - | P114: =SUMIF($S$2:$AR$2,"<="&$D$1,S114:AR114) -> 0 | Q114: =J114-P114 -> 0 | R114: =SUM(S114:XFD114) -> 0
B115: ICR Areay Terminations | C115: 112 | D115: DC Power Cable Termination Inverter Side | I115: Nos | M115: =IF(OR(L115="",K115=""),"",INT(L115-K115+1)) | N115: =IFERROR(J115/M115,"-") -> - | O115: =IFERROR(SUMIF($S$2:$AR$2,"<="&$D$1,S115:BL115)/J115,"-") -> - | P115: =SUMIF($S$2:$AR$2,"<="&$D$1,S115:AR115) -> 0 | Q115: =J115-P115 -> 0 | R115: =SUM(S115:XFD115) -> 0
C116: 113 | D116: AC cable Termination Inv Side | I116: Nos | M116: =IF(OR(L116="",K116=""),"",INT(L116-K116+1)) | N116: =IFERROR(J116/M116,"-") -> - | O116: =IFERROR(SUMIF($S$2:$AR$2,"<="&$D$1,S116:BL116)/J116,"-") -> - | P116: =SUMIF($S$2:$AR$2,"<="&$D$1,S116:AR116) -> 0 | Q116: =J116-P116 -> 0 | R116: =SUM(S116:XFD116) -> 0
...
