Workbook

Sheet Sheet1
A1: Date | B1: Days | C1: generation (In Mwh) | D1: radiation | E1: Peak Power (in Mw) | F1: BESS Export (In MWh) | G1: BESS import (In MWh) | H1: Plant Availability | I1: grid_availability | J1: BESS Availibilty | K1: cumulative(in KwH) | L1: cumulative BESS Export(in MwH) | M1: cumulative BESS Import(in MwH) | N1: Daily CUF WORC | O1: CUF till date W.o.RC
A2: 45195 | B2: 1 | C2: 1086.5 | H2: 1 | I2: 0.99875759 | K2: =C2 -> 1086.5 | N2: =C2/(1400*24) -> 0.03233631 | O2: =K2/(B2*1400*24) -> 0.03233631
A3: 45196 | B3: 2 | C3: 1112 | H3: 1 | I3: 1 | K3: =K2+C3 -> 2198.5 | N3: =C3/(1400*24) -> 0.033095238 | O3: =K3/(B3*1400*24) -> 0.032715774
A4: 45197 | B4: 3 | C4: 666.2 | H4: 1 | I4: 1 | K4: =K3+C4 -> 2864.7 | N4: =C4/(1400*24) -> 0.019827381 | O4: =K4/(B4*1400*24) -> 0.028419643
A5: 45198 | B5: 4 | C5: 1123.3 | H5: 1 | I5: 1 | K5: =K4+C5 -> 3988 | N5: =C5/(1400*24) -> 0.033431548 | O5: =K5/(B5*1400*24) -> 0.029672619
A6: 45199 | B6: 5 | C6: 1945.7 | H6: 1 | I6: 1 | K6: =K5+C6 -> 5933.7 | N6: =C6/(1400*24) -> 0.057907738 | O6: =K6/(B6*1400*24) -> 0.035319643
A7: 45200 | B7: 6 | C7: 2136.1 | H7: 1 | I7: 1 | K7: =K6+C7 -> 8069.8 | N7: =C7/(1400*24) -> 0.063574405 | O7: =K7/(B7*1400*24) -> 0.04002877
A8: 45201 | B8: 7 | C8: 1953.9 | H8: 1 | I8: 1 | K8: =K7+C8 -> 10023.7 | N8: =C8/(1400*24) -> 0.058151786 | O8: =K8/(B8*1400*24) -> 0.042617772
A9: 45202 | B9: 8 | C9: 2575.8 | H9: 1 | I9: 0.92811323 | K9: =K8+C9 -> 12599.5 | N9: =C9/(1400*24) -> 0.076660714 | O9: =K9/(B9*1400*24) -> 0.04687314
A10: 45203 | B10: 9 | C10: 3504.8 | H10: 1 | I10: 1 | K10: =K9+C10 -> 16104.3 | N10: =C10/(1400*24) -> 0.10430952 | O10: =K10/(B10*1400*24) -> 0.05325496
A11: 45204 | B11: 10 | C11: 3474.9 | H11: 1 | I11: 1 | K11: =K10+C11 -> 19579.2 | N11: =C11/(1400*24) -> 0.10341964 | O11: =K11/(B11*1400*24) -> 0.058271429
A12: 45205 | B12: 11 | C12: 3505.9 | H12: 1 | I12: 1 | K12: =K11+C12 -> 23085.1 | N12: =C12/(1400*24) -> 0.10434226 | O12: =K12/(B12*1400*24) -> 0.062459686
A13: 45206 | B13: 12 | C13: 3473.1 | H13: 1 | I13: 1 | K13: =K12+C13 -> 26558.2 | N13: =C13/(1400*24) -> 0.10336607 | O13: =K13/(B13*1400*24) -> 0.065868552
A14: 45207 | B14: 13 | C14: 3532 | H14: 1 | I14: 1 | K14: =K13+C14 -> 30090.2 | N14: =C14/(1400*24) -> 0.10511905 | O14: =K14/(B14*1400*24) -> 0.068887821
... A189: 45382 | B189: 188 | C189: 7537.3 | H189: 1 | I189: 1 | K189: =K188+C189 -> 968850.49 | N189: =C189/(1400*24) -> 0.2243244 | O189: =K189/(B189*1400*24) -> 0.15337679
A190: 45383 | B190: =VLOOKUP(A190,'BADI SID DATA'!A:B,2,0) -> #REF! | C190: 7771.6 | H190: 1 | I190: 1 | K190: =K189+C190 -> 976622.09 | N190: =C190/(1400*24) -> 0.23129762 | O190: =K190/(B190*1400*24) -> #REF!
A191: 45384 | B191: =VLOOKUP(A191,'BADI SID DATA'!A:B,2,0) -> #REF! | C191: 7983 | H191: 1 | I191: 1 | K191: =K190+C191 -> 984605.09 | N191: =C191/(1400*24) -> 0.23758929 | O191: =K191/(B191*1400*24) -> #REF!
A192: 45385 | B192: =VLOOKUP(A192,'BADI SID DATA'!A:B,2,0) -> #REF! | C192: 7800.3 | H192: 1 | I192: 1 | K192: =K191+C192 -> 992405.39 | N192: =C192/(1400*24) -> 0.23215179 | O192: =K192/(B192*1400*24) -> #REF!
A193: 45386 | B193: =VLOOKUP(A193,'BADI SID DATA'!A:B,2,0) -> #REF! | C193: 7888.2 | H193: 1 | I193: 1 | K193: =K192+C193 -> 1000293.6 | N193: =C193/(1400*24) -> 0.23476786 | O193: =K193/(B193*1400*24) -> #REF!
A194: 45387 | B194: =VLOOKUP(A194,'BADI SID DATA'!A:B,2,0) -> #REF! | C194: 7850.5 | H194: 1 | I194: 1 | K194: =K193+C194 -> 1008144.1 | N194: =C194/(1400*24) -> 0.23364583 | O194: =K194/(B194*1400*24) -> #REF!
A195: 45388 | B195: =VLOOKUP(A195,'BADI SID DATA'!A:B,2,0) -> #REF! | C195: 7267.8 | H195: 1 | I195: 1 | K195: =K194+C195 -> 1015411.9 | N195: =C195/(1400*24) -> 0.21630357 | O195: =K195/(B195*1400*24) -> #REF!
A196: 45389 | B196: =VLOOKUP(A196,'BADI SID DATA'!A:B,2,0) -> #REF! | C196: 7685.3 | H196: 1 | I196: 1 | K196: =K195+C196 -> 1023097.2 | N196: =C196/(1400*24) -> 0.22872917 | O196: =K196/(B196*1400*24) -> #REF!
A197: 45390 | B197: =VLOOKUP(A197,'BADI SID DATA'!A:B,2,0) -> #REF! | C197: 7023 | H197: 1 | I197: 1 | K197: =K196+C197 -> 1030120.2 | N197: =C197/(1400*24) -> 0.20901786 | O197: =K197/(B197*1400*24) -> #REF!
A198: 45391 | B198: =VLOOKUP(A198,'BADI SID DATA'!A:B,2,0) -> #REF! | C198: 7023 | H198: 1 | I198: 1 | K198: =K197+C198 -> 1037143.2 | N198: =C198/(1400*24) -> 0.20901786 | O198: =K198/(B198*1400*24) -> #REF!
A199: 45392 | B199: =VLOOKUP(A199,'BADI SID DATA'!A:B,2,0) -> #REF! | C199: 7772.3 | H199: 1 | I199: 1 | K199: =K198+C199 -> 1044915.5 | N199: =C199/(1400*24) -> 0.23131845 | O199: =K199/(B199*1400*24) -> #REF!
A200: 45393 | B200: =VLOOKUP(A200,'BADI SID DATA'!A:B,2,0) -> #REF! | C200: 7553.1 | H200: 1 | I200: 1 | K200: =K199+C200 -> 1052468.6 | N200: =C200/(1400*24) -> 0.22479464 | O200: =K200/(B200*1400*24) -> #REF!
A201: 45394 | B201: =VLOOKUP(A201,'BADI SID DATA'!A:B,2,0) -> #REF! | C201: 7647.1 | H201: 1 | I201: 1 | K201: =K200+C201 -> 1060115.7 | N201: =C201/(1400*24) -> 0.22759226 | O201: =K201/(B201*1400*24) -> #REF!
... A207: 45400 | B207: =VLOOKUP(A207,'BADI SID DATA'!A:B,2,0) -> #REF! | C207: 7356.8 | H207: 1 | I207: 1 | K207: =K206+C207 -> 1099894 | N207: =C207/(1400*24) -> 0.21895238 | O207: =K207/(B207*1400*24) -> #REF!
A208: 45401 | B208: =VLOOKUP(A208,'BADI SID DATA'!A:B,2,0) -> #REF! | C208: 6531.8 | D208: 5.14 | H208: 1 | I208: 1 | K208: =K207+C208 -> 1106425.8 | N208: =C208/(1400*24) -> 0.19439881 | O208: =K208/(B208*1400*24) -> #REF!
A209: 45402 | B209: =VLOOKUP(A209,'BADI SID DATA'!A:B,2,0) -> #REF! | C209: 6860 | D209: 5.42 | H209: 1 | I209: 1 | K209: =K208+C209 -> 1113285.8 | N209: =C209/(1400*24) -> 0.20416667 | O209: =K209/(B209*1400*24) -> #REF!
A210: 45403 | B210: =VLOOKUP(A210,'BADI SID DATA'!A:B,2,0) -> #REF! | C210: 6854.4 | D210: 5.54 | H210: 1 | I210: 1 | K210: =K209+C210 -> 1120140.2 | N210: =C210/(1400*24) -> 0.204 | O210: =K210/(B210*1400*24) -> #REF!
A211: 45404 | B211: =VLOOKUP(A211,'BADI SID DATA'!A:B,2,0) -> #REF! | C211: 7280.2 | D211: 5.88 | H211: 1 | I211: 1 | K211: =K210+C211 -> 1127420.4 | N211: =C211/(1400*24) -> 0.21667262 | O211: =K211/(B211*1400*24) -> #REF!
A212: 45405 | B212: =VLOOKUP(A212,'BADI SID DATA'!A:B,2,0) -> #REF! | C212: 7314.2 | D212: 5.81 | H212: 1 | I212: 1 | K212: =K211+C212 -> 1134734.6 | N212: =C212/(1400*24) -> 0.21768452 | O212: =K212/(B212*1400*24) -> #REF!
A213: 45406 | B213: =VLOOKUP(A213,'BADI SID DATA'!A:B,2,0) -> #REF! | C213: 7605.3 | D213: 6.15 | H213: 1 | I213: 1 | K213: =K212+C213 -> 1142339.9 | N213: =C213/(1400*24) -> 0.22634821 | O213: =K213/(B213*1400*24) -> #REF!
A214: 45407 | B214: =VLOOKUP(A214,'BADI SID DATA'!A:B,2,0) -> #REF! | C214: 5347.1 | D214: 4.16 | H214: 1 | I214: 1 | K214: =K213+C214 -> 1147687 | N214: =C214/(1400*24) -> 0.15913988 | O214: =K214/(B214*1400*24) -> #REF!
A215: 45408 | B215: =VLOOKUP(A215,'BADI SID DATA'!A:B,2,0) -> #REF! | C215: 6368.4 | D215: 5.63 | H215: 1 | I215: 1 | K215: =K214+C215 -> 1154055.4 | N215: =C215/(1400*24) -> 0.18953571 | O215: =K215/(B215*1400*24) -> #REF!
A216: 45409 | B216: =VLOOKUP(A216,'BADI SID DATA'!A:B,2,0) -> #REF! | C216: 7549.5 | D216: 6.02 | H216: 1 | I216: 1 | K216: =K215+C216 -> 1161604.9 | N216: =C216/(1400*24) -> 0.2246875 | O216: =K216/(B216*1400*24) -> #REF!
A217: 45410 | B217: =VLOOKUP(A217,'BADI SID DATA'!A:B,2,0) -> #REF! | C217: 7310.9 | D217: 5.87 | H217: 1 | I217: 1 | K217: =K216+C217 -> 1168915.8 | N217: =C217/(1400*24) -> 0.21758631 | O217: =K217/(B217*1400*24) -> #REF!
A218: 45411 | B218: =VLOOKUP(A218,'BADI SID DATA'!A:B,2,0) -> #REF! | C218: 7283.7 | D218: 5.83 | H218: 1 | I218: 1 | K218: =K217+C218 -> 1176199.5 | N218: =C218/(1400*24) -> 0.21677679 | O218: =K218/(B218*1400*24) -> #REF!
A219: 45412 | B219: =VLOOKUP(A219,'BADI SID DATA'!A:B,2,0) -> #REF! | C219: 5801.3 | D219: 4.52 | H219: 1 | I219: 1 | K219: =K218+C219 -> 1182000.8 | N219: =C219/(1400*24) -> 0.17265774 | O219: =K219/(B219*1400*24) -> #REF!
... A367: 45560 | B367: =VLOOKUP(A367,'BADI SID DATA'!A:B,2,0) -> #REF! | C367: 7136.7 | D367: 5.53 | H367: 1 | I367: 1 | K367: =K366+C367 -> 1967025.3 | N367: =C367/(1400*24) -> 0.21240179 | O367: =K367/(B367*1400*24) -> #REF!
A368: 45561 | B368: =VLOOKUP(A368,'BADI SID DATA'!A:B,2,0) -> #REF! | C368: 6856.1 | D368: 5.43 | H368: 1 | I368: 1 | K368: =C368 -> 6856.1 | N368: =C368/(1400*24) -> 0.2040506 | O368: =K368/(B368*1400*24) -> #REF!
A369: 45562 | B369: =VLOOKUP(A369,'BADI SID DATA'!A:B,2,0) -> #REF! | C369: 7705.8 | D369: 6.07 | H369: 1 | I369: 1 | K369: =K368+C369 -> 14561.9 | N369: =C369/(1400*24) -> 0.22933929 | O369: =K369/(B369*1400*24) -> #REF!
A370: 45563 | B370: =VLOOKUP(A370,'BADI SID DATA'!A:B,2,0) -> #REF! | C370: 7940.5 | D370: 6.4 | H370: 1 | I370: 1 | K370: =K369+C370 -> 22502.4 | N370: =C370/(1400*24) -> 0.2363244 | O370: =K370/(B370*1400*24) -> #REF!
A371: 45564 | B371: =VLOOKUP(A371,'BADI SID DATA'!A:B,2,0) -> #REF! | C371: 7167 | D371: 5.79 | H371: 1 | I371: 0.97222222 | K371: =K370+C371 -> 29669.4 | N371: =C371/(1400*24) -> 0.21330357 | O371: =K371/(B371*1400*24) -> #REF!
A372: 45565 | B372: =VLOOKUP(A372,'BADI SID DATA'!A:B,2,0) -> #REF! | C372: 6297.4 | D372: 4.91 | H372: 1 | I372: 0.94027778 | K372: =K371+C372 -> 35966.8 | N372: =C372/(1400*24) -> 0.18742262 | O372: =K372/(B372*1400*24) -> #REF!
A373: 45566 | B373: =VLOOKUP(A373,'BADI SID DATA'!A:B,2,0) -> #REF! | C373: 1069.1 | D373: 0.8 | H373: 1 | I373: 1 | K373: =K372+C373 -> 37035.9 | N373: =C373/(1400*24) -> 0.031818452 | O373: =K373/(B373*1400*24) -> #REF!
A374: 45567 | B374: =VLOOKUP(A374,'BADI SID DATA'!A:B,2,0) -> #REF! | C374: 6605 | D374: 5.29 | H374: 1 | I374: 1 | K374: =K373+C374 -> 43640.9 | N374: =C374/(1400*24) -> 0.19657738 | O374: =K374/(B374*1400*24) -> #REF!
A375: 45568 | B375: =VLOOKUP(A375,'BADI SID DATA'!A:B,2,0) -> #REF! | C375: 5549.8 | D375: 4.24 | H375: 1 | I375: 1 | K375: =K374+C375 -> 49190.7 | N375: =C375/(1400*24) -> 0.16517262 | O375: =K375/(B375*1400*24) -> #REF!
A376: 45569 | B376: =VLOOKUP(A376,'BADI SID DATA'!A:B,2,0) -> #REF! | C376: 7772.6 | D376: 6.16 | H376: 1 | I376: 1 | K376: =K375+C376 -> 56963.3 | N376: =C376/(1400*24) -> 0.23132738 | O376: =K376/(B376*1400*24) -> #REF!
A377: 45570 | B377: =VLOOKUP(A377,'BADI SID DATA'!A:B,2,0) -> #REF! | C377: 4030.6 | D377: 3.07 | H377: 1 | I377: 0.94027778 | K377: =K376+C377 -> 60993.9 | N377: =C377/(1400*24) -> 0.11995833 | O377: =K377/(B377*1400*24) -> #REF!
A378: 45571 | B378: =VLOOKUP(A378,'BADI SID DATA'!A:B,2,0) -> #REF! | C378: 6745.8 | D378: 5.36 | H378: 1 | I378: 1 | K378: =K377+C378 -> 67739.7 | N378: =C378/(1400*24) -> 0.20076786 | O378: =K378/(B378*1400*24) -> #REF!
A379: 45572 | B379: =VLOOKUP(A379,'BADI SID DATA'!A:B,2,0) -> #REF! | C379: 3383.4 | D379: 2.43 | H379: 1 | I379: 1 | K379: =K378+C379 -> 71123.1 | N379: =C379/(1400*24) -> 0.10069643 | O379: =K379/(B379*1400*24) -> #REF!
A380: 45573 | B380: =VLOOKUP(A380,'BADI SID DATA'!A:B,2,0) -> #REF! | C380: 5073.8 | D380: 3.74 | H380: 1 | I380: 1 | K380: =K379+C380 -> 76196.9 | N380: =C380/(1400*24) -> 0.15100595 | O380: =K380/(B380*1400*24) -> #REF!
... A554: 45747 | B554: =VLOOKUP(A554,'BADI SID DATA'!A:B,2,0) -> #REF! | C554: 6574.8 | D554: 5.34 | H554: 1 | I554: 0.98888889 | K554: =K553+C554 -> 1063637.5 | N554: =C554/(1400*24) -> 0.19567857 | O554: =K554/(B554*1400*24) -> #REF!
A555: 45748 | B555: =VLOOKUP(A555,'BADI SID DATA'!A:B,2,0) -> #REF! | C555: 6889.1 | D555: 5.46 | H555: 1 | I555: 1 | K555: =C555 -> 6889.1 | L555: =F555 | M555: =G555 | N555: =C555/(1400*24) -> 0.20503274 | O555: =K555/(B555*1400*24) -> #REF!
A556: 45749 | B556: =VLOOKUP(A556,'BADI SID DATA'!A:B,2,0) -> #REF! | C556: 7154 | D556: 5.69 | H556: 1 | I556: 1 | K556: =K555+C556 -> 14043.1 | L556: =L555+F556 -> 0 | M556: =M555+G556 -> 0 | N556: =C556/(1400*24) -> 0.21291667 | O556: =K556/(B556*1400*24) -> #REF!
A557: 45750 | B557: =VLOOKUP(A557,'BADI SID DATA'!A:B,2,0) -> #REF! | C557: 7035.5 | D557: 5.67 | H557: 1 | I557: 1 | K557: =K556+C557 -> 21078.6 | L557: =L556+F557 -> 0 | M557: =M556+G557 -> 0 | N557: =C557/(1400*24) -> 0.20938988 | O557: =K557/(B557*1400*24) -> #REF!
A558: 45751 | B558: =VLOOKUP(A558,'BADI SID DATA'!A:B,2,0) -> #REF! | C558: 7667 | D558: 6.2 | H558: 1 | I558: 1 | K558: =K557+C558 -> 28745.6 | L558: =L557+F558 -> 0 | M558: =M557+G558 -> 0 | N558: =C558/(1400*24) -> 0.22818452 | O558: =K558/(B558*1400*24) -> #REF!
A559: 45752 | B559: =VLOOKUP(A559,'BADI SID DATA'!A:B,2,0) -> #REF! | C559: 7871.5 | D559: 6.25 | H559: 1 | I559: 1 | K559: =K558+C559 -> 36617.1 | L559: =L558+F559 -> 0 | M559: =M558+G559 -> 0 | N559: =C559/(1400*24) -> 0.23427083 | O559: =K559/(B559*1400*24) -> #REF!
A560: 45753 | B560: =VLOOKUP(A560,'BADI SID DATA'!A:B,2,0) -> #REF! | C560: 7417.9 | D560: 5.95 | H560: 1 | I560: 1 | K560: =K559+C560 -> 44035 | L560: =L559+F560 -> 0 | M560: =M559+G560 -> 0 | N560: =C560/(1400*24) -> 0.22077083 | O560: =K560/(B560*1400*24) -> #REF!
A561: 45754 | B561: =VLOOKUP(A561,'BADI SID DATA'!A:B,2,0) -> #REF! | C561: 6708.5 | D561: 6.1 | H561: 1 | I561: 0.92916667 | K561: =K560+C561 -> 50743.5 | L561: =L560+F561 -> 0 | M561: =M560+G561 -> 0 | N561: =C561/(1400*24) -> 0.19965774 | O561: =K561/(B561*1400*24) -> #REF!
A562: 45755 | B562: =VLOOKUP(A562,'BADI SID DATA'!A:B,2,0) -> #REF! | C562: 7617.9 | D562: 6.06 | H562: 1 | I562: 1 | K562: =K561+C562 -> 58361.4 | L562: =L561+F562 -> 0 | M562: =M561+G562 -> 0 | N562: =C562/(1400*24) -> 0.22672321 | O562: =K562/(B562*1400*24) -> #REF!
A563: 45756 | B563: =VLOOKUP(A563,'BADI SID DATA'!A:B,2,0) -> #REF! | C563: 7251.1 | D563: 5.74 | H563: 1 | I563: 1 | K563: =K562+C563 -> 65612.5 | L563: =L562+F563 -> 0 | M563: =M562+G563 -> 0 | N563: =C563/(1400*24) -> 0.21580655 | O563: =K563/(B563*1400*24) -> #REF!
A564: 45757 | B564: =VLOOKUP(A564,'BADI SID DATA'!A:B,2,0) -> #REF! | C564: 6901 | D564: 5.4 | H564: 1 | I564: 1 | K564: =K563+C564 -> 72513.5 | L564: =L563+F564 -> 0 | M564: =M563+G564 -> 0 | N564: =C564/(1400*24) -> 0.2053869 | O564: =K564/(B564*1400*24) -> #REF!
A565: 45758 | B565: =VLOOKUP(A565,'BADI SID DATA'!A:B,2,0) -> #REF! | C565: 7384.8 | D565: 5.87 | H565: 1 | I565: 1 | K565: =K564+C565 -> 79898.3 | L565: =L564+F565 -> 0 | M565: =M564+G565 -> 0 | N565: =C565/(1400*24) -> 0.21978571 | O565: =K565/(B565*1400*24) -> #REF!
A566: 45759 | B566: =VLOOKUP(A566,'BADI SID DATA'!A:B,2,0) -> #REF! | C566: 7589.5 | D566: 6.07 | H566: 1 | I566: 1 | K566: =K565+C566 -> 87487.8 | L566: =L565+F566 -> 0 | M566: =M565+G566 -> 0 | N566: =C566/(1400*24) -> 0.22587798 | O566: =K566/(B566*1400*24) -> #REF!
A567: 45760 | B567: =VLOOKUP(A567,'BADI SID DATA'!A:B,2,0) -> #REF! | C567: 7551.5 | D567: 6.1 | H567: 1 | I567: 1 | K567: =K566+C567 -> 95039.3 | L567: =L566+F567 -> 0 | M567: =M566+G567 -> 0 | N567: =C567/(1400*24) -> 0.22474702 | O567: =K567/(B567*1400*24) -> #REF!
... A752: 45945 | B752: =VLOOKUP(A752,'BADI SID DATA'!A:B,2,0) -> #REF! | C752: 6504.6 | D752: 5.15 | H752: 1 | I752: 1 | K752: =K751+C752 -> 1181984.4 | L752: =L751+F752 -> 0 | M752: =M751+G752 -> 0 | N752: =C752/(1400*24) -> 0.19358929 | O752: =K752/(B752*1400*24) -> #REF!
A753: 45946 | B753: =VLOOKUP(A753,'BADI SID DATA'!A:B,2,0) -> #REF! | C753: 1820 | D753: 1.31 | F753: 0 | G753: 0 | H753: 1 | I753: 1 | K753: =K752+C753 -> 1183804.4 | L753: =L752+F753 -> 0 | M753: =M752+G753 -> 0 | N753: =C753/(1400*24) -> 0.054166667 | O753: =K753/(B753*1400*24) -> #REF!
A754: 45947 | B754: =VLOOKUP(A754,'BADI SID DATA'!A:B,2,0) -> #REF! | C754: 553 | D754: 0.43 | F754: 0 | G754: 0 | H754: 1 | I754: 1 | J754: 1 | K754: =K753+C754 -> 1184357.4 | L754: =L753+F754 -> 0 | M754: =M753+G754 -> 0 | N754: =C754/(1400*24) -> 0.016458333 | O754: =K754/(B754*1400*24) -> #REF! | P754: Rainy and cloudy weather
A755: 45948 | B755: =VLOOKUP(A755,'BADI SID DATA'!A:B,2,0) -> #REF! | C755: 6498 | D755: 5.35 | F755: 1195 | H755: 1 | I755: 1 | J755: 1 | K755: =K754+C755 -> 1190855.4 | L755: =L754+F755 -> 1195 | M755: =M754+G755 -> 0 | N755: =C755/(1400*24) -> 0.19339286 | O755: =K755/(B755*1400*24) -> #REF!
A756: 45949 | B756: =VLOOKUP(A756,'BADI SID DATA'!A:B,2,0) -> #REF! | C756: 4414 | D756: 3.42 | F756: 0 | G756: 0 | H756: 1 | I756: 1 | J756: 1 | K756: =K755+C756 -> 1195269.4 | L756: =L755+F756 -> 1195 | M756: =M755+G756 -> 0 | N756: =C756/(1400*24) -> 0.13136905 | O756: =K756/(B756*1400*24) -> #REF! | P756: Low SOC
A757: 45950 | B757: =VLOOKUP(A757,'BADI SID DATA'!A:B,2,0) -> #REF! | C757: 6357 | D757: 5.16 | F757: 1202 | H757: 1 | I757: 1 | J757: 1 | K757: =K756+C757 -> 1201626.4 | L757: =L756+F757 -> 2397 | M757: =M756+G757 -> 0 | N757: =C757/(1400*24) -> 0.18919643 | O757: =K757/(B757*1400*24) -> #REF!
A758: 45951 | B758: =VLOOKUP(A758,'BADI SID DATA'!A:B,2,0) -> #REF! | C758: 7048 | D758: 5.67 | E758: 1110 | F758: 1390 | G758: 1561 | H758: 1 | I758: 1 | J758: 1 | K758: =K757+C758 -> 1208674.4 | L758: =F758 -> 1390 | M758: =M757+G758 -> 1561 | N758: =C758/(1400*24) -> 0.2097619 | O758: =K758/(B758*1400*24) -> #REF!
A759: 45952 | B759: =VLOOKUP(A759,'BADI SID DATA'!A:B,2,0) -> #REF! | C759: 2053 | D759: 2.64 | E759: 554 | F759: 436 | G759: 557 | H759: 1 | I759: 1 | J759: 1 | K759: =K758+C759 -> 1210727.4 | L759: =L758+F759 -> 1826 | M759: =M758+G759 -> 2118 | N759: =C759/(1400*24) -> 0.06110119 | O759: =K759/(B759*1400*24) -> #REF!
A760: 45953 | B760: =VLOOKUP(A760,'BADI SID DATA'!A:B,2,0) -> #REF! | C760: 2706 | D760: 2 | E760: 548 | F760: 270 | G760: 422 | H760: 1 | I760: 1 | J760: 1 | K760: =K759+C760 -> 1213433.4 | L760: =L759+F760 -> 2096 | M760: =M759+G760 -> 2540 | N760: =C760/(1400*24) -> 0.080535714 | O760: =K760/(B760*1400*24) -> #REF! | P760: Weather-Cloudy
A761: 45954 | B761: =VLOOKUP(A761,'BADI SID DATA'!A:B,2,0) -> #REF! | C761: 3846 | D761: 2.95 | E761: 749 | F761: 878 | G761: 860 | H761: 1 | I761: 1 | J761: 1 | K761: =K760+C761 -> 1217279.4 | L761: =L760+F761 -> 2974 | M761: =M760+G761 -> 3400 | N761: =C761/(1400*24) -> 0.11446429 | O761: =K761/(B761*1400*24) -> #REF!
A762: 45955 | B762: =VLOOKUP(A762,'BADI SID DATA'!A:B,2,0) -> #REF! | C762: 7027 | D762: 5.9 | E762: 1131 | F762: 1490 | G762: 1499 | H762: 1 | I762: 1 | J762: 1 | K762: =K761+C762 -> 1224306.4 | L762: =L761+F762 -> 4464 | M762: =M761+G762 -> 4899 | N762: =C762/(1400*24) -> 0.2091369 | O762: =K762/(B762*1400*24) -> #REF!
A763: 45956 | B763: =VLOOKUP(A763,'BADI SID DATA'!A:B,2,0) -> #REF! | C763: 5191 | D763: 4.24 | E763: 747 | F763: 1078 | G763: 1234 | H763: 1 | I763: 0.98 | J763: 1 | K763: =K762+C763 -> 1229497.4 | L763: =L762+F763 -> 5542 | M763: =M762+G763 -> 6133 | N763: =C763/(1400*24) -> 0.15449405 | O763: =K763/(B763*1400*24) -> #REF! | P763: Weather-Cloudy
A764: 45957 | B764: =VLOOKUP(A764,'BADI SID DATA'!A:B,2,0) -> #REF! | C764: 2443 | D764: 1.79 | E764: 493 | F764: 73.4 | G764: 222 | H764: 1 | I764: 0.97 | J764: 1 | K764: =K763+C764 -> 1231940.4 | L764: =L763+F764 -> 5615.4 | M764: =M763+G764 -> 6355 | N764: =C764/(1400*24) -> 0.072708333 | O764: =K764/(B764*1400*24) -> #REF! | P764: Weather-Cloudy
A765: 45958 | B765: =VLOOKUP(A765,'BADI SID DATA'!A:B,2,0) -> #REF! | C765: 719 | D765: 4.94 | E765: 388 | F765: 0 | G765: 0 | H765: 0.35 | I765: 0.96 | J765: 1 | K765: =K764+C765 -> 1232659.4 | L765: =L764+F765 -> 5615.4 | M765: =M764+G765 -> 6355 | N765: =C765/(1400*24) -> 0.02139881 | O765: =K765/(B765*1400*24) -> #REF! | P765: Weather-Cloudy Grid Failure for 5 hrs due to which BESS was not charged
A766: 45959 | B766: =VLOOKUP(A766,'BADI SID DATA'!A:B,2,0) -> #REF! | C766: 2059 | D766: 5.17 | E766: 956 | F766: 615 | G766: 561 | H766: 0.78 | I766: 0.74 | J766: 1 | K766: =K765+C766 -> 1234718.4 | L766: =L765+F766 -> 6230.4 | M766: =M765+G766 -> 6916 | N766: =C766/(1400*24) -> 0.061279762 | O766: =K766/(B766*1400*24) -> #REF! | P766: LEDA DG issue Grid Failure - 5 Hr 17 Min
A767: 45960 | B767: =VLOOKUP(A767,'BADI SID DATA'!A:B,2,0) -> #REF! | C767: 0 | D767: 5.46 | E767: 0 | F767: 0 | G767: 0 | H767: 1 | I767: 0 | J767: 0 | K767: =K766+C767 -> 1234718.4 | L767: =L766+F767 -> 6230.4 | M767: =M766+G767 -> 6916 | N767: =C767/(1400*24) -> 0 | O767: =K767/(B767*1400*24) -> #REF! | P767: LEDA DG issue Grid Failure - 12 Hr
A768: 45961 | B768: =VLOOKUP(A768,'BADI SID DATA'!A:B,2,0) -> #REF! | C768: 5547 | D768: 5.86 | E768: 1190 | F768: 1265 | G768: 1368 | H768: 1 | I768: 1 | J768: 1 | K768: =K767+C768 -> 1240265.4 | L768: =L767+F768 -> 7495.4 | M768: =M767+G768 -> 8284 | N768: =C768/(1400*24) -> 0.16508929 | O768: =K768/(B768*1400*24) -> #REF! | P768: LEDA DG issue Grid Failure - 5 Hr 30 min
A769: 45962 | B769: =VLOOKUP(A769,'BADI SID DATA'!A:B,2,0) -> #REF! | C769: 6312 | D769: 5.82 | E769: 1126 | F769: 1407 | G769: 1423 | H769: 1 | I769: 1 | J769: 1 | K769: =K768+C769 -> 1246577.4 | L769: =L768+F769 -> 8902.4 | M769: =M768+G769 -> 9707 | N769: =C769/(1400*24) -> 0.18785714 | O769: =K769/(B769*1400*24) -> #REF!
A770: 45963 | B770: =VLOOKUP(A770,'BADI SID DATA'!A:B,2,0) -> #REF! | C770: 6868 | D770: 6.04 | E770: 1211 | F770: 1360 | G770: 1529 | H770: 1 | I770: 1 | J770: 1 | K770: =K769+C770 -> 1253445.4 | L770: =L769+F770 -> 10262.4 | M770: =M769+G770 -> 11236 | N770: =C770/(1400*24) -> 0.20440476 | O770: =K770/(B770*1400*24) -> #REF!
A771: 45964 | B771: =VLOOKUP(A771,'BADI SID DATA'!A:B,2,0) -> #REF! | C771: 6928 | D771: 6.03 | E771: 1156 | F771: 1365 | G771: 1470 | H771: 0.96 | I771: 1 | J771: 1 | K771: =K770+C771 -> 1260373.4 | L771: =L770+F771 -> 11627.4 | M771: =M770+G771 -> 12706 | N771: =C771/(1400*24) -> 0.20619048 | O771: =K771/(B771*1400*24) -> #REF! | P771: 1hr 46 min, 384 kW Breakdown Reason - BESS Software issue
A772: 45965 | B772: =VLOOKUP(A772,'BADI SID DATA'!A:B,2,0) -> #REF! | C772: 7124 | D772: 5.86 | E772: 1156 | F772: 1349 | G772: 1520 | H772: 1 | I772: 1 | J772: 1 | K772: =K771+C772 -> 1267497.4 | L772: =L771+F772 -> 12976.4 | M772: =M771+G772 -> 14226 | N772: =C772/(1400*24) -> 0.21202381 | O772: =K772/(B772*1400*24) -> #REF! | P772: 40 min, 220 kW Breakdown Reason - BESS Software issue
A773: 45966 | B773: =VLOOKUP(A773,'BADI SID DATA'!A:B,2,0) -> #REF! | C773: 6755 | D773: 5.67 | E773: 1102 | F773: 1427 | G773: 1596 | H773: 1 | I773: 1 | J773: 1 | K773: =K772+C773 -> 1274252.4 | L773: =L772+F773 -> 14403.4 | M773: =M772+G773 -> 15822 | N773: =C773/(1400*24) -> 0.20104167 | O773: =K773/(B773*1400*24) -> #REF! | P773: 1 hr 07 min, 130 kW Breakdown Reason - Grid doesn’t have enough connected load
A774: 45967 | B774: =VLOOKUP(A774,'BADI SID DATA'!A:B,2,0) -> #REF! | C774: 6304 | D774: 5.67 | E774: 1157 | F774: 1494 | G774: 1605 | H774: 1 | I774: 1 | J774: 1 | K774: =K773+C774 -> 1280556.4 | L774: =L773+F774 -> 15897.4 | M774: =M773+G774 -> 17427 | N774: =C774/(1400*24) -> 0.18761905 | O774: =K774/(B774*1400*24) -> #REF! | P774: 1 hr 30 min, 138 kW Breakdown Reason - Grid doesn’t have enough connected load
A775: 45968 | B775: =VLOOKUP(A775,'BADI SID DATA'!A:B,2,0) -> #REF! | C775: 6808 | D775: 5.74 | E775: 1160 | F775: 1422 | G775: 1603 | H775: 1 | I775: 1 | J775: 1 | K775: =K774+C775 -> 1287364.4 | L775: =L774+F775 -> 17319.4 | M775: =M774+G775 -> 19030 | N775: =C775/(1400*24) -> 0.20261905 | O775: =K775/(B775*1400*24) -> #REF!
A776: 45969 | B776: =VLOOKUP(A776,'BADI SID DATA'!A:B,2,0) -> #REF! | C776: 7143 | D776: 5.99 | E776: 1050 | F776: 1399 | G776: 1514 | H776: 1 | I776: 1 | J776: 1 | K776: =K775+C776 -> 1294507.4 | L776: =L775+F776 -> 18718.4 | M776: =M775+G776 -> 20544 | N776: =C776/(1400*24) -> 0.21258929 | O776: =K776/(B776*1400*24) -> #REF!
A777: 45970 | B777: =VLOOKUP(A777,'BADI SID DATA'!A:B,2,0) -> #REF! | C777: 6278 | D777: 5.39 | E777: 1030 | F777: 1493 | G777: 1670 | H777: 1 | I777: 1 | J777: 1 | K777: =K776+C777 -> 1300785.4 | L777: =L776+F777 -> 20211.4 | M777: =M776+G777 -> 22214 | N777: =C777/(1400*24) -> 0.18684524 | O777: =K777/(B777*1400*24) -> #REF!
A778: 45971 | B778: =VLOOKUP(A778,'BADI SID DATA'!A:B,2,0) -> #REF! | C778: 6309 | D778: 5.18 | E778: 1080 | F778: 1372 | G778: 1499 | H778: 1 | I778: 1 | J778: 1 | K778: =K777+C778 -> 1307094.4 | L778: =L777+F778 -> 21583.4 | M778: =M777+G778 -> 23713 | N778: =C778/(1400*24) -> 0.18776786 | O778: =K778/(B778*1400*24) -> #REF!
A779: 45972 | B779: =VLOOKUP(A779,'BADI SID DATA'!A:B,2,0) -> #REF! | C779: 7022 | D779: 5.81 | E779: 1060 | F779: 1352 | G779: 1499 | H779: 1 | I779: 1 | J779: 1 | K779: =K778+C779 -> 1314116.4 | L779: =L778+F779 -> 22935.4 | M779: =M778+G779 -> 25212 | N779: =C779/(1400*24) -> 0.2089881 | O779: =K779/(B779*1400*24) -> #REF!
A780: 45973 | B780: =VLOOKUP(A780,'BADI SID DATA'!A:B,2,0) -> #REF! | C780: 7098 | D780: 5.84 | E780: 1030 | F780: 1378 | G780: 1542 | H780: 1 | I780: 1 | J780: 1 | K780: =K779+C780 -> 1321214.4 | L780: =L779+F780 -> 24313.4 | M780: =M779+G780 -> 26754 | N780: =C780/(1400*24) -> 0.21125 | O780: =K780/(B780*1400*24) -> #REF!
A781: 45974 | B781: =VLOOKUP(A781,'BADI SID DATA'!A:B,2,0) -> #REF! | C781: 5288 | D781: 4.23 | E781: 929 | F781: 760 | G781: 888 | H781: 1 | I781: 1 | J781: 1 | K781: =K780+C781 -> 1326502.4 | L781: =L780+F781 -> 25073.4 | M781: =M780+G781 -> 27642 | N781: =C781/(1400*24) -> 0.15738095 | O781: =K781/(B781*1400*24) -> #REF! | P781: Weather-Cloudy
A782: 45975 | B782: =VLOOKUP(A782,'BADI SID DATA'!A:B,2,0) -> #REF! | C782: 5194 | D782: 4.26 | E782: 1123 | F782: 924 | G782: 1053 | H782: 1 | I782: 1 | J782: 1 | K782: =K781+C782 -> 1331696.4 | L782: =L781+F782 -> 25997.4 | M782: =M781+G782 -> 28695 | N782: =C782/(1400*24) -> 0.15458333 | O782: =K782/(B782*1400*24) -> #REF! | P782: Weather-Cloudy
A783: 45976 | B783: =VLOOKUP(A783,'BADI SID DATA'!A:B,2,0) -> #REF! | C783: 4341 | D783: 3.42 | E783: 844 | F783: 176 | G783: 416 | H783: 1 | I783: 1 | J783: 1 | K783: =K782+C783 -> 1336037.4 | L783: =L782+F783 -> 26173.4 | M783: =M782+G783 -> 29111 | N783: =C783/(1400*24) -> 0.12919643 | O783: =K783/(B783*1400*24) -> #REF!
...
