Workbook

Sheet SECI O&M Dashboard
D2: SECI O&M Generation Data
D3: Date | E3: =TODAY()-1 -> 46027
B4: O&M Sites | C4: SOALR PERFORMANCE | K4: BESS PERFORMANCE | Q4: Remarks
C5: As on Date* | G5: Year Till date* (FY 2025-26) | I5: Last FY Performance^ | K5: As on Date* | M5: Year Till date* (FY 2025-26) | O5: Last FY Performance^
C6: GHI (Kwh/sq. m) | D6: Exported generation (MU) | E6: CUF (%) | F6: Peak Power (Mw) | G6: Exported generation (MU) | H6: CUF (%) | I6: Exported generation (MU) | J6: CUF (%) | K6: Net Energy Export (MwH) | L6: Net Energy Import (MwH) | M6: Net Energy Export (MwH) | N6: Net Energy Import (MwH) | O6: Net Energy Export (MwH) | P6: Net Energy FED (MwH)
B7: SECI 100 MW SPV with 40MW/120MWh BESS Rajnandgaon | C7: ='Rajnandgaon Dashboard'!B9 -> 4.17 | D7: ='Rajnandgaon Dashboard'!C9 -> 0.5852076 | E7: ='Rajnandgaon Dashboard'!D9 -> 0.2438365 | F7: ='Rajnandgaon Dashboard'!E9 -> 69.69 | G7: ='Rajnandgaon Dashboard'!H9 -> 164.49503 | H7: ='Rajnandgaon Dashboard'!I9 -> 0.24478427 | K7: ='Rajnandgaon Dashboard'!F9 -> 116.5 | L7: ='Rajnandgaon Dashboard'!G9 -> 130.1 | M7: ='Rajnandgaon Dashboard'!J9 -> 30197.958 | N7: ='Rajnandgaon Dashboard'!K9 -> 33501.13 | Q7: =IF(VLOOKUP(E3,'Rajnandgaon Data'!A:P,16,0)=0,"-",VLOOKUP(E3,'Rajnandgaon Data'!A:P,16,0)) -> -
B8: SECI 10MW Badi Sid | C8: ='BADI SID Dashboard'!B8 -> 3.41 | D8: ='BADI SID Dashboard'!C8 -> 0.0408 | E8: ='BADI SID Dashboard'!D8 -> 0.17 | F8: ='BADI SID Dashboard'!E8/1000 -> 8.95 | G8: ='BADI SID Dashboard'!F8 -> 13.079696 | H8: ='BADI SID Dashboard'!G8 -> 0.19463834 | Q8: =IF(VLOOKUP(E3,'BADI SID DATA'!A:K,11,0)=0,"-",VLOOKUP(E3,'BADI SID DATA'!A:K,11,0)) -> -
B9: SECI 10 MW DRDO, Kolar | C9: ='DRDO Kolar Dashboard'!B8 -> 0 | D9: ='DRDO Kolar Dashboard'!C8 -> 0.0624 | E9: ='DRDO Kolar Dashboard'!D8 -> 0.26 | F9: =('DRDO Kolar Dashboard'!E8)/1000 -> 8.98 | G9: ='DRDO Kolar Dashboard'!F8 -> 12.994908 | H9: ='DRDO Kolar Dashboard'!G8 -> 0.1933766 | Q9: =IF(VLOOKUP(E3,'DRDO Kolar Data'!A:K,11,0)=0,"-",VLOOKUP(E3,'DRDO Kolar Data'!A:K,11,0)) -> -
B10: SECI 1.4 MW SPV with 1.4 MWh BESS Kaveratti, Lakshdweep | C10: ='Kaveratti 1.4 MW Solar+BESS DB'!B9 -> 4.3 | D10: ='Kaveratti 1.4 MW Solar+BESS DB'!C9 -> 0.005537 | E10: ='Kaveratti 1.4 MW Solar+BESS DB'!D9 -> 0.16479167 | F10: ='Kaveratti 1.4 MW Solar+BESS DB'!E9/1000 -> 0.938 | G10: ='Kaveratti 1.4 MW Solar+BESS DB'!H9 -> 1.6155374 | H10: ='Kaveratti 1.4 MW Solar+BESS DB'!I9 -> 0.17171954 | K10: ='Kaveratti 1.4 MW Solar+BESS DB'!F9/1000 -> 1.275 | L10: ='Kaveratti 1.4 MW Solar+BESS DB'!G9/1000 -> 1.434 | M10: ='Kaveratti 1.4 MW Solar+BESS DB'!J9/1000&"^" -> 87.75261^ | N10: ='Kaveratti 1.4 MW Solar+BESS DB'!K9/1000&"^" -> 96.962^ | Q10: =IF(VLOOKUP(E3,'Kaveratti Data'!A:P,16,0)=0,"-",VLOOKUP(E3,'Kaveratti Data'!A:P,16,0)) -> -
B11: SECI 0.3 MW Agatti Lakshdweep | C11: ='Agatti Dashboard'!B8 -> 3.96 | D11: ='Agatti Dashboard'!C8 -> 0.001075 | E11: ='Agatti Dashboard'!D8 -> 0.14930556 | F11: ='Agatti Dashboard'!E8/1000 -> 0.19 | G11: ='Agatti Dashboard'!F8 -> 0.3459531 | H11: ='Agatti Dashboard'!G8 -> 0.17160372 | Q11: =IF(VLOOKUP(E3,'Agatti Data'!A:K,11,0)=0,"-",VLOOKUP(E3,'Agatti Data'!A:K,11,0)) -> -
B13: *Data is without considering radiation correction
B14: ^Data is from 21st October

Sheet DRDO Kolar Dashboard
B1: Date | C1: ='SECI O&M Dashboard'!E3 -> 46027
B4: SECI 10MW DRDO, Kolar
B5: Date* | D5: =C1 -> 46027 | F5: Year Till date* | H5: Last FY Performance^
B6: *Data is without considering radiation correction | H6: ^Data is with radiation correction
B7: GHI (Kwh/sq. m) | C7: Exported generation (MU) | D7: CUF (%) | E7: Peak Power (Kw) | F7: Exported generation (MU) | G7: CUF (%) | H7: Exported generation (MU) | J7: CUF (%)
B8: =VLOOKUP(C1,'DRDO Kolar Data'!A:D,4,0) -> 0 | C8: =VLOOKUP(C1,'DRDO Kolar Data'!A:C,3,FALSE)/10^6 -> 0.0624 | D8: =VLOOKUP(C1,'DRDO Kolar Data'!A:I,9,0) -> 0.26 | E8: =VLOOKUP(D5,'DRDO Kolar Data'!A:E,5,0)*1000 -> 8980 | F8: =VLOOKUP(C1,'DRDO Kolar Data'!A:H,8,0)/10^6 -> 12.994908 | G8: =VLOOKUP(C1,'DRDO Kolar Data'!A:J,10,0) -> 0.1933766
B11: Generation Data for last 7 days
B12: Date | C12: Radiation POA (Kwh/sq. m) | D12: Exported generation (KWh) | E12: CUF (%) | F12: Peak Power (Kw) | G12: Radiation POA (Kwh/sq. m) | H12: Exported generation (KWh) | I12: CUF (%) | J12: Peak Power (Kw)
C13: =YEAR(C1) -> 2026 | G13: =C13-1 -> 2025
B14: =C1-1 -> 46026 | C14: =VLOOKUP(B14,'DRDO Kolar Data'!A:D,4,0) -> 0 | D14: =VLOOKUP(B14,'DRDO Kolar Data'!A:C,3,0) -> 57000 | E14: =VLOOKUP('DRDO Kolar Dashboard'!B14,'DRDO Kolar Data'!A:I,9,0) -> 0.2375 | F14: =VLOOKUP(B14,'DRDO Kolar Data'!A:E,5,0)*1000 -> 9770 | G14: =VLOOKUP(B14-365,'DRDO Kolar Data'!A:D,4,0) -> 6.6 | H14: =VLOOKUP(B14-365,'DRDO Kolar Data'!A:C,3,0) -> 61754.55 | I14: =VLOOKUP(B14-365,'DRDO Kolar Data'!A:I,9,0) -> 0.25731062 | J14: =VLOOKUP(B14-365,'DRDO Kolar Data'!A:E,5,0)*1000 -> 10800
B15: =B14-1 -> 46025 | C15: =VLOOKUP(B15,'DRDO Kolar Data'!A:D,4,0) -> 0 | D15: =VLOOKUP(B15,'DRDO Kolar Data'!A:C,3,0) -> 52800 | E15: =VLOOKUP('DRDO Kolar Dashboard'!B15,'DRDO Kolar Data'!A:I,9,0) -> 0.22 | F15: =VLOOKUP(B15,'DRDO Kolar Data'!A:E,5,0)*1000 -> 9210 | G15: =VLOOKUP(B15-365,'DRDO Kolar Data'!A:D,4,0) -> 6.7 | H15: =VLOOKUP(B15-365,'DRDO Kolar Data'!A:C,3,0) -> 63048.7 | I15: =VLOOKUP(B15-365,'DRDO Kolar Data'!A:I,9,0) -> 0.26270292 | J15: =VLOOKUP(B15-365,'DRDO Kolar Data'!A:E,5,0)*1000 -> 10300
B16: =B15-1 -> 46024 | C16: =VLOOKUP(B16,'DRDO Kolar Data'!A:D,4,0) -> 0 | D16: =VLOOKUP(B16,'DRDO Kolar Data'!A:C,3,0) -> 43800 | E16: =VLOOKUP('DRDO Kolar Dashboard'!B16,'DRDO Kolar Data'!A:I,9,0) -> 0.1825 | F16: =VLOOKUP(B16,'DRDO Kolar Data'!A:E,5,0)*1000 -> 5330 | G16: =VLOOKUP(B16-365,'DRDO Kolar Data'!A:D,4,0) -> 6.62 | H16: =VLOOKUP(B16-365,'DRDO Kolar Data'!A:C,3,0) -> 61746.75 | I16: =VLOOKUP(B16-365,'DRDO Kolar Data'!A:I,9,0) -> 0.25727813 | J16: =VLOOKUP(B16-365,'DRDO Kolar Data'!A:E,5,0)*1000 -> 10600
B17: =B16-1 -> 46023 | C17: =VLOOKUP(B17,'DRDO Kolar Data'!A:D,4,0) -> 0 | D17: =VLOOKUP(B17,'DRDO Kolar Data'!A:C,3,0) -> 29739 | E17: =VLOOKUP('DRDO Kolar Dashboard'!B17,'DRDO Kolar Data'!A:I,9,0) -> 0.1239125 | F17: =VLOOKUP(B17,'DRDO Kolar Data'!A:E,5,0)*1000 -> 3600 | G17: =VLOOKUP(B17-365,'DRDO Kolar Data'!A:D,4,0) -> 6.56 | H17: =VLOOKUP(B17-365,'DRDO Kolar Data'!A:C,3,0) -> 61754.55 | I17: =VLOOKUP(B17-365,'DRDO Kolar Data'!A:I,9,0) -> 0.25731062 | J17: =VLOOKUP(B17-365,'DRDO Kolar Data'!A:E,5,0)*1000 -> 10100
B18: =B17-1 -> 46022 | C18: =VLOOKUP(B18,'DRDO Kolar Data'!A:D,4,0) -> 0 | D18: =VLOOKUP(B18,'DRDO Kolar Data'!A:C,3,0) -> 46800 | E18: =VLOOKUP('DRDO Kolar Dashboard'!B18,'DRDO Kolar Data'!A:I,9,0) -> 0.195 | F18: =VLOOKUP(B18,'DRDO Kolar Data'!A:E,5,0)*1000 -> 8720 | G18: =VLOOKUP(B18-365,'DRDO Kolar Data'!A:D,4,0) -> 7.06 | H18: =VLOOKUP(B18-365,'DRDO Kolar Data'!A:C,3,0) -> 65000 | I18: =VLOOKUP(B18-365,'DRDO Kolar Data'!A:I,9,0) -> 0.27083333 | J18: =VLOOKUP(B18-365,'DRDO Kolar Data'!A:E,5,0)*1000 -> 10900
B19: =B18-1 -> 46021 | C19: =VLOOKUP(B19,'DRDO Kolar Data'!A:D,4,0) -> 0 | D19: =VLOOKUP(B19,'DRDO Kolar Data'!A:C,3,0) -> 54000 | E19: =VLOOKUP('DRDO Kolar Dashboard'!B19,'DRDO Kolar Data'!A:I,9,0) -> 0.225 | F19: =VLOOKUP(B19,'DRDO Kolar Data'!A:E,5,0)*1000 -> 9390 | G19: =VLOOKUP(B19-365,'DRDO Kolar Data'!A:D,4,0) -> 3.65 | H19: =VLOOKUP(B19-365,'DRDO Kolar Data'!A:C,3,0) -> 36396.1 | I19: =VLOOKUP(B19-365,'DRDO Kolar Data'!A:I,9,0) -> 0.15165042 | J19: =VLOOKUP(B19-365,'DRDO Kolar Data'!A:E,5,0)*1000 -> 9100
B20: =B19-1 -> 46020 | C20: =VLOOKUP(B20,'DRDO Kolar Data'!A:D,4,0) -> 0 | D20: =VLOOKUP(B20,'DRDO Kolar Data'!A:C,3,0) -> 59400 | E20: =VLOOKUP('DRDO Kolar Dashboard'!B20,'DRDO Kolar Data'!A:I,9,0) -> 0.2475 | F20: =VLOOKUP(B20,'DRDO Kolar Data'!A:E,5,0)*1000 -> 8370 | G20: =VLOOKUP(B20-365,'DRDO Kolar Data'!A:D,4,0) -> 5.78 | H20: =VLOOKUP(B20-365,'DRDO Kolar Data'!A:C,3,0) -> 54605.2 | I20: =VLOOKUP(B20-365,'DRDO Kolar Data'!A:I,9,0) -> 0.22752167 | J20: =VLOOKUP(B20-365,'DRDO Kolar Data'!A:E,5,0)*1000 -> 10600

Sheet DRDO Kolar Data
A1: date | B1: Days | C1: generation (In Kwh) | D1: Radiation (Tilt), no normal GHI is there | E1: Peak Power (in Mw) | F1: machine_availability | G1: grid_availability | H1: cumulative(in KwH) | I1: CUF | J1: CUF till date W.o.C | K1: Weather Remark
A2: 44805 | B2: 1 | C2: 45499.35 | D2: 5.39 | E2: 11.1 | F2: 1 | G2: 0.97777778 | H2: =C2 -> 45499.35 | I2: =C2/(10*24*1000) -> 0.18958062 | J2: =H2/(24*B2*10*1000) -> 0.18958062 | K2: Mostly Cloudy and Rainy
A3: 44806 | B3: 2 | C3: 52649.35 | D3: 6 | E3: 11.1 | F3: 1 | G3: 0.97986111 | H3: =H2+C3 -> 98148.7 | I3: =C3/(10*24*1000) -> 0.21937229 | J3: =H3/(24*B3*10*1000) -> 0.20447646 | K3: Cloudy
A4: 44807 | B4: 3 | C4: 52650 | D4: 6 | E4: 11 | F4: 1 | G4: 1 | H4: =H3+C4 -> 150798.7 | I4: =C4/(10*24*1000) -> 0.219375 | J4: =H4/(24*B4*10*1000) -> 0.20944264 | K4: Cloudy and Rainy
A5: 44808 | B5: 4 | C5: 42900.65 | D5: 4.82 | E5: 11.1 | F5: 1 | G5: 1 | H5: =H4+C5 -> 193699.35 | I5: =C5/(10*24*1000) -> 0.17875271 | J5: =H5/(24*B5*10*1000) -> 0.20177016 | K5: Cloudy and Rainy
A6: 44809 | B6: 5 | C6: 65650 | D6: 6.99 | E6: 10 | F6: 1 | G6: 1 | H6: =H5+C6 -> 259349.35 | I6: =C6/(10*24*1000) -> 0.27354167 | J6: =H6/(24*B6*10*1000) -> 0.21612446 | K6: Partially Cloudy
A7: 44810 | B7: 6 | C7: 52650 | D7: 5.39 | E7: 10 | F7: 1 | G7: 1 | H7: =H6+C7 -> 311999.35 | I7: =C7/(10*24*1000) -> 0.219375 | J7: =H7/(24*B7*10*1000) -> 0.21666622 | K7: Cloudy and Rainy
A8: 44811 | B8: 7 | C8: 29250.65 | D8: 3.04 | E8: 10.3 | F8: 1 | G8: 1 | H8: =H7+C8 -> 341250 | I8: =C8/(10*24*1000) -> 0.12187771 | J8: =H8/(24*B8*10*1000) -> 0.203125 | K8: Mostly Cloudy
A9: 44812 | B9: 8 | C9: 24698.7 | D9: 2.64 | E9: 10.2 | F9: 1 | G9: 1 | H9: =H8+C9 -> 365948.7 | I9: =C9/(10*24*1000) -> 0.10291125 | J9: =H9/(24*B9*10*1000) -> 0.19059828 | K9: Mostly Cloudy and Rainy
A10: 44813 | B10: 9 | C10: 47450.65 | D10: 4.94 | E10: 10.6 | F10: 1 | G10: 1 | H10: =H9+C10 -> 413399.35 | I10: =C10/(10*24*1000) -> 0.19771104 | J10: =H10/(24*B10*10*1000) -> 0.19138859 | K10: Mostly Cloudy
A11: 44814 | B11: 10 | C11: 43550.65 | D11: 4.49 | E11: 10.1 | F11: 1 | G11: 1 | H11: =H10+C11 -> 456950 | I11: =C11/(10*24*1000) -> 0.18146104 | J11: =H11/(24*B11*10*1000) -> 0.19039583 | K11: Mostly Cloudy
A12: 44815 | B12: 11 | C12: 38350 | D12: 4.02 | E12: 10.4 | F12: 1 | G12: 1 | H12: =H11+C12 -> 495300 | I12: =C12/(10*24*1000) -> 0.15979167 | J12: =H12/(24*B12*10*1000) -> 0.18761364 | K12: Mostly Cloudy
A13: 44816 | B13: 12 | C13: 49398.7 | D13: 5.17 | E13: 10.8 | F13: 1 | G13: 1 | H13: =H12+C13 -> 544698.7 | I13: =C13/(10*24*1000) -> 0.20582792 | J13: =H13/(24*B13*10*1000) -> 0.18913149 | K13: Mostly Cloudy
A14: 44817 | B14: 13 | C14: 49400.65 | D14: 5.1 | E14: 10.2 | F14: 1 | G14: 1 | H14: =H13+C14 -> 594099.35 | I14: =C14/(10*24*1000) -> 0.20583604 | J14: =H14/(24*B14*10*1000) -> 0.19041646 | K14: Mostly Cloudy
... A213: 45016 | B213: 212 | C213: 40950.65 | D213: 5.41 | E213: 7.9 | F213: 1 | G213: 0.94375 | H213: =H212+C213 -> 10782855 | I213: =C213/(10*24*1000) -> 0.17062771 | J213: =H213/(24*B213*10*1000) -> 0.21192717 | K213: Cloudy
A214: 45017 | B214: =VLOOKUP(A214,'BADI SID DATA'!A:B,2,0) -> 1 | C214: 44199.35 | D214: 5.11 | E214: 9.7 | F214: 1 | G214: 1 | H214: =C214 -> 44199.35 | I214: =C214/(10*24*1000) -> 0.18416396 | J214: =H214/(24*B214*10*1000) -> 0.18416396 | K214: Cloudy
A215: 45018 | B215: =VLOOKUP(A215,'BADI SID DATA'!A:B,2,0) -> 2 | C215: 40300 | D215: 4.32 | E215: 10 | F215: 1 | G215: 1 | H215: =C215+H214 -> 84499.35 | I215: =C215/(10*24*1000) -> 0.16791667 | J215: =H215/(24*B215*10*1000) -> 0.17604031 | K215: Mostly Cloudy
A216: 45019 | B216: =VLOOKUP(A216,'BADI SID DATA'!A:B,2,0) -> 3 | C216: 44850 | D216: 5.04 | E216: 9.8 | F216: 1 | G216: 1 | H216: =C216+H215 -> 129349.35 | I216: =C216/(10*24*1000) -> 0.186875 | J216: =H216/(24*B216*10*1000) -> 0.17965188 | K216: Cloudy
A217: 45020 | B217: =VLOOKUP(A217,'BADI SID DATA'!A:B,2,0) -> 4 | C217: 47448.7 | D217: 5.44 | E217: 9.6 | F217: 1 | G217: 1 | H217: =C217+H216 -> 176798.05 | I217: =C217/(10*24*1000) -> 0.19770292 | J217: =H217/(24*B217*10*1000) -> 0.18416464 | K217: Cloudy
A218: 45021 | B218: =VLOOKUP(A218,'BADI SID DATA'!A:B,2,0) -> 5 | C218: 55899.35 | D218: 6.38 | E218: 8.9 | F218: 1 | G218: 1 | H218: =C218+H217 -> 232697.4 | I218: =C218/(10*24*1000) -> 0.23291396 | J218: =H218/(24*B218*10*1000) -> 0.1939145 | K218: Partially Cloudy
A219: 45022 | B219: =VLOOKUP(A219,'BADI SID DATA'!A:B,2,0) -> 6 | C219: 57200 | D219: 6.01 | E219: 9.2 | F219: 1 | G219: 1 | H219: =C219+H218 -> 289897.4 | I219: =C219/(10*24*1000) -> 0.23833333 | J219: =H219/(24*B219*10*1000) -> 0.20131764 | K219: Partially Cloudy
A220: 45023 | B220: =VLOOKUP(A220,'BADI SID DATA'!A:B,2,0) -> 7 | C220: 60449.35 | D220: 6.28 | E220: 9.1 | F220: 1 | G220: 1 | H220: =C220+H219 -> 350346.75 | I220: =C220/(10*24*1000) -> 0.25187229 | J220: =H220/(24*B220*10*1000) -> 0.20853973 | K220: Partially Cloudy
A221: 45024 | B221: =VLOOKUP(A221,'BADI SID DATA'!A:B,2,0) -> 8 | C221: 64349.35 | D221: 6.89 | E221: 9.5 | F221: 1 | G221: 1 | H221: =C221+H220 -> 414696.1 | I221: =C221/(10*24*1000) -> 0.26812229 | J221: =H221/(24*B221*10*1000) -> 0.21598755 | K221: Partially Cloudy
A222: 45025 | B222: =VLOOKUP(A222,'BADI SID DATA'!A:B,2,0) -> 9 | C222: 65000 | D222: 6.69 | E222: 9.1 | F222: 1 | G222: 1 | H222: =C222+H221 -> 479696.1 | I222: =C222/(10*24*1000) -> 0.27083333 | J222: =H222/(24*B222*10*1000) -> 0.22208153 | K222: Sunny
A223: 45026 | B223: =VLOOKUP(A223,'BADI SID DATA'!A:B,2,0) -> 10 | C223: 63051.95 | D223: 6.5 | E223: 9 | F223: 1 | G223: 1 | H223: =C223+H222 -> 542748.05 | I223: =C223/(10*24*1000) -> 0.26271646 | J223: =H223/(24*B223*10*1000) -> 0.22614502 | K223: Partially Cloudy
A224: 45027 | B224: =VLOOKUP(A224,'BADI SID DATA'!A:B,2,0) -> 11 | C224: 63048.7 | D224: 6.5 | E224: 8.9 | F224: 1 | G224: 1 | H224: =C224+H223 -> 605796.75 | I224: =C224/(10*24*1000) -> 0.26270292 | J224: =H224/(24*B224*10*1000) -> 0.22946847 | K224: Sunny
A225: 45028 | B225: =VLOOKUP(A225,'BADI SID DATA'!A:B,2,0) -> 12 | C225: 65000 | D225: 6.8 | E225: 9 | F225: 1 | G225: 1 | H225: =C225+H224 -> 670796.75 | I225: =C225/(10*24*1000) -> 0.27083333 | J225: =H225/(24*B225*10*1000) -> 0.23291554 | K225: Sunny
A226: 45029 | B226: =VLOOKUP(A226,'BADI SID DATA'!A:B,2,0) -> 13 | C226: 63051.95 | D226: 6.6 | E226: 8.7 | F226: 1 | G226: 1 | H226: =C226+H225 -> 733848.7 | I226: =C226/(10*24*1000) -> 0.26271646 | J226: =H226/(24*B226*10*1000) -> 0.23520792 | K226: Sunny
... A250: 45053 | B250: =VLOOKUP(A250,'BADI SID DATA'!A:B,2,0) -> 37 | C250: 52650 | D250: 5.16 | E250: 10.6 | F250: 1 | G250: 1 | H250: =C250+H249 -> 1913596.1 | I250: =C250/(10*24*1000) -> 0.219375 | J250: =H250/(24*B250*10*1000) -> 0.21549506 | K250: Cloudy
A251: 45054 | B251: =VLOOKUP(A251,'BADI SID DATA'!A:B,2,0) -> 38 | C251: 37701.3 | D251: =8.7-5.16 -> 3.54 | E251: 10.6 | F251: 1 | G251: 1 | H251: =C251+H250 -> 1951297.4 | I251: =C251/(10*24*1000) -> 0.15708875 | J251: =H251/(24*B251*10*1000) -> 0.21395805 | K251: Mostly Cloudy and Rainy
A252: 45055 | B252: =VLOOKUP(A252,'BADI SID DATA'!A:B,2,0) -> 39 | C252: 44850 | D252: 5.28 | E252: 9.8 | F252: 1 | G252: 0.96527778 | H252: =C252+H251 -> 1996147.4 | I252: =C252/(10*24*1000) -> 0.186875 | J252: =H252/(24*B252*10*1000) -> 0.21326361 | K252: Cloudy and Rainy
A253: 45056 | B253: =VLOOKUP(A253,'BADI SID DATA'!A:B,2,0) -> 40 | C253: 58501.3 | D253: 5.87 | E253: 9.3 | F253: 1 | G253: 1 | H253: =C253+H252 -> 2054648.7 | I253: =C253/(10*24*1000) -> 0.24375542 | J253: =H253/(24*B253*10*1000) -> 0.21402591 | K253: Partially Cloudy
A254: 45057 | B254: =VLOOKUP(A254,'BADI SID DATA'!A:B,2,0) -> 41 | C254: 48099.35 | D254: 5.31 | E254: 8.9 | F254: 1 | G254: 0.97361111 | H254: =C254+H253 -> 2102748 | I254: =C254/(10*24*1000) -> 0.20041396 | J254: =H254/(24*B254*10*1000) -> 0.21369391 | K254: Cloudy
A255: 45058 | B255: =VLOOKUP(A255,'BADI SID DATA'!A:B,2,0) -> 42 | C255: 52650 | D255: 5.26 | E255: 9.1 | F255: 1 | G255: 1 | H255: =C255+H254 -> 2155398 | I255: =C255/(10*24*1000) -> 0.219375 | J255: =H255/(24*B255*10*1000) -> 0.21382917 | K255: Partially Cloudy
A256: 45059 | B256: =VLOOKUP(A256,'BADI SID DATA'!A:B,2,0) -> 43 | C256: 44850 | D256: 5.04 | E256: 8.2 | F256: 1 | G256: 1 | H256: =C256+H255 -> 2200248 | I256: =C256/(10*24*1000) -> 0.186875 | J256: =H256/(24*B256*10*1000) -> 0.21320233 | K256: Cloudy
A257: 45060 | B257: =VLOOKUP(A257,'BADI SID DATA'!A:B,2,0) -> 44 | C257: 58501.95 | D257: 6.12 | E257: 9.6 | F257: 1 | G257: 1 | H257: =C257+H256 -> 2258750 | I257: =C257/(10*24*1000) -> 0.24375813 | J257: =H257/(24*B257*10*1000) -> 0.21389678 | K257: Partially Cloudy
A258: 45061 | B258: =VLOOKUP(A258,'BADI SID DATA'!A:B,2,0) -> 45 | C258: 40946.1 | D258: 4.23 | E258: 8 | F258: 1 | G258: 0.90416667 | H258: =C258+H257 -> 2299696.1 | I258: =C258/(10*24*1000) -> 0.17060875 | J258: =H258/(24*B258*10*1000) -> 0.21293482 | K258: Partially Cloudy
A259: 45062 | B259: =VLOOKUP(A259,'BADI SID DATA'!A:B,2,0) -> 46 | C259: 52650 | D259: 5.16 | E259: 9.2 | F259: 1 | G259: 0.98125 | H259: =C259+H258 -> 2352346.1 | I259: =C259/(10*24*1000) -> 0.219375 | J259: =H259/(24*B259*10*1000) -> 0.21307483 | K259: Partially Cloudy
A260: 45063 | B260: =VLOOKUP(A260,'BADI SID DATA'!A:B,2,0) -> 47 | C260: 52653.9 | D260: 5.16 | E260: 9.1 | F260: 1 | G260: 1 | H260: =C260+H259 -> 2405000 | I260: =C260/(10*24*1000) -> 0.21939125 | J260: =H260/(24*B260*10*1000) -> 0.21320922 | K260: Partially Cloudy
A261: 45064 | B261: =VLOOKUP(A261,'BADI SID DATA'!A:B,2,0) -> 48 | C261: 44199.35 | D261: 5.11 | E261: 8.1 | F261: 1 | G261: 1 | H261: =C261+H260 -> 2449199.3 | I261: =C261/(10*24*1000) -> 0.18416396 | J261: =H261/(24*B261*10*1000) -> 0.21260411 | K261: Cloudy
A262: 45065 | B262: =VLOOKUP(A262,'BADI SID DATA'!A:B,2,0) -> 49 | C262: 51999.35 | D262: 5.07 | E262: 9.6 | F262: 1 | G262: 1 | H262: =C262+H261 -> 2501198.7 | I262: =C262/(10*24*1000) -> 0.21666396 | J262: =H262/(24*B262*10*1000) -> 0.21268696 | K262: Partially Cloudy
A263: 45066 | B263: =VLOOKUP(A263,'BADI SID DATA'!A:B,2,0) -> 50 | C263: 54598.05 | D263: 6.06 | E263: 9.2 | F263: 1 | G263: 1 | H263: =C263+H262 -> 2555796.7 | I263: =C263/(10*24*1000) -> 0.22749187 | J263: =H263/(24*B263*10*1000) -> 0.21298306 | K263: Partially Cloudy
... A366: 45169 | B366: =VLOOKUP(A366,'BADI SID DATA'!A:B,2,0) -> 153 | C366: 22097.4 | D366: 1.82 | E366: 8.9 | F366: 1 | G366: 0.89861111 | H366: =C366+H365 -> 7613446.1 | I366: =C366/(10*24*1000) -> 0.0920725 | J366: =H366/(24*B366*10*1000) -> 0.20733786 | K366: Mostly Cloudy and Rainy
A367: 45170 | B367: =VLOOKUP(A367,'BADI SID DATA'!A:B,2,0) -> 154 | C367: 37050.65 | D367: 3.6 | E367: 10.3 | F367: 1 | G367: 0.82986111 | H367: =C367 -> 37050.65 | I367: =C367/(10*24*1000) -> 0.15437771 | J367: =H367/(24*B367*10*1000) -> 0.0010024527 | K367: Mostly Cloudy and Rainy
A368: 45171 | B368: =VLOOKUP(A368,'BADI SID DATA'!A:B,2,0) -> 155 | C368: 29901.3 | D368: 2.84 | E368: 9.9 | F368: 1 | G368: 0.87152778 | H368: =C368+H367 -> 66951.95 | I368: =C368/(10*24*1000) -> 0.12458875 | J368: =H368/(24*B368*10*1000) -> 0.0017997836 | K368: Mostly Cloudy and Rainy
A369: 45172 | B369: =VLOOKUP(A369,'BADI SID DATA'!A:B,2,0) -> 156 | C369: 53300.65 | D369: 5.06 | E369: 10.1 | F369: 1 | G369: 1 | H369: =C369+H368 -> 120252.6 | I369: =C369/(10*24*1000) -> 0.22208604 | J369: =H369/(24*B369*10*1000) -> 0.003211875 | K369: Cloudy
A370: 45173 | B370: =VLOOKUP(A370,'BADI SID DATA'!A:B,2,0) -> 157 | C370: 23399.35 | D370: 1.91 | E370: 9.6 | F370: 1 | G370: 0.94444444 | H370: =C370+H369 -> 143651.95 | I370: =C370/(10*24*1000) -> 0.097497292 | J370: =H370/(24*B370*10*1000) -> 0.0038124191 | K370: Mostly Cloudy and Rainy
A371: 45174 | B371: =VLOOKUP(A371,'BADI SID DATA'!A:B,2,0) -> 158 | C371: 37700.65 | D371: 3.23 | E371: 10.3 | F371: 1 | G371: 0.9125 | H371: =C371+H370 -> 181352.6 | I371: =C371/(10*24*1000) -> 0.15708604 | J371: =H371/(24*B371*10*1000) -> 0.0047825053 | K371: Mostly Cloudy and Rainy
A372: 45175 | B372: =VLOOKUP(A372,'BADI SID DATA'!A:B,2,0) -> 159 | C372: 51348.7 | D372: 5.05 | E372: 10.1 | F372: 1 | G372: 1 | H372: =C372+H371 -> 232701.3 | I372: =C372/(10*24*1000) -> 0.21395292 | J372: =H372/(24*B372*10*1000) -> 0.0060980425 | K372: Cloudy
A373: 45176 | B373: =VLOOKUP(A373,'BADI SID DATA'!A:B,2,0) -> 160 | C373: 55252.6 | D373: 5.33 | E373: 10.5 | F373: 1 | G373: 1 | H373: =C373+H372 -> 287953.9 | I373: =C373/(10*24*1000) -> 0.23021917 | J373: =H373/(24*B373*10*1000) -> 0.0074987995 | K373: Partially Cloudy
A374: 45177 | B374: =VLOOKUP(A374,'BADI SID DATA'!A:B,2,0) -> 161 | C374: 46798.05 | D374: 4.51 | E374: 9.2 | F374: 1 | G374: 1 | H374: =C374+H373 -> 334751.95 | I374: =C374/(10*24*1000) -> 0.19499188 | J374: =H374/(24*B374*10*1000) -> 0.0086633527 | K374: Cloudy
A375: 45178 | B375: =VLOOKUP(A375,'BADI SID DATA'!A:B,2,0) -> 162 | C375: 60449.35 | D375: 6.1 | E375: 10.1 | F375: 1 | G375: 0.92708333 | H375: =C375+H374 -> 395201.3 | I375: =C375/(10*24*1000) -> 0.25187229 | J375: =H375/(24*B375*10*1000) -> 0.010164642 | K375: Partially Cloudy
A376: 45179 | B376: =VLOOKUP(A376,'BADI SID DATA'!A:B,2,0) -> 163 | C376: 43548.7 | D376: 4.04 | E376: 9.9 | F376: 1 | G376: 1 | H376: =C376+H375 -> 438750 | I376: =C376/(10*24*1000) -> 0.18145292 | J376: =H376/(24*B376*10*1000) -> 0.011215491 | K376: Cloudy
A377: 45180 | B377: =VLOOKUP(A377,'BADI SID DATA'!A:B,2,0) -> 164 | C377: 48103.25 | D377: 4.54 | E377: 10.3 | F377: 1 | G377: 1 | H377: =C377+H376 -> 486853.25 | I377: =C377/(10*24*1000) -> 0.20043021 | J377: =H377/(24*B377*10*1000) -> 0.012369239 | K377: Cloudy
A378: 45181 | B378: =VLOOKUP(A378,'BADI SID DATA'!A:B,2,0) -> 165 | C378: 54598.05 | D378: 5.25 | E378: 10.5 | F378: 1 | G378: 1 | H378: =C378+H377 -> 541451.3 | I378: =C378/(10*24*1000) -> 0.22749187 | J378: =H378/(24*B378*10*1000) -> 0.013673013 | K378: Partially Cloudy
A379: 45182 | B379: =VLOOKUP(A379,'BADI SID DATA'!A:B,2,0) -> 166 | C379: 57200.65 | D379: 5.64 | E379: 9.9 | F379: 1 | G379: 1 | H379: =C379+H378 -> 598651.95 | I379: =C379/(10*24*1000) -> 0.23833604 | J379: =H379/(24*B379*10*1000) -> 0.015026404 | K379: Partially Cloudy
... A579: 45382 | B579: =VLOOKUP(A579,'BADI SID DATA'!A:B,2,0) -> 366 | C579: 63048.7 | D579: 6.92 | E579: 10.2 | F579: 1 | G579: 0.54166667 | H579: =C579+H578 -> 10835496 | I579: =C579/(10*24*1000) -> 0.26270292 | J579: =H579/(24*B579*10*1000) -> 0.12335492 | K579: Partially Cloudy
A580: 45383 | B580: =VLOOKUP(A580,'BADI SID DATA'!A:B,2,0) -> 1 | C580: 59802.6 | D580: 6.53 | E580: 10 | F580: 1 | G580: 1 | H580: =C580 -> 59802.6 | I580: =C580/(10*24*1000) -> 0.2491775 | J580: =H580/(24*B580*10*1000) -> 0.2491775 | K580: Partially Cloudy
A581: 45384 | B581: =VLOOKUP(A581,'BADI SID DATA'!A:B,2,0) -> 2 | C581: 63698.7 | D581: 6.97 | E581: 10.1 | F581: 1 | G581: 1 | H581: =C581+H580 -> 123501.3 | I581: =C581/(10*24*1000) -> 0.26541125 | J581: =H581/(24*B581*10*1000) -> 0.25729437 | K581: Sunny
A582: 45385 | B582: =VLOOKUP(A582,'BADI SID DATA'!A:B,2,0) -> 3 | C582: 61100 | D582: 6.72 | E582: 9.9 | F582: 1 | G582: 0.90138889 | H582: =C582+H581 -> 184601.3 | I582: =C582/(10*24*1000) -> 0.25458333 | J582: =H582/(24*B582*10*1000) -> 0.25639069 | K582: Partially Cloudy
A583: 45386 | B583: =VLOOKUP(A583,'BADI SID DATA'!A:B,2,0) -> 4 | C583: 64349.35 | D583: 7.17 | E583: 10.2 | F583: 1 | G583: 1 | H583: =C583+H582 -> 248950.65 | I583: =C583/(10*24*1000) -> 0.26812229 | J583: =H583/(24*B583*10*1000) -> 0.25932359 | K583: Sunny
A584: 45387 | B584: =VLOOKUP(A584,'BADI SID DATA'!A:B,2,0) -> 5 | C584: 58501.95 | D584: 6.53 | E584: 10.1 | F584: 1 | G584: 0.98194444 | H584: =C584+H583 -> 307452.6 | I584: =C584/(10*24*1000) -> 0.24375812 | J584: =H584/(24*B584*10*1000) -> 0.2562105 | K584: Partially Cloudy
A585: 45388 | B585: =VLOOKUP(A585,'BADI SID DATA'!A:B,2,0) -> 6 | C585: 57196.1 | D585: 6.44 | E585: 10 | F585: 1 | G585: 0.98680556 | H585: =C585+H584 -> 364648.7 | I585: =C585/(10*24*1000) -> 0.23831708 | J585: =H585/(24*B585*10*1000) -> 0.25322826 | K585: Partially Cloudy
A586: 45389 | B586: =VLOOKUP(A586,'BADI SID DATA'!A:B,2,0) -> 7 | C586: 61100 | D586: 6.75 | E586: 10.1 | F586: 1 | G586: 1 | H586: =C586+H585 -> 425748.7 | I586: =C586/(10*24*1000) -> 0.25458333 | J586: =H586/(24*B586*10*1000) -> 0.25342185 | K586: Sunny
A587: 45390 | B587: =VLOOKUP(A587,'BADI SID DATA'!A:B,2,0) -> 8 | C587: 61751.3 | D587: 6.86 | E587: 10.1 | F587: 1 | G587: 1 | H587: =C587+H586 -> 487500 | I587: =C587/(10*24*1000) -> 0.25729708 | J587: =H587/(24*B587*10*1000) -> 0.25390625 | K587: Sunny
A588: 45391 | B588: =VLOOKUP(A588,'BADI SID DATA'!A:B,2,0) -> 9 | C588: 62401.3 | D588: 6.82 | E588: 10 | F588: 1 | G588: 1 | H588: =C588+H587 -> 549901.3 | I588: =C588/(10*24*1000) -> 0.26000542 | J588: =H588/(24*B588*10*1000) -> 0.25458394 | K588: Sunny
A589: 45392 | B589: =VLOOKUP(A589,'BADI SID DATA'!A:B,2,0) -> 10 | C589: 63048.05 | D589: 6.84 | E589: 10 | F589: 1 | G589: 1 | H589: =C589+H588 -> 612949.35 | I589: =C589/(10*24*1000) -> 0.26270021 | J589: =H589/(24*B589*10*1000) -> 0.25539556 | K589: Sunny
A590: 45393 | B590: =VLOOKUP(A590,'BADI SID DATA'!A:B,2,0) -> 11 | C590: 63051.95 | D590: 6.99 | E590: 10.1 | F590: 1 | G590: 1 | H590: =C590+H589 -> 676001.3 | I590: =C590/(10*24*1000) -> 0.26271646 | J590: =H590/(24*B590*10*1000) -> 0.2560611 | K590: Sunny
A591: 45394 | B591: =VLOOKUP(A591,'BADI SID DATA'!A:B,2,0) -> 12 | C591: 54598.05 | D591: 6.18 | E591: 10.4 | F591: 1 | G591: 1 | H591: =C591+H590 -> 730599.35 | I591: =C591/(10*24*1000) -> 0.22749187 | J591: =H591/(24*B591*10*1000) -> 0.25368033 | K591: Partially Cloudy
A592: 45395 | B592: =VLOOKUP(A592,'BADI SID DATA'!A:B,2,0) -> 13 | C592: 55251.95 | D592: 5.91 | E592: 10.5 | F592: 1 | G592: 1 | H592: =C592+H591 -> 785851.3 | I592: =C592/(10*24*1000) -> 0.23021646 | J592: =H592/(24*B592*10*1000) -> 0.25187542 | K592: Partially Cloudy
... A725: 45528 | B725: =VLOOKUP(A725,'BADI SID DATA'!A:B,2,0) -> 146 | C725: 50051.3 | D725: 4.78 | E725: 10 | F725: 1 | G725: 0.52847222 | H725: =C725+H724 -> 6823698.7 | I725: =C725/(10*24*1000) -> 0.20854708 | J725: =H725/(24*B725*10*1000) -> 0.19474026 | K725: Cloudy
A726: 45529 | B726: =VLOOKUP(A726,'BADI SID DATA'!A:B,2,0) -> 147 | C726: 46155.2 | D726: =9.34-4.81 -> 4.53 | E726: 11 | F726: 1 | G726: 1 | H726: =C726+H725 -> 6869853.9 | I726: =C726/(10*24*1000) -> 0.19231333 | J726: =H726/(24*B726*10*1000) -> 0.19472375 | K726: Cloudy
A727: 45530 | B727: =VLOOKUP(A727,'BADI SID DATA'!A:B,2,0) -> 148 | C727: 50694.15 | D727: 4.76 | E727: 11.1 | F727: 1 | G727: 0.91666667 | H727: =C727+H726 -> 6920548.1 | I727: =C727/(10*24*1000) -> 0.21122563 | J727: =H727/(24*B727*10*1000) -> 0.19483525 | K727: Cloudy
A728: 45531 | B728: =VLOOKUP(A728,'BADI SID DATA'!A:B,2,0) -> 149 | C728: 39648.7 | D728: 3.62 | E728: 10.3 | F728: 1 | G728: 1 | H728: =C728+H727 -> 6960196.7 | I728: =C728/(10*24*1000) -> 0.16520292 | J728: =H728/(24*B728*10*1000) -> 0.19463637 | K728: Mostly Cloudy and Rainy
A729: 45532 | B729: =VLOOKUP(A729,'BADI SID DATA'!A:B,2,0) -> 150 | C729: 39657.15 | D729: 3.55 | E729: 8.9 | F729: 1 | G729: 1 | H729: =C729+H728 -> 6999853.9 | I729: =C729/(10*24*1000) -> 0.16523813 | J729: =H729/(24*B729*10*1000) -> 0.19444039 | K729: Mostly Cloudy and Rainy
A730: 45533 | B730: =VLOOKUP(A730,'BADI SID DATA'!A:B,2,0) -> 151 | C730: 33793.5 | D730: 2.88 | E730: 7.5 | F730: 1 | G730: 1 | H730: =C730+H729 -> 7033647.4 | I730: =C730/(10*24*1000) -> 0.14080625 | J730: =H730/(24*B730*10*1000) -> 0.19408519 | K730: Mostly Cloudy and Rainy
A731: 45534 | B731: =VLOOKUP(A731,'BADI SID DATA'!A:B,2,0) -> 152 | C731: 38355.2 | D731: 3.34 | E731: 7.9 | F731: 1 | G731: 1 | H731: =C731+H730 -> 7072002.6 | I731: =C731/(10*24*1000) -> 0.15981333 | J731: =H731/(24*B731*10*1000) -> 0.19385972 | K731: Mostly Cloudy and Rainy
A732: 45535 | B732: =VLOOKUP(A732,'BADI SID DATA'!A:B,2,0) -> 153 | C732: 29247.4 | D732: 2.36 | E732: 7.1 | F732: 1 | G732: 0.9375 | H732: =C732+H731 -> 7101250 | I732: =C732/(10*24*1000) -> 0.12186417 | J732: =H732/(24*B732*10*1000) -> 0.19338916 | K732: Mostly Cloudy and Rainy
A733: 45536 | B733: =VLOOKUP(A733,'BADI SID DATA'!A:B,2,0) -> 154 | C733: 57200.65 | D733: 5.51 | E733: 10.1 | F733: 1 | G733: 1 | H733: =C733 -> 57200.65 | I733: =C733/(10*24*1000) -> 0.23833604 | J733: =H733/(24*B733*10*1000) -> 0.0015476366 | K733: Cloudy
A734: 45537 | B734: =VLOOKUP(A734,'BADI SID DATA'!A:B,2,0) -> 155 | C734: 53300 | D734: 5.3 | E734: 10.2 | F734: 1 | G734: 1 | H734: =H733+C734 -> 110500.65 | I734: =C734/(10*24*1000) -> 0.22208333 | J734: =H734/(24*B734*10*1000) -> 0.0029704476 | K734: Cloudy
A735: 45538 | B735: =VLOOKUP(A735,'BADI SID DATA'!A:B,2,0) -> 156 | C735: 50050 | D735: 4.8 | E735: 9.5 | F735: 1 | G735: 0.76041667 | H735: =C735+H734 -> 160550.65 | I735: =C735/(10*24*1000) -> 0.20854167 | J735: =H735/(24*B735*10*1000) -> 0.0042882118 | K735: Cloudy
A736: 45539 | B736: =VLOOKUP(A736,'BADI SID DATA'!A:B,2,0) -> 157 | C736: 44850 | D736: =8.94-D735 -> 4.14 | E736: 9.1 | F736: 1 | G736: 0.73958333 | H736: =C736+H735 -> 205400.65 | I736: =C736/(10*24*1000) -> 0.186875 | J736: =H736/(24*B736*10*1000) -> 0.005451185 | K736: Cloudy and Rainy
A737: 45540 | B737: =VLOOKUP(A737,'BADI SID DATA'!A:B,2,0) -> 158 | C737: 48750 | D737: =13.73-8.94 -> 4.79 | E737: 10 | F737: 1 | G737: 0.85069444 | H737: =C737+H736 -> 254150.65 | I737: =C737/(10*24*1000) -> 0.203125 | J737: =H737/(24*B737*10*1000) -> 0.0067022851 | K737: Cloudy and Rainy
A738: 45541 | B738: =VLOOKUP(A738,'BADI SID DATA'!A:B,2,0) -> 159 | C738: 39000 | D738: =17.21-13.73 -> 3.48 | E738: 7.5 | F738: 1 | G738: 0.74513889 | H738: =C738+H737 -> 293150.65 | I738: =C738/(10*24*1000) -> 0.1625 | J738: =H738/(24*B738*10*1000) -> 0.0076821449 | K738: Mostly Cloudy and Rainy
A739: 45542 | B739: =VLOOKUP(A739,'BADI SID DATA'!A:B,2,0) -> 160 | C739: 40950 | D739: 3.77 | E739: 6.5 | F739: 1 | G739: 0.71527778 | H739: =C739+H738 -> 334100.65 | I739: =C739/(10*24*1000) -> 0.170625 | J739: =H739/(24*B739*10*1000) -> 0.0087005378 | K739: Mostly Cloudy and Rainy
A740: 45543 | B740: =VLOOKUP(A740,'BADI SID DATA'!A:B,2,0) -> 161 | C740: 37046.75 | D740: =6.99-3.77 -> 3.22 | E740: 7.2 | F740: 1 | G740: 0.74513889 | H740: =C740+H739 -> 371147.4 | I740: =C740/(10*24*1000) -> 0.15436146 | J740: =H740/(24*B740*10*1000) -> 0.009605264 | K740: Mostly Cloudy and Rainy
A741: 45544 | B741: =VLOOKUP(A741,'BADI SID DATA'!A:B,2,0) -> 162 | C741: 42901.95 | D741: 3.97 | E741: 8.5 | F741: 1 | G741: 1 | H741: =C741+H740 -> 414049.35 | I741: =C741/(10*24*1000) -> 0.17875813 | J741: =H741/(24*B741*10*1000) -> 0.010649417 | K741: Mostly Cloudy and Rainy
A742: 45545 | B742: =VLOOKUP(A742,'BADI SID DATA'!A:B,2,0) -> 163 | C742: 58501.3 | D742: 5.81 | E742: 10.2 | F742: 1 | G742: 1 | H742: =C742+H741 -> 472550.65 | I742: =C742/(10*24*1000) -> 0.24375542 | J742: =H742/(24*B742*10*1000) -> 0.012079516 | K742: Partially Cloudy
A743: 45546 | B743: =VLOOKUP(A743,'BADI SID DATA'!A:B,2,0) -> 164 | C743: 47449.35 | D743: 4.4 | E743: 10.4 | F743: 1 | G743: 1 | H743: =C743+H742 -> 520000 | I743: =C743/(10*24*1000) -> 0.19770562 | J743: =H743/(24*B743*10*1000) -> 0.013211382 | K743: Cloudy
A744: 45547 | B744: =VLOOKUP(A744,'BADI SID DATA'!A:B,2,0) -> 165 | C744: 51351.95 | D744: =9.56-D743 -> 5.16 | E744: 10.5 | F744: 1 | G744: 1 | H744: =C744+H743 -> 571351.95 | I744: =C744/(10*24*1000) -> 0.21396646 | J744: =H744/(24*B744*10*1000) -> 0.01442808 | K744: Cloudy
A745: 45548 | B745: =VLOOKUP(A745,'BADI SID DATA'!A:B,2,0) -> 166 | C745: 60446.1 | D745: 5.94 | E745: 10.2 | F745: 1 | G745: 1 | H745: =C745+H744 -> 631798.05 | I745: =C745/(10*24*1000) -> 0.25185875 | J745: =H745/(24*B745*10*1000) -> 0.015858385 | K745: Partially Cloudy
A746: 45549 | B746: =VLOOKUP(A746,'BADI SID DATA'!A:B,2,0) -> 167 | C746: 63055.85 | D746: 6.51 | E746: 10.2 | F746: 1 | G746: 1 | H746: =C746+H745 -> 694853.9 | I746: =C746/(10*24*1000) -> 0.26273271 | J746: =H746/(24*B746*10*1000) -> 0.017336674 | K746: Sunny
A747: 45550 | B747: =VLOOKUP(A747,'BADI SID DATA'!A:B,2,0) -> 168 | C747: 62397.4 | D747: 6.34 | E747: 10 | F747: 1 | G747: 1 | H747: =C747+H746 -> 757251.3 | I747: =C747/(10*24*1000) -> 0.25998917 | J747: =H747/(24*B747*10*1000) -> 0.018781034 | K747: Partially Cloudy
A748: 45551 | B748: =VLOOKUP(A748,'BADI SID DATA'!A:B,2,0) -> 169 | C748: 62397.4 | D748: 6.35 | E748: 10.3 | F748: 1 | G748: 1 | H748: =C748+H747 -> 819648.7 | I748: =C748/(10*24*1000) -> 0.25998917 | J748: =H748/(24*B748*10*1000) -> 0.020208301 | K748: Partially Cloudy
A749: 45552 | B749: =VLOOKUP(A749,'BADI SID DATA'!A:B,2,0) -> 170 | C749: 61103.9 | D749: 6.29 | E749: 10 | F749: 1 | G749: 1 | H749: =C749+H748 -> 880752.6 | I749: =C749/(10*24*1000) -> 0.25459958 | J749: =H749/(24*B749*10*1000) -> 0.021587074 | K749: Partially Cloudy
A750: 45553 | B750: =VLOOKUP(A750,'BADI SID DATA'!A:B,2,0) -> 171 | C750: 62398.05 | D750: 6.36 | E750: 10.1 | F750: 1 | G750: 1 | H750: =C750+H749 -> 943150.65 | I750: =C750/(10*24*1000) -> 0.25999187 | J750: =H750/(24*B750*10*1000) -> 0.022981254 | K750: Partially Cloudy
A751: 45554 | B751: =VLOOKUP(A751,'BADI SID DATA'!A:B,2,0) -> 172 | C751: 53946.75 | D751: 5.58 | E751: 10.2 | F751: 1 | G751: 0.90138889 | H751: =C751+H750 -> 997097.4 | I751: =C751/(10*24*1000) -> 0.22477812 | J751: =H751/(24*B751*10*1000) -> 0.024154491 | K751: Cloudy
A752: 45555 | B752: =VLOOKUP(A752,'BADI SID DATA'!A:B,2,0) -> 173 | C752: 43553.25 | D752: 4.3 | E752: 10.5 | F752: 1 | G752: 1 | H752: =C752+H751 -> 1040650.7 | I752: =C752/(10*24*1000) -> 0.18147188 | J752: =H752/(24*B752*10*1000) -> 0.02506384 | K752: Cloudy
A753: 45556 | B753: =VLOOKUP(A753,'BADI SID DATA'!A:B,2,0) -> 174 | C753: 48099.35 | D753: 4.68 | E753: 10.7 | F753: 1 | G753: 0.9375 | H753: =C753+H752 -> 1088750 | I753: =C753/(10*24*1000) -> 0.20041396 | J753: =H753/(24*B753*10*1000) -> 0.0260716 | K753: Cloudy
A754: 45557 | B754: =VLOOKUP(A754,'BADI SID DATA'!A:B,2,0) -> 175 | C754: 53303.9 | D754: 5.23 | E754: 10.9 | F754: 1 | G754: 1 | H754: =C754+H753 -> 1142053.9 | I754: =C754/(10*24*1000) -> 0.22209958 | J754: =H754/(24*B754*10*1000) -> 0.02719176 | K754: Cloudy
...

Sheet Agatti Dashboard
B1: Date | C1: ='SECI O&M Dashboard'!E3 -> 46027
B4: SECI 0.3 MW Agatti Lakshdweep
B5: Date* | D5: =C1 -> 46027 | F5: Year Till date* | H5: Last FY Performance^
B6: *Data is without considering radiation correction | H6: ^Data is with radiation correction
B7: GHI (Kwh/sq. m) | C7: Exported generation (MU) | D7: CUF (%) | E7: Peak Power (Kw) | F7: Exported generation (MU) | G7: CUF (%) | H7: Exported generation (MU) | J7: CUF (%)
B8: =VLOOKUP(C1,'Agatti Data'!A:D,4,0) -> 3.96 | C8: =VLOOKUP(C1,'Agatti Data'!A:C,3,FALSE)/10^6 -> 0.001075 | D8: =VLOOKUP(C1,'Agatti Data'!A:I,9,0) -> 0.14930556 | E8: =VLOOKUP(C1,'Agatti Data'!A:E,5,0) -> 190 | F8: =VLOOKUP(C1,'Agatti Data'!A:H,8,0)/10^6 -> 0.3459531 | G8: =VLOOKUP(C1,'Agatti Data'!A:J,10,0) -> 0.17160372
B11: Generation Data for last 7 days
B12: Date | C12: Radiation POA (Kwh/sq. m) | D12: Exported generation (KWh) | E12: CUF (%) | F12: Peak Power (Kw) | G12: Radiation POA (Kwh/sq. m) | H12: Exported generation (KWh) | I12: CUF (%) | J12: Peak Power (KwH)
C13: =YEAR(C1) -> 2026 | G13: =C13-1 -> 2025
B14: =C1-1 -> 46026 | C14: =VLOOKUP(B14,'Agatti Data'!A:D,4,0) -> 4.54 | D14: =VLOOKUP(B14,'Agatti Data'!A:C,3,0) -> 1233 | E14: =VLOOKUP('Agatti Dashboard'!B14,'Agatti Data'!A:I,9,0) -> 0.17125 | F14: =VLOOKUP(B14,'Agatti Data'!A:E,5,0) -> 210 | G14: =VLOOKUP(B14-365,'Agatti Data'!A:D,4,0) -> 3.75 | H14: =VLOOKUP(B14-365,'Agatti Data'!A:C,3,0) -> 1098.2 | I14: =VLOOKUP(B14-365,'Agatti Data'!A:I,9,0) -> 0.15252778 | J14: =VLOOKUP(B14-365,'Agatti Data'!A:E,5,0) -> 0
B15: =B14-1 -> 46025 | C15: =VLOOKUP(B15,'Agatti Data'!A:D,4,0) -> 4.09 | D15: =VLOOKUP(B15,'Agatti Data'!A:C,3,0) -> 1098 | E15: =VLOOKUP('Agatti Dashboard'!B15,'Agatti Data'!A:I,9,0) -> 0.1525 | F15: =VLOOKUP(B15,'Agatti Data'!A:E,5,0) -> 238 | G15: =VLOOKUP(B15-365,'Agatti Data'!A:D,4,0) -> 4.23 | H15: =VLOOKUP(B15-365,'Agatti Data'!A:C,3,0) -> 1214.7 | I15: =VLOOKUP(B15-365,'Agatti Data'!A:I,9,0) -> 0.16870833 | J15: =VLOOKUP(B15-365,'Agatti Data'!A:E,5,0) -> 0
B16: =B15-1 -> 46024 | C16: =VLOOKUP(B16,'Agatti Data'!A:D,4,0) -> 4.41 | D16: =VLOOKUP(B16,'Agatti Data'!A:C,3,0) -> 1193 | E16: =VLOOKUP('Agatti Dashboard'!B16,'Agatti Data'!A:I,9,0) -> 0.16569444 | F16: =VLOOKUP(B16,'Agatti Data'!A:E,5,0) -> 212 | G16: =VLOOKUP(B16-365,'Agatti Data'!A:D,4,0) -> 4.45 | H16: =VLOOKUP(B16-365,'Agatti Data'!A:C,3,0) -> 1131.7 | I16: =VLOOKUP(B16-365,'Agatti Data'!A:I,9,0) -> 0.15718056 | J16: =VLOOKUP(B16-365,'Agatti Data'!A:E,5,0) -> 0
B17: =B16-1 -> 46023 | C17: =VLOOKUP(B17,'Agatti Data'!A:D,4,0) -> 3.73 | D17: =VLOOKUP(B17,'Agatti Data'!A:C,3,0) -> 973 | E17: =VLOOKUP('Agatti Dashboard'!B17,'Agatti Data'!A:I,9,0) -> 0.13513889 | F17: =VLOOKUP(B17,'Agatti Data'!A:E,5,0) -> 213 | G17: =VLOOKUP(B17-365,'Agatti Data'!A:D,4,0) -> 4.78 | H17: =VLOOKUP(B17-365,'Agatti Data'!A:C,3,0) -> 1238.6 | I17: =VLOOKUP(B17-365,'Agatti Data'!A:I,9,0) -> 0.17202778 | J17: =VLOOKUP(B17-365,'Agatti Data'!A:E,5,0) -> 0
B18: =B17-1 -> 46022 | C18: =VLOOKUP(B18,'Agatti Data'!A:D,4,0) -> 3.39 | D18: =VLOOKUP(B18,'Agatti Data'!A:C,3,0) -> 932 | E18: =VLOOKUP('Agatti Dashboard'!B18,'Agatti Data'!A:I,9,0) -> 0.12944444 | F18: =VLOOKUP(B18,'Agatti Data'!A:E,5,0) -> 220 | G18: =VLOOKUP(B18-365,'Agatti Data'!A:D,4,0) -> 4.56 | H18: =VLOOKUP(B18-365,'Agatti Data'!A:C,3,0) -> 1248.5 | I18: =VLOOKUP(B18-365,'Agatti Data'!A:I,9,0) -> 0.17340278 | J18: =VLOOKUP(B18-365,'Agatti Data'!A:E,5,0) -> 0
B19: =B18-1 -> 46021 | C19: =VLOOKUP(B19,'Agatti Data'!A:D,4,0) -> 4.76 | D19: =VLOOKUP(B19,'Agatti Data'!A:C,3,0) -> 1296 | E19: =VLOOKUP('Agatti Dashboard'!B19,'Agatti Data'!A:I,9,0) -> 0.18 | F19: =VLOOKUP(B19,'Agatti Data'!A:E,5,0) -> 199 | G19: =VLOOKUP(B19-365,'Agatti Data'!A:D,4,0) -> 4.68 | H19: =VLOOKUP(B19-365,'Agatti Data'!A:C,3,0) -> 1267 | I19: =VLOOKUP(B19-365,'Agatti Data'!A:I,9,0) -> 0.17597222 | J19: =VLOOKUP(B19-365,'Agatti Data'!A:E,5,0) -> 0
B20: =B19-1 -> 46020 | C20: =VLOOKUP(B20,'Agatti Data'!A:D,4,0) -> 4.83 | D20: =VLOOKUP(B20,'Agatti Data'!A:C,3,0) -> 1296 | E20: =VLOOKUP('Agatti Dashboard'!B20,'Agatti Data'!A:I,9,0) -> 0.18 | F20: =VLOOKUP(B20,'Agatti Data'!A:E,5,0) -> 198 | G20: =VLOOKUP(B20-365,'Agatti Data'!A:D,4,0) -> 4.3 | H20: =VLOOKUP(B20-365,'Agatti Data'!A:C,3,0) -> 1182.8 | I20: =VLOOKUP(B20-365,'Agatti Data'!A:I,9,0) -> 0.16427778 | J20: =VLOOKUP(B20-365,'Agatti Data'!A:E,5,0) -> 0

Sheet Kaveratti 1.4 MW Solar+BESS DB
B1: Date | C1: ='SECI O&M Dashboard'!E3 -> 46027
B4: SECI 1.4 Mw SPV with 1.4 Mwh BESS Kaveratti, Lakshdweep
B5: As on Date* | E5: =C1 -> 46027 | H5: Year Till date* | L5: Last FY Performance^
B6: *Data is without considering radiation correction | L6: ^Data is with radiation correction
B7: Solar | F7: BESS | H7: Solar | J7: BESS | L7: Solar | N7: BESS
B8: GHI (Kwh/sq. m) | C8: Exported generation (MU) | D8: CUF (%) | E8: Peak Power (In MW) | F8: Net Energy Export (MwH) | G8: Net Energy FED (MwH) | H8: Exported generation (MU) | I8: CUF (%) | J8: Net Energy Export (MwH) | K8: Net Energy FED (MwH) | L8: Exported generation (MU) | M8: CUF (%) | N8: Net Energy Export (MwH) | O8: Net Energy FED (MwH)
B9: =VLOOKUP(C1,'Kaveratti Data'!A:D,4,0) -> 4.3 | C9: =VLOOKUP(C1,'Kaveratti Data'!A:C,3,0)/10^6 -> 0.005537 | D9: =VLOOKUP(C1,'Kaveratti Data'!A:N,14,0) -> 0.16479167 | E9: =VLOOKUP(C1,'Kaveratti Data'!A:E,5,0) -> 938 | F9: =VLOOKUP(C1,'Kaveratti Data'!A:G,6,0) -> 1275 | G9: =VLOOKUP(C1,'Kaveratti Data'!A:H,7,0) -> 1434 | H9: =VLOOKUP(C1,'Kaveratti Data'!A:K,11,0)/10^6 -> 1.6155374 | I9: =VLOOKUP(C1,'Kaveratti Data'!A:O,15,0) -> 0.17171954 | J9: =VLOOKUP(C1,'Kaveratti Data'!A:M,12,0) -> 87752.61 | K9: =VLOOKUP(C1,'Kaveratti Data'!A:M,13,0) -> 96962
B12: Generation Data for last 7 days
C13: Solar | G13: BESS | I13: Solar | M13: BESS
B14: Date | C14: GHI (Kwh/sq. m) | D14: Exported generation (KWh) | E14: CUF (%) | F14: Peak Power (In MW) | G14: Net Export (MwH) | H14: Net Energy FED (MwH) | I14: GHI (Kwh/sq. m) | J14: Exported generation (KWh) | K14: CUF (%) | L14: Peak Power (In MW) | M14: Net Export (MwH) | N14: Net Energy FED (MwH)
C15: =YEAR(C1) -> 2026 | I15: =C15-1 -> 2025
B16: =C1-1 -> 46026 | C16: =VLOOKUP(B16,'Kaveratti Data'!A:D,4,0) -> 4.47 | D16: =VLOOKUP(B16,'Kaveratti Data'!A:C,3,0) -> 5621 | E16: =VLOOKUP(B16,'Kaveratti Data'!A:N,14,0) -> 0.16729167 | F16: =VLOOKUP(B16,'Kaveratti Data'!A:E,5,0) -> 935 | G16: =VLOOKUP(B16,'Kaveratti Data'!A:G,6,0) -> 1143 | H16: =VLOOKUP(B16,'Kaveratti Data'!A:H,7,0) -> 1383 | I16: =VLOOKUP(B16-366,'Kaveratti Data'!A:D,4,0) -> 4.9 | J16: =VLOOKUP(B16-366,'Kaveratti Data'!A:C,3,0) -> 6073.6 | K16: =VLOOKUP(B16-366,'Kaveratti Data'!A:N,14,0) -> 0.1807619 | L16: =VLOOKUP(B16-366,'Kaveratti Data'!A:E,5,0) -> 0 | M16: =VLOOKUP(B16-366,'Kaveratti Data'!A:G,6,0) -> 0 | N16: =VLOOKUP(B16-366,'Kaveratti Data'!A:H,7,0) -> 0
B17: =B16-1 -> 46025 | C17: =VLOOKUP(B17,'Kaveratti Data'!A:D,4,0) -> 4 | D17: =VLOOKUP(B17,'Kaveratti Data'!A:C,3,0) -> 4941 | E17: =VLOOKUP(B17,'Kaveratti Data'!A:N,14,0) -> 0.14705357 | F17: =VLOOKUP(B17,'Kaveratti Data'!A:E,5,0) -> 1103 | G17: =VLOOKUP(B17,'Kaveratti Data'!A:G,6,0) -> 1131 | H17: =VLOOKUP(B17,'Kaveratti Data'!A:H,7,0) -> 1274 | I17: =VLOOKUP(B17-366,'Kaveratti Data'!A:D,4,0) -> 5.13 | J17: =VLOOKUP(B17-366,'Kaveratti Data'!A:C,3,0) -> 6401.4 | K17: =VLOOKUP(B17-366,'Kaveratti Data'!A:N,14,0) -> 0.19051786 | L17: =VLOOKUP(B17-366,'Kaveratti Data'!A:E,5,0) -> 0 | M17: =VLOOKUP(B17-366,'Kaveratti Data'!A:G,6,0) -> 0 | N17: =VLOOKUP(B17-366,'Kaveratti Data'!A:H,7,0) -> 0
B18: =B17-1 -> 46024 | C18: =VLOOKUP(B18,'Kaveratti Data'!A:D,4,0) -> 5.24 | D18: =VLOOKUP(B18,'Kaveratti Data'!A:C,3,0) -> 6537 | E18: =VLOOKUP(B18,'Kaveratti Data'!A:N,14,0) -> 0.19455357 | F18: =VLOOKUP(B18,'Kaveratti Data'!A:E,5,0) -> 1073 | G18: =VLOOKUP(B18,'Kaveratti Data'!A:G,6,0) -> 1337 | H18: =VLOOKUP(B18,'Kaveratti Data'!A:H,7,0) -> 1511 | I18: =VLOOKUP(B18-366,'Kaveratti Data'!A:D,4,0) -> 5.39 | J18: =VLOOKUP(B18-366,'Kaveratti Data'!A:C,3,0) -> 6691.3 | K18: =VLOOKUP(B18-366,'Kaveratti Data'!A:N,14,0) -> 0.19914583 | L18: =VLOOKUP(B18-366,'Kaveratti Data'!A:E,5,0) -> 0 | M18: =VLOOKUP(B18-366,'Kaveratti Data'!A:G,6,0) -> 0 | N18: =VLOOKUP(B18-366,'Kaveratti Data'!A:H,7,0) -> 0
B19: =B18-1 -> 46023 | C19: =VLOOKUP(B19,'Kaveratti Data'!A:D,4,0) -> 4.67 | D19: =VLOOKUP(B19,'Kaveratti Data'!A:C,3,0) -> 5913 | E19: =VLOOKUP(B19,'Kaveratti Data'!A:N,14,0) -> 0.17598214 | F19: =VLOOKUP(B19,'Kaveratti Data'!A:E,5,0) -> 994 | G19: =VLOOKUP(B19,'Kaveratti Data'!A:G,6,0) -> 1387 | H19: =VLOOKUP(B19,'Kaveratti Data'!A:H,7,0) -> 1491 | I19: =VLOOKUP(B19-366,'Kaveratti Data'!A:D,4,0) -> 4.97 | J19: =VLOOKUP(B19-366,'Kaveratti Data'!A:C,3,0) -> 6218.8 | K19: =VLOOKUP(B19-366,'Kaveratti Data'!A:N,14,0) -> 0.18508333 | L19: =VLOOKUP(B19-366,'Kaveratti Data'!A:E,5,0) -> 0 | M19: =VLOOKUP(B19-366,'Kaveratti Data'!A:G,6,0) -> 0 | N19: =VLOOKUP(B19-366,'Kaveratti Data'!A:H,7,0) -> 0
B20: =B19-1 -> 46022 | C20: =VLOOKUP(B20,'Kaveratti Data'!A:D,4,0) -> 4.15 | D20: =VLOOKUP(B20,'Kaveratti Data'!A:C,3,0) -> 5248 | E20: =VLOOKUP(B20,'Kaveratti Data'!A:N,14,0) -> 0.15619048 | F20: =VLOOKUP(B20,'Kaveratti Data'!A:E,5,0) -> 968 | G20: =VLOOKUP(B20,'Kaveratti Data'!A:G,6,0) -> 1223 | H20: =VLOOKUP(B20,'Kaveratti Data'!A:H,7,0) -> 1379 | I20: =VLOOKUP(B20-366,'Kaveratti Data'!A:D,4,0) -> 4.9 | J20: =VLOOKUP(B20-366,'Kaveratti Data'!A:C,3,0) -> 6097.8 | K20: =VLOOKUP(B20-366,'Kaveratti Data'!A:N,14,0) -> 0.18148214 | L20: =VLOOKUP(B20-366,'Kaveratti Data'!A:E,5,0) -> 0 | M20: =VLOOKUP(B20-366,'Kaveratti Data'!A:G,6,0) -> 0 | N20: =VLOOKUP(B20-366,'Kaveratti Data'!A:H,7,0) -> 0
B21: =B20-1 -> 46021 | C21: =VLOOKUP(B21,'Kaveratti Data'!A:D,4,0) -> 4.94 | D21: =VLOOKUP(B21,'Kaveratti Data'!A:C,3,0) -> 6218 | E21: =VLOOKUP(B21,'Kaveratti Data'!A:N,14,0) -> 0.18505952 | F21: =VLOOKUP(B21,'Kaveratti Data'!A:E,5,0) -> 943 | G21: =VLOOKUP(B21,'Kaveratti Data'!A:G,6,0) -> 1320 | H21: =VLOOKUP(B21,'Kaveratti Data'!A:H,7,0) -> 1490 | I21: =VLOOKUP(B21-366,'Kaveratti Data'!A:D,4,0) -> 3.52 | J21: =VLOOKUP(B21-366,'Kaveratti Data'!A:C,3,0) -> 4405.9 | K21: =VLOOKUP(B21-366,'Kaveratti Data'!A:N,14,0) -> 0.13112798 | L21: =VLOOKUP(B21-366,'Kaveratti Data'!A:E,5,0) -> 0 | M21: =VLOOKUP(B21-366,'Kaveratti Data'!A:G,6,0) -> 0 | N21: =VLOOKUP(B21-366,'Kaveratti Data'!A:H,7,0) -> 0
B22: =B21-1 -> 46020 | C22: =VLOOKUP(B22,'Kaveratti Data'!A:D,4,0) -> 4.86 | D22: =VLOOKUP(B22,'Kaveratti Data'!A:C,3,0) -> 6048 | E22: =VLOOKUP(B22,'Kaveratti Data'!A:N,14,0) -> 0.18 | F22: =VLOOKUP(B22,'Kaveratti Data'!A:E,5,0) -> 992 | G22: =VLOOKUP(B22,'Kaveratti Data'!A:G,6,0) -> 1336 | H22: =VLOOKUP(B22,'Kaveratti Data'!A:H,7,0) -> 1508 | I22: =VLOOKUP(B22-366,'Kaveratti Data'!A:D,4,0) -> 4.69 | J22: =VLOOKUP(B22-366,'Kaveratti Data'!A:C,3,0) -> 5981.1 | K22: =VLOOKUP(B22-366,'Kaveratti Data'!A:N,14,0) -> 0.17800893 | L22: =VLOOKUP(B22-366,'Kaveratti Data'!A:E,5,0) -> 0 | M22: =VLOOKUP(B22-366,'Kaveratti Data'!A:G,6,0) -> 0 | N22: =VLOOKUP(B22-366,'Kaveratti Data'!A:H,7,0) -> 0

Sheet Agatti Data
A1: date | B1: Days | C1: generation (In Kwh) | D1: radiation | E1: Peak Power (in Kw) | F1: machine_availability | G1: grid_availability | H1: cumulative(in KwH) | I1: CUF | J1: CUF till date W.o.C
A2: 45170 | B2: 1 | C2: 0 | F2: 1 | G2: 1 | H2: =C2 -> 0 | I2: =C2/(300*24) -> 0 | J2: =H2/(24*B2*300) -> 0
A3: 45171 | B3: 2 | C3: 0 | F3: 1 | G3: 1 | H3: =C3+H2 -> 0 | I3: =C3/(300*24) -> 0 | J3: =H3/(24*B3*300) -> 0
A4: 45172 | B4: 3 | C4: 0 | F4: 1 | G4: 1 | H4: =C4+H3 -> 0 | I4: =C4/(300*24) -> 0 | J4: =H4/(24*B4*300) -> 0
A5: 45173 | B5: =VLOOKUP(A5,'BADI SID DATA'!A:B,2,0) -> 157 | C5: 0 | F5: 1 | G5: 1 | H5: =C5+H4 -> 0 | I5: =C5/(300*24) -> 0 | J5: =H5/(24*B5*300) -> 0
A6: 45174 | B6: =VLOOKUP(A6,'BADI SID DATA'!A:B,2,0) -> 158 | C6: 0 | F6: 1 | G6: 1 | H6: =C6+H5 -> 0 | I6: =C6/(300*24) -> 0 | J6: =H6/(24*B6*300) -> 0
A7: 45175 | B7: =VLOOKUP(A7,'BADI SID DATA'!A:B,2,0) -> 159 | C7: 0 | F7: 1 | G7: 1 | H7: =C7+H6 -> 0 | I7: =C7/(300*24) -> 0 | J7: =H7/(24*B7*300) -> 0
A8: 45176 | B8: =VLOOKUP(A8,'BADI SID DATA'!A:B,2,0) -> 160 | C8: 0 | F8: 1 | G8: 1 | H8: =C8+H7 -> 0 | I8: =C8/(300*24) -> 0 | J8: =H8/(24*B8*300) -> 0
A9: 45177 | B9: =VLOOKUP(A9,'BADI SID DATA'!A:B,2,0) -> 161 | C9: 0 | F9: 1 | G9: 1 | H9: =C9+H8 -> 0 | I9: =C9/(300*24) -> 0 | J9: =H9/(24*B9*300) -> 0
A10: 45178 | B10: =VLOOKUP(A10,'BADI SID DATA'!A:B,2,0) -> 162 | C10: 0 | F10: 1 | G10: 1 | H10: =C10+H9 -> 0 | I10: =C10/(300*24) -> 0 | J10: =H10/(24*B10*300) -> 0
A11: 45179 | B11: =VLOOKUP(A11,'BADI SID DATA'!A:B,2,0) -> 163 | C11: 0 | F11: 1 | G11: 1 | H11: =C11+H10 -> 0 | I11: =C11/(300*24) -> 0 | J11: =H11/(24*B11*300) -> 0
A12: 45180 | B12: =VLOOKUP(A12,'BADI SID DATA'!A:B,2,0) -> 164 | C12: 0 | F12: 1 | G12: 1 | H12: =C12+H11 -> 0 | I12: =C12/(300*24) -> 0 | J12: =H12/(24*B12*300) -> 0
A13: 45181 | B13: =VLOOKUP(A13,'BADI SID DATA'!A:B,2,0) -> 165 | C13: 0 | F13: 1 | G13: 1 | H13: =C13+H12 -> 0 | I13: =C13/(300*24) -> 0 | J13: =H13/(24*B13*300) -> 0
A14: 45182 | B14: =VLOOKUP(A14,'BADI SID DATA'!A:B,2,0) -> 166 | C14: 0 | F14: 1 | G14: 1 | H14: =C14+H13 -> 0 | I14: =C14/(300*24) -> 0 | J14: =H14/(24*B14*300) -> 0
A15: 45183 | B15: =VLOOKUP(A15,'BADI SID DATA'!A:B,2,0) -> 167 | C15: 0 | F15: 1 | G15: 1 | H15: =C15+H14 -> 0 | I15: =C15/(300*24) -> 0 | J15: =H15/(24*B15*300) -> 0
A16: 45184 | B16: =VLOOKUP(A16,'BADI SID DATA'!A:B,2,0) -> 168 | C16: 0 | F16: 1 | G16: 1 | H16: =C16+H15 -> 0 | I16: =C16/(300*24) -> 0 | J16: =H16/(24*B16*300) -> 0
... A18: 45186 | B18: =VLOOKUP(A18,'BADI SID DATA'!A:B,2,0) -> 170 | C18: 0 | F18: 1 | G18: 1 | H18: =C18+H17 -> 0 | I18: =C18/(300*24) -> 0 | J18: =H18/(24*B18*300) -> 0
A19: 45187 | B19: 1 | C19: 1539.4 | F19: 1 | G19: 1 | H19: =C19+H18 -> 1539.4 | I19: =C19/(300*24) -> 0.21380556 | J19: =H19/(24*B19*300) -> 0.21380556
A20: 45188 | B20: 2 | C20: 1622.1 | F20: 1 | G20: 1 | H20: =C20+H19 -> 3161.5 | I20: =C20/(300*24) -> 0.22529167 | J20: =H20/(24*B20*300) -> 0.21954861
A21: 45189 | B21: 3 | C21: 1314.1 | F21: 1 | G21: 1 | H21: =C21+H20 -> 4475.6 | I21: =C21/(300*24) -> 0.18251389 | J21: =H21/(24*B21*300) -> 0.2072037
A22: 45190 | B22: 4 | C22: 581.6 | F22: 1 | G22: 1 | H22: =C22+H21 -> 5057.2 | I22: =C22/(300*24) -> 0.080777778 | J22: =H22/(24*B22*300) -> 0.17559722
A23: 45191 | B23: 5 | C23: 438.9 | F23: 1 | G23: 1 | H23: =C23+H22 -> 5496.1 | I23: =C23/(300*24) -> 0.060958333 | J23: =H23/(24*B23*300) -> 0.15266944
A24: 45192 | B24: 6 | C24: 1537.7 | F24: 1 | G24: 1 | H24: =C24+H23 -> 7033.8 | I24: =C24/(300*24) -> 0.21356944 | J24: =H24/(24*B24*300) -> 0.16281944
A25: 45193 | B25: 7 | C25: 1380.5 | F25: 1 | G25: 1 | H25: =C25+H24 -> 8414.3 | I25: =C25/(300*24) -> 0.19173611 | J25: =H25/(24*B25*300) -> 0.1669504
A26: 45194 | B26: 8 | C26: 1627.3 | F26: 1 | G26: 1 | H26: =C26+H25 -> 10041.6 | I26: =C26/(300*24) -> 0.22601389 | J26: =H26/(24*B26*300) -> 0.17433333
A27: 45195 | B27: 9 | C27: 1651.9 | F27: 1 | G27: 1 | H27: =C27+H26 -> 11693.5 | I27: =C27/(300*24) -> 0.22943056 | J27: =H27/(24*B27*300) -> 0.18045525
A28: 45196 | B28: 10 | C28: 1436.4 | F28: 1 | G28: 1 | H28: =C28+H27 -> 13129.9 | I28: =C28/(300*24) -> 0.1995 | J28: =H28/(24*B28*300) -> 0.18235972
A29: 45197 | B29: 11 | C29: 1020.2 | F29: 1 | G29: 1 | H29: =C29+H28 -> 14150.1 | I29: =C29/(300*24) -> 0.14169444 | J29: =H29/(24*B29*300) -> 0.17866288
A30: 45198 | B30: 12 | C30: 927.3 | F30: 1 | G30: 1 | H30: =C30+H29 -> 15077.4 | I30: =C30/(300*24) -> 0.12879167 | J30: =H30/(24*B30*300) -> 0.17450694
... A214: 45382 | B214: 196 | C214: 1581 | F214: 1 | G214: 1 | H214: =C214+H213 -> 239212.9 | I214: =C214/(300*24) -> 0.21958333 | J214: =H214/(24*B214*300) -> 0.16951027
A215: 45383 | B215: =VLOOKUP(A215,'BADI SID DATA'!A:B,2,0) -> 1 | C215: 1466 | F215: 1 | G215: 0.77083333 | H215: =C215 -> 1466 | I215: =C215/(300*24) -> 0.20361111 | J215: =H215/(24*B215*300) -> 0.20361111
A216: 45384 | B216: =VLOOKUP(A216,'BADI SID DATA'!A:B,2,0) -> 2 | C216: 1585 | F216: 1 | G216: 1 | H216: =C216+H215 -> 3051 | I216: =C216/(300*24) -> 0.22013889 | J216: =H216/(24*B216*300) -> 0.211875
A217: 45385 | B217: =VLOOKUP(A217,'BADI SID DATA'!A:B,2,0) -> 3 | C217: 1293 | F217: 1 | G217: 1 | H217: =C217+H216 -> 4344 | I217: =C217/(300*24) -> 0.17958333 | J217: =H217/(24*B217*300) -> 0.20111111
A218: 45386 | B218: =VLOOKUP(A218,'BADI SID DATA'!A:B,2,0) -> 4 | C218: 1610 | F218: 1 | G218: 1 | H218: =C218+H217 -> 5954 | I218: =C218/(300*24) -> 0.22361111 | J218: =H218/(24*B218*300) -> 0.20673611
A219: 45387 | B219: =VLOOKUP(A219,'BADI SID DATA'!A:B,2,0) -> 5 | C219: 1616 | F219: 1 | G219: 1 | H219: =C219+H218 -> 7570 | I219: =C219/(300*24) -> 0.22444444 | J219: =H219/(24*B219*300) -> 0.21027778
A220: 45388 | B220: =VLOOKUP(A220,'BADI SID DATA'!A:B,2,0) -> 6 | C220: 1430 | F220: 1 | G220: 0.78472222 | H220: =C220+H219 -> 9000 | I220: =C220/(300*24) -> 0.19861111 | J220: =H220/(24*B220*300) -> 0.20833333
A221: 45389 | B221: =VLOOKUP(A221,'BADI SID DATA'!A:B,2,0) -> 7 | C221: 1280 | F221: 1 | G221: 0.86388889 | H221: =C221+H220 -> 10280 | I221: =C221/(300*24) -> 0.17777778 | J221: =H221/(24*B221*300) -> 0.20396825
A222: 45390 | B222: =VLOOKUP(A222,'BADI SID DATA'!A:B,2,0) -> 8 | C222: 1548 | F222: 1 | G222: 1 | H222: =C222+H221 -> 11828 | I222: =C222/(300*24) -> 0.215 | J222: =H222/(24*B222*300) -> 0.20534722
A223: 45391 | B223: =VLOOKUP(A223,'BADI SID DATA'!A:B,2,0) -> 9 | C223: 1599 | F223: 1 | G223: 1 | H223: =C223+H222 -> 13427 | I223: =C223/(300*24) -> 0.22208333 | J223: =H223/(24*B223*300) -> 0.20720679
A224: 45392 | B224: =VLOOKUP(A224,'BADI SID DATA'!A:B,2,0) -> 10 | C224: 1566 | F224: 1 | G224: 1 | H224: =C224+H223 -> 14993 | I224: =C224/(300*24) -> 0.2175 | J224: =H224/(24*B224*300) -> 0.20823611
A225: 45393 | B225: =VLOOKUP(A225,'BADI SID DATA'!A:B,2,0) -> 11 | C225: 1301 | F225: 1 | G225: 0.90138889 | H225: =C225+H224 -> 16294 | I225: =C225/(300*24) -> 0.18069444 | J225: =H225/(24*B225*300) -> 0.20573232
A226: 45394 | B226: =VLOOKUP(A226,'BADI SID DATA'!A:B,2,0) -> 12 | C226: 1563 | F226: 1 | G226: 1 | H226: =C226+H225 -> 17857 | I226: =C226/(300*24) -> 0.21708333 | J226: =H226/(24*B226*300) -> 0.20667824
A227: 45395 | B227: =VLOOKUP(A227,'BADI SID DATA'!A:B,2,0) -> 13 | C227: 1369 | F227: 1 | G227: 0.98888889 | H227: =C227+H226 -> 19226 | I227: =C227/(300*24) -> 0.19013889 | J227: =H227/(24*B227*300) -> 0.20540598
... A275: 45443 | B275: =VLOOKUP(A275,'BADI SID DATA'!A:B,2,0) -> 61 | C275: 870.2 | F275: 1 | G275: 1 | H275: =C275+H274 -> 71037.9 | I275: =C275/(300*24) -> 0.12086111 | J275: =H275/(24*B275*300) -> 0.16174385
A276: 45444 | B276: =VLOOKUP(A276,'BADI SID DATA'!A:B,2,0) -> 62 | C276: 1053.2 | D276: 3.63 | F276: 1 | G276: 1 | H276: =C276+H275 -> 72091.1 | I276: =C276/(300*24) -> 0.14627778 | J276: =H276/(24*B276*300) -> 0.1614944
A277: 45445 | B277: =VLOOKUP(A277,'BADI SID DATA'!A:B,2,0) -> 63 | C277: 980.5 | D277: 3.91 | F277: 1 | G277: 0.87638889 | H277: =C277+H276 -> 73071.6 | I277: =C277/(300*24) -> 0.13618056 | J277: =H277/(24*B277*300) -> 0.16109259
A278: 45446 | B278: =VLOOKUP(A278,'BADI SID DATA'!A:B,2,0) -> 64 | C278: 1481.7 | D278: 5.5 | F278: 1 | G278: 0.86111111 | H278: =C278+H277 -> 74553.3 | I278: =C278/(300*24) -> 0.20579167 | J278: =H278/(24*B278*300) -> 0.16179102
A279: 45447 | B279: =VLOOKUP(A279,'BADI SID DATA'!A:B,2,0) -> 65 | C279: 1378 | D279: 5.04 | F279: 1 | G279: 1 | H279: =C279+H278 -> 75931.3 | I279: =C279/(300*24) -> 0.19138889 | J279: =H279/(24*B279*300) -> 0.16224637
A280: 45448 | B280: =VLOOKUP(A280,'BADI SID DATA'!A:B,2,0) -> 66 | C280: 1052 | D280: 3.66 | F280: 1 | G280: 1 | H280: =C280+H279 -> 76983.3 | I280: =C280/(300*24) -> 0.14611111 | J280: =H280/(24*B280*300) -> 0.16200189
A281: 45449 | B281: =VLOOKUP(A281,'BADI SID DATA'!A:B,2,0) -> 67 | C281: 919 | D281: 3.22 | F281: 1 | G281: 1 | H281: =C281+H280 -> 77902.3 | I281: =C281/(300*24) -> 0.12763889 | J281: =H281/(24*B281*300) -> 0.16148901
A282: 45450 | B282: =VLOOKUP(A282,'BADI SID DATA'!A:B,2,0) -> 68 | C282: 650 | D282: 2.12 | F282: 1 | G282: 1 | H282: =C282+H281 -> 78552.3 | I282: =C282/(300*24) -> 0.090277778 | J282: =H282/(24*B282*300) -> 0.16044179
A283: 45451 | B283: =VLOOKUP(A283,'BADI SID DATA'!A:B,2,0) -> 69 | C283: 984 | D283: 3.4 | F283: 1 | G283: 1 | H283: =C283+H282 -> 79536.3 | I283: =C283/(300*24) -> 0.13666667 | J283: =H283/(24*B283*300) -> 0.16009722
A284: 45452 | B284: =VLOOKUP(A284,'BADI SID DATA'!A:B,2,0) -> 70 | C284: 1439 | D284: 5.17 | F284: 1 | G284: 1 | H284: =C284+H283 -> 80975.3 | I284: =C284/(300*24) -> 0.19986111 | J284: =H284/(24*B284*300) -> 0.16066528
A285: 45453 | B285: =VLOOKUP(A285,'BADI SID DATA'!A:B,2,0) -> 71 | C285: 1400 | D285: 5.01 | F285: 1 | G285: 1 | H285: =C285+H284 -> 82375.3 | I285: =C285/(300*24) -> 0.19444444 | J285: =H285/(24*B285*300) -> 0.16114104
A286: 45454 | B286: =VLOOKUP(A286,'BADI SID DATA'!A:B,2,0) -> 72 | C286: 1353 | D286: 4.83 | F286: 1 | G286: 1 | H286: =C286+H285 -> 83728.3 | I286: =C286/(300*24) -> 0.18791667 | J286: =H286/(24*B286*300) -> 0.16151292
A287: 45455 | B287: =VLOOKUP(A287,'BADI SID DATA'!A:B,2,0) -> 73 | C287: 1440 | D287: 5.15 | F287: 1 | G287: 1 | H287: =C287+H286 -> 85168.3 | I287: =C287/(300*24) -> 0.2 | J287: =H287/(24*B287*300) -> 0.16204014
... A384: 45552 | B384: =VLOOKUP(A384,'BADI SID DATA'!A:B,2,0) -> 170 | C384: 1700.4 | D384: 6.18 | F384: 1 | G384: 1 | H384: =C384+H383 -> 190846.5 | I384: =C384/(300*24) -> 0.23616667 | J384: =H384/(24*B384*300) -> 0.15592034
A385: 45553 | B385: =VLOOKUP(A385,'BADI SID DATA'!A:B,2,0) -> 171 | C385: 1674.3 | D385: 6.07 | F385: 1 | G385: 1 | H385: =C385 -> 1674.3 | I385: =C385/(300*24) -> 0.23254167 | J385: =H385/(24*B385*300) -> 0.0013598928
A386: 45554 | B386: =VLOOKUP(A386,'BADI SID DATA'!A:B,2,0) -> 172 | C386: 1685.8 | D386: 6.17 | F386: 1 | G386: 1 | H386: =H385+C386 -> 3360.1 | I386: =C386/(300*24) -> 0.23413889 | J386: =H386/(24*B386*300) -> 0.002713259
A387: 45555 | B387: =VLOOKUP(A387,'BADI SID DATA'!A:B,2,0) -> 173 | C387: 1579.6 | D387: 5.74 | F387: 1 | G387: 1 | H387: =H386+C387 -> 4939.7 | I387: =C387/(300*24) -> 0.21938889 | J387: =H387/(24*B387*300) -> 0.0039657193
A388: 45556 | B388: =VLOOKUP(A388,'BADI SID DATA'!A:B,2,0) -> 174 | C388: 1716.1 | D388: 6.32 | F388: 1 | G388: 1 | H388: =H387+C388 -> 6655.8 | I388: =C388/(300*24) -> 0.23834722 | J388: =H388/(24*B388*300) -> 0.0053127395
A389: 45557 | B389: =VLOOKUP(A389,'BADI SID DATA'!A:B,2,0) -> 175 | C389: 1543.4 | D389: 5.63 | F389: 1 | G389: 1 | H389: =H388+C389 -> 8199.2 | I389: =C389/(300*24) -> 0.21436111 | J389: =H389/(24*B389*300) -> 0.0065073016
A390: 45558 | B390: =VLOOKUP(A390,'BADI SID DATA'!A:B,2,0) -> 176 | C390: 1630 | D390: 6.05 | F390: 1 | G390: 1 | H390: =H389+C390 -> 9829.2 | I390: =C390/(300*24) -> 0.22638889 | J390: =H390/(24*B390*300) -> 0.0077566288
A391: 45559 | B391: =VLOOKUP(A391,'BADI SID DATA'!A:B,2,0) -> 177 | C391: 1116.5 | D391: 4.73 | F391: 1 | G391: 1 | H391: =H390+C391 -> 10945.7 | I391: =C391/(300*24) -> 0.15506944 | J391: =H391/(24*B391*300) -> 0.0085889046
A392: 45560 | B392: =VLOOKUP(A392,'BADI SID DATA'!A:B,2,0) -> 178 | C392: 1553.7 | D392: 5.61 | F392: 1 | G392: 1 | H392: =H391+C392 -> 12499.4 | I392: =C392/(300*24) -> 0.21579167 | J392: =H392/(24*B392*300) -> 0.009752965
A393: 45561 | B393: =VLOOKUP(A393,'BADI SID DATA'!A:B,2,0) -> 179 | C393: 1395.4 | D393: 4.84 | F393: 1 | G393: 1 | H393: =H392+C393 -> 13894.8 | I393: =C393/(300*24) -> 0.19380556 | J393: =H393/(24*B393*300) -> 0.010781192
A394: 45562 | B394: =VLOOKUP(A394,'BADI SID DATA'!A:B,2,0) -> 180 | C394: 1545.3 | D394: 5.56 | F394: 1 | G394: 1 | H394: =H393+C394 -> 15440.1 | I394: =C394/(300*24) -> 0.214625 | J394: =H394/(24*B394*300) -> 0.011913657
A395: 45563 | B395: =VLOOKUP(A395,'BADI SID DATA'!A:B,2,0) -> 181 | C395: 1622.5 | D395: 5.93 | F395: 1 | G395: 1 | H395: =H394+C395 -> 17062.6 | I395: =C395/(300*24) -> 0.22534722 | J395: =H395/(24*B395*300) -> 0.013092848
A396: 45564 | B396: =VLOOKUP(A396,'BADI SID DATA'!A:B,2,0) -> 182 | C396: 1568.6 | D396: 5.69 | F396: 1 | G396: 1 | H396: =H395+C396 -> 18631.2 | I396: =C396/(300*24) -> 0.21786111 | J396: =H396/(24*B396*300) -> 0.014217949
A397: 45565 | B397: =VLOOKUP(A397,'BADI SID DATA'!A:B,2,0) -> 183 | C397: 1318.6 | D397: 4.72 | F397: 1 | G397: 1 | H397: =H396+C397 -> 19949.8 | I397: =C397/(300*24) -> 0.18313889 | J397: =H397/(24*B397*300) -> 0.015141014
... A579: 45747 | B579: =VLOOKUP(A579,'BADI SID DATA'!A:B,2,0) -> 365 | C579: 1431.4 | D579: 5.09 | F579: 1 | G579: 1 | H579: =H578+C579 -> 232531 | I579: =C579/(300*24) -> 0.19880556 | J579: =H579/(24*B579*300) -> 0.088482116
A580: 45748 | B580: =VLOOKUP(A580,'BADI SID DATA'!A:B,2,0) -> 1 | C580: 1412.7 | D580: 5.02 | F580: 1 | G580: 1 | H580: =C580 -> 1412.7 | I580: =C580/(300*24) -> 0.19620833 | J580: =H580/(24*B580*300) -> 0.19620833
A581: 45749 | B581: =VLOOKUP(A581,'BADI SID DATA'!A:B,2,0) -> 2 | C581: 1523.9 | D581: 5.48 | F581: 1 | G581: 1 | H581: =H580+C581 -> 2936.6 | I581: =C581/(300*24) -> 0.21165278 | J581: =H581/(24*B581*300) -> 0.20393056
A582: 45750 | B582: =VLOOKUP(A582,'BADI SID DATA'!A:B,2,0) -> 3 | C582: 1374.7 | D582: 4.89 | F582: 1 | G582: 1 | H582: =H581+C582 -> 4311.3 | I582: =C582/(300*24) -> 0.19093056 | J582: =H582/(24*B582*300) -> 0.19959722
A583: 45751 | B583: =VLOOKUP(A583,'BADI SID DATA'!A:B,2,0) -> 4 | C583: 1491.5 | D583: 5.44 | F583: 1 | G583: 1 | H583: =H582+C583 -> 5802.8 | I583: =C583/(300*24) -> 0.20715278 | J583: =H583/(24*B583*300) -> 0.20148611
A584: 45752 | B584: =VLOOKUP(A584,'BADI SID DATA'!A:B,2,0) -> 5 | C584: 1650.1 | D584: 5.92 | F584: 1 | G584: 1 | H584: =H583+C584 -> 7452.9 | I584: =C584/(300*24) -> 0.22918056 | J584: =H584/(24*B584*300) -> 0.207025
A585: 45753 | B585: =VLOOKUP(A585,'BADI SID DATA'!A:B,2,0) -> 6 | C585: 1623.1 | D585: 5.76 | F585: 1 | G585: 1 | H585: =H584+C585 -> 9076 | I585: =C585/(300*24) -> 0.22543056 | J585: =H585/(24*B585*300) -> 0.21009259
A586: 45754 | B586: =VLOOKUP(A586,'BADI SID DATA'!A:B,2,0) -> 7 | C586: 1570.5 | D586: 5.54 | F586: 1 | G586: 1 | H586: =H585+C586 -> 10646.5 | I586: =C586/(300*24) -> 0.218125 | J586: =H586/(24*B586*300) -> 0.21124008
A587: 45755 | B587: =VLOOKUP(A587,'BADI SID DATA'!A:B,2,0) -> 8 | C587: 1583.4 | D587: 5.61 | F587: 1 | G587: 1 | H587: =H586+C587 -> 12229.9 | I587: =C587/(300*24) -> 0.21991667 | J587: =H587/(24*B587*300) -> 0.21232465
A588: 45756 | B588: =VLOOKUP(A588,'BADI SID DATA'!A:B,2,0) -> 9 | C588: 1535.7 | D588: 5.49 | F588: 1 | G588: 1 | H588: =H587+C588 -> 13765.6 | I588: =C588/(300*24) -> 0.21329167 | J588: =H588/(24*B588*300) -> 0.2124321
A589: 45757 | B589: =VLOOKUP(A589,'BADI SID DATA'!A:B,2,0) -> 10 | C589: 1519 | D589: 5.39 | F589: 1 | G589: 1 | H589: =H588+C589 -> 15284.6 | I589: =C589/(300*24) -> 0.21097222 | J589: =H589/(24*B589*300) -> 0.21228611
A590: 45758 | B590: =VLOOKUP(A590,'BADI SID DATA'!A:B,2,0) -> 11 | C590: 1526.2 | D590: 5.46 | F590: 1 | G590: 1 | H590: =H589+C590 -> 16810.8 | I590: =C590/(300*24) -> 0.21197222 | J590: =H590/(24*B590*300) -> 0.21225758
A591: 45759 | B591: =VLOOKUP(A591,'BADI SID DATA'!A:B,2,0) -> 12 | C591: 1437.6 | D591: 5.04 | F591: 1 | G591: 1 | H591: =H590+C591 -> 18248.4 | I591: =C591/(300*24) -> 0.19966667 | J591: =H591/(24*B591*300) -> 0.21120833
A592: 45760 | B592: =VLOOKUP(A592,'BADI SID DATA'!A:B,2,0) -> 13 | C592: 1511.9 | D592: 5.36 | F592: 1 | G592: 1 | H592: =H591+C592 -> 19760.3 | I592: =C592/(300*24) -> 0.20998611 | J592: =H592/(24*B592*300) -> 0.21111432
... A778: 45946 | B778: =VLOOKUP(A778,'BADI SID DATA'!A:B,2,0) -> 199 | C778: 446.3 | D778: 1.31 | F778: 1 | G778: 1 | H778: =H777+C778 -> 253153.9 | I778: =C778/(300*24) -> 0.061986111 | J778: =H778/(24*B778*300) -> 0.17668474
A779: 45947 | B779: =VLOOKUP(A779,'BADI SID DATA'!A:B,2,0) -> 200 | C779: 17.5 | D779: 0.43 | F779: 1 | G779: 0.6 | H779: =H778+C779 -> 253171.4 | I779: =C779/(300*24) -> 0.0024305556 | J779: =H779/(24*B779*300) -> 0.17581347 | K779: Grid Failure 3.5 Hrs
A780: 45948 | B780: =VLOOKUP(A780,'BADI SID DATA'!A:B,2,0) -> 201 | C780: 1245.3 | D780: 5.25 | F780: 1 | G780: 1 | H780: =H779+C780 -> 254416.7 | I780: =C780/(300*24) -> 0.17295833 | J780: =H780/(24*B780*300) -> 0.17579927
A781: 45949 | B781: =VLOOKUP(A781,'BADI SID DATA'!A:B,2,0) -> 202 | C781: 1144 | D781: 3.42 | F781: 1 | G781: 1 | H781: =H780+C781 -> 255560.7 | I781: =C781/(300*24) -> 0.15888889 | J781: =H781/(24*B781*300) -> 0.17571555
A782: 45950 | B782: =VLOOKUP(A782,'BADI SID DATA'!A:B,2,0) -> 203 | C782: 1472.2 | D782: 5.16 | F782: 1 | G782: 1 | H782: =H781+C782 -> 257032.9 | I782: =C782/(300*24) -> 0.20447222 | J782: =H782/(24*B782*300) -> 0.17585721
A783: 45951 | B783: =VLOOKUP(A783,'BADI SID DATA'!A:B,2,0) -> 204 | C783: 1462 | D783: 5.67 | E783: 255 | F783: 1 | G783: 1 | H783: =H782+C783 -> 258494.9 | I783: =C783/(300*24) -> 0.20305556 | J783: =H783/(24*B783*300) -> 0.17599054
A784: 45952 | B784: =VLOOKUP(A784,'BADI SID DATA'!A:B,2,0) -> 205 | C784: 707.1 | D784: 2.64 | E784: 194.5 | F784: 1 | G784: 1 | H784: =H783+C784 -> 259202 | I784: =C784/(300*24) -> 0.098208333 | J784: =H784/(24*B784*300) -> 0.17561111
A785: 45953 | B785: =VLOOKUP(A785,'BADI SID DATA'!A:B,2,0) -> 206 | C785: 441 | D785: 2 | E785: 114 | F785: 1 | G785: 1 | H785: =H784+C785 -> 259643 | I785: =C785/(300*24) -> 0.06125 | J785: =H785/(24*B785*300) -> 0.17505596
A786: 45954 | B786: =VLOOKUP(A786,'BADI SID DATA'!A:B,2,0) -> 207 | C786: 960 | D786: 2.95 | E786: 203 | F786: 1 | G786: 1 | H786: =H785+C786 -> 260603 | I786: =C786/(300*24) -> 0.13333333 | J786: =H786/(24*B786*300) -> 0.1748544
A787: 45955 | B787: =VLOOKUP(A787,'BADI SID DATA'!A:B,2,0) -> 208 | C787: 1387.4 | D787: 5.9 | E787: 268 | F787: 1 | G787: 1 | H787: =H786+C787 -> 261990.4 | I787: =C787/(300*24) -> 0.19269444 | J787: =H787/(24*B787*300) -> 0.17494017
A788: 45956 | B788: =VLOOKUP(A788,'BADI SID DATA'!A:B,2,0) -> 209 | C788: 953.4 | D788: 4.24 | E788: 257.5 | F788: 1 | G788: 1 | H788: =H787+C788 -> 262943.8 | I788: =C788/(300*24) -> 0.13241667 | J788: =H788/(24*B788*300) -> 0.17473671
A789: 45957 | B789: =VLOOKUP(A789,'BADI SID DATA'!A:B,2,0) -> 210 | C789: 729.1 | D789: 1.79 | E789: 493 | F789: 1 | G789: 1 | H789: =H788+C789 -> 263672.9 | I789: =C789/(300*24) -> 0.10126389 | J789: =H789/(24*B789*300) -> 0.17438684 | K789: Weather Cloudy
A790: 45958 | B790: =VLOOKUP(A790,'BADI SID DATA'!A:B,2,0) -> 211 | C790: 1374 | D790: 4.94 | E790: 268 | F790: 1 | G790: 1 | H790: =H789+C790 -> 265046.9 | I790: =C790/(300*24) -> 0.19083333 | J790: =H790/(24*B790*300) -> 0.17446478
A791: 45959 | B791: =VLOOKUP(A791,'BADI SID DATA'!A:B,2,0) -> 212 | C791: 1282 | D791: 5.17 | E791: 299 | F791: 1 | G791: 1 | H791: =H790+C791 -> 266328.9 | I791: =C791/(300*24) -> 0.17805556 | J791: =H791/(24*B791*300) -> 0.17448172
A792: 45960 | B792: =VLOOKUP(A792,'BADI SID DATA'!A:B,2,0) -> 213 | C792: 1472.1 | D792: 5.46 | E792: 248 | F792: 1 | G792: 1 | H792: =H791+C792 -> 267801 | I792: =C792/(300*24) -> 0.20445833 | J792: =H792/(24*B792*300) -> 0.17462246
A793: 45961 | B793: =VLOOKUP(A793,'BADI SID DATA'!A:B,2,0) -> 214 | C793: 1489 | D793: 5.86 | E793: 268.5 | F793: 1 | G793: 1 | H793: =H792+C793 -> 269290 | I793: =C793/(300*24) -> 0.20680556 | J793: =H793/(24*B793*300) -> 0.17477285
...

Sheet Kaveratti Data
A1: Date | B1: Days | C1: generation (In Mwh) | D1: radiation | E1: Peak Power (in Mw) | F1: BESS Export (In MWh) | G1: BESS import (In MWh) | H1: Plant Availability | I1: grid_availability | J1: BESS Availibilty | K1: cumulative(in KwH) | L1: cumulative BESS Export(in MwH) | M1: cumulative BESS Import(in MwH) | N1: Daily CUF WORC | O1: CUF till date W.o.RC
A2: 45195 | B2: 1 | C2: 1086.5 | H2: 1 | I2: 0.99875759 | K2: =C2 -> 1086.5 | N2: =C2/(1400*24) -> 0.03233631 | O2: =K2/(B2*1400*24) -> 0.03233631
A3: 45196 | B3: 2 | C3: 1112 | H3: 1 | I3: 1 | K3: =K2+C3 -> 2198.5 | N3: =C3/(1400*24) -> 0.033095238 | O3: =K3/(B3*1400*24) -> 0.032715774
A4: 45197 | B4: 3 | C4: 666.2 | H4: 1 | I4: 1 | K4: =K3+C4 -> 2864.7 | N4: =C4/(1400*24) -> 0.019827381 | O4: =K4/(B4*1400*24) -> 0.028419643
A5: 45198 | B5: 4 | C5: 1123.3 | H5: 1 | I5: 1 | K5: =K4+C5 -> 3988 | N5: =C5/(1400*24) -> 0.033431548 | O5: =K5/(B5*1400*24) -> 0.029672619
A6: 45199 | B6: 5 | C6: 1945.7 | H6: 1 | I6: 1 | K6: =K5+C6 -> 5933.7 | N6: =C6/(1400*24) -> 0.057907738 | O6: =K6/(B6*1400*24) -> 0.035319643
A7: 45200 | B7: 6 | C7: 2136.1 | H7: 1 | I7: 1 | K7: =K6+C7 -> 8069.8 | N7: =C7/(1400*24) -> 0.063574405 | O7: =K7/(B7*1400*24) -> 0.04002877
A8: 45201 | B8: 7 | C8: 1953.9 | H8: 1 | I8: 1 | K8: =K7+C8 -> 10023.7 | N8: =C8/(1400*24) -> 0.058151786 | O8: =K8/(B8*1400*24) -> 0.042617772
A9: 45202 | B9: 8 | C9: 2575.8 | H9: 1 | I9: 0.92811323 | K9: =K8+C9 -> 12599.5 | N9: =C9/(1400*24) -> 0.076660714 | O9: =K9/(B9*1400*24) -> 0.04687314
A10: 45203 | B10: 9 | C10: 3504.8 | H10: 1 | I10: 1 | K10: =K9+C10 -> 16104.3 | N10: =C10/(1400*24) -> 0.10430952 | O10: =K10/(B10*1400*24) -> 0.05325496
A11: 45204 | B11: 10 | C11: 3474.9 | H11: 1 | I11: 1 | K11: =K10+C11 -> 19579.2 | N11: =C11/(1400*24) -> 0.10341964 | O11: =K11/(B11*1400*24) -> 0.058271429
A12: 45205 | B12: 11 | C12: 3505.9 | H12: 1 | I12: 1 | K12: =K11+C12 -> 23085.1 | N12: =C12/(1400*24) -> 0.10434226 | O12: =K12/(B12*1400*24) -> 0.062459686
A13: 45206 | B13: 12 | C13: 3473.1 | H13: 1 | I13: 1 | K13: =K12+C13 -> 26558.2 | N13: =C13/(1400*24) -> 0.10336607 | O13: =K13/(B13*1400*24) -> 0.065868552
A14: 45207 | B14: 13 | C14: 3532 | H14: 1 | I14: 1 | K14: =K13+C14 -> 30090.2 | N14: =C14/(1400*24) -> 0.10511905 | O14: =K14/(B14*1400*24) -> 0.068887821
... A189: 45382 | B189: 188 | C189: 7537.3 | H189: 1 | I189: 1 | K189: =K188+C189 -> 968850.49 | N189: =C189/(1400*24) -> 0.2243244 | O189: =K189/(B189*1400*24) -> 0.15337679
A190: 45383 | B190: =VLOOKUP(A190,'BADI SID DATA'!A:B,2,0) -> 1 | C190: 7771.6 | H190: 1 | I190: 1 | K190: =K189+C190 -> 976622.09 | N190: =C190/(1400*24) -> 0.23129762 | O190: =K190/(B190*1400*24) -> 29.066134
A191: 45384 | B191: =VLOOKUP(A191,'BADI SID DATA'!A:B,2,0) -> 2 | C191: 7983 | H191: 1 | I191: 1 | K191: =K190+C191 -> 984605.09 | N191: =C191/(1400*24) -> 0.23758929 | O191: =K191/(B191*1400*24) -> 14.651861
A192: 45385 | B192: =VLOOKUP(A192,'BADI SID DATA'!A:B,2,0) -> 3 | C192: 7800.3 | H192: 1 | I192: 1 | K192: =K191+C192 -> 992405.39 | N192: =C192/(1400*24) -> 0.23215179 | O192: =K192/(B192*1400*24) -> 9.8452916
A193: 45386 | B193: =VLOOKUP(A193,'BADI SID DATA'!A:B,2,0) -> 4 | C193: 7888.2 | H193: 1 | I193: 1 | K193: =K192+C193 -> 1000293.6 | N193: =C193/(1400*24) -> 0.23476786 | O193: =K193/(B193*1400*24) -> 7.4426606
A194: 45387 | B194: =VLOOKUP(A194,'BADI SID DATA'!A:B,2,0) -> 5 | C194: 7850.5 | H194: 1 | I194: 1 | K194: =K193+C194 -> 1008144.1 | N194: =C194/(1400*24) -> 0.23364583 | O194: =K194/(B194*1400*24) -> 6.0008577
A195: 45388 | B195: =VLOOKUP(A195,'BADI SID DATA'!A:B,2,0) -> 6 | C195: 7267.8 | H195: 1 | I195: 1 | K195: =K194+C195 -> 1015411.9 | N195: =C195/(1400*24) -> 0.21630357 | O195: =K195/(B195*1400*24) -> 5.0367653
A196: 45389 | B196: =VLOOKUP(A196,'BADI SID DATA'!A:B,2,0) -> 7 | C196: 7685.3 | H196: 1 | I196: 1 | K196: =K195+C196 -> 1023097.2 | N196: =C196/(1400*24) -> 0.22872917 | O196: =K196/(B196*1400*24) -> 4.349903
A197: 45390 | B197: =VLOOKUP(A197,'BADI SID DATA'!A:B,2,0) -> 8 | C197: 7023 | H197: 1 | I197: 1 | K197: =K196+C197 -> 1030120.2 | N197: =C197/(1400*24) -> 0.20901786 | O197: =K197/(B197*1400*24) -> 3.8322924
A198: 45391 | B198: =VLOOKUP(A198,'BADI SID DATA'!A:B,2,0) -> 9 | C198: 7023 | H198: 1 | I198: 1 | K198: =K197+C198 -> 1037143.2 | N198: =C198/(1400*24) -> 0.20901786 | O198: =K198/(B198*1400*24) -> 3.4297063
A199: 45392 | B199: =VLOOKUP(A199,'BADI SID DATA'!A:B,2,0) -> 10 | C199: 7772.3 | H199: 1 | I199: 1 | K199: =K198+C199 -> 1044915.5 | N199: =C199/(1400*24) -> 0.23131845 | O199: =K199/(B199*1400*24) -> 3.1098675
A200: 45393 | B200: =VLOOKUP(A200,'BADI SID DATA'!A:B,2,0) -> 11 | C200: 7553.1 | H200: 1 | I200: 1 | K200: =K199+C200 -> 1052468.6 | N200: =C200/(1400*24) -> 0.22479464 | O200: =K200/(B200*1400*24) -> 2.8475882
A201: 45394 | B201: =VLOOKUP(A201,'BADI SID DATA'!A:B,2,0) -> 12 | C201: 7647.1 | H201: 1 | I201: 1 | K201: =K200+C201 -> 1060115.7 | N201: =C201/(1400*24) -> 0.22759226 | O201: =K201/(B201*1400*24) -> 2.6292552
... A207: 45400 | B207: =VLOOKUP(A207,'BADI SID DATA'!A:B,2,0) -> 18 | C207: 7356.8 | H207: 1 | I207: 1 | K207: =K206+C207 -> 1099894 | N207: =C207/(1400*24) -> 0.21895238 | O207: =K207/(B207*1400*24) -> 1.8186078
A208: 45401 | B208: =VLOOKUP(A208,'BADI SID DATA'!A:B,2,0) -> 19 | C208: 6531.8 | D208: 5.14 | H208: 1 | I208: 1 | K208: =K207+C208 -> 1106425.8 | N208: =C208/(1400*24) -> 0.19439881 | O208: =K208/(B208*1400*24) -> 1.7331231
A209: 45402 | B209: =VLOOKUP(A209,'BADI SID DATA'!A:B,2,0) -> 20 | C209: 6860 | D209: 5.42 | H209: 1 | I209: 1 | K209: =K208+C209 -> 1113285.8 | N209: =C209/(1400*24) -> 0.20416667 | O209: =K209/(B209*1400*24) -> 1.6566753
A210: 45403 | B210: =VLOOKUP(A210,'BADI SID DATA'!A:B,2,0) -> 21 | C210: 6854.4 | D210: 5.54 | H210: 1 | I210: 1 | K210: =K209+C210 -> 1120140.2 | N210: =C210/(1400*24) -> 0.204 | O210: =K210/(B210*1400*24) -> 1.5875003
A211: 45404 | B211: =VLOOKUP(A211,'BADI SID DATA'!A:B,2,0) -> 22 | C211: 7280.2 | D211: 5.88 | H211: 1 | I211: 1 | K211: =K210+C211 -> 1127420.4 | N211: =C211/(1400*24) -> 0.21667262 | O211: =K211/(B211*1400*24) -> 1.5251899
A212: 45405 | B212: =VLOOKUP(A212,'BADI SID DATA'!A:B,2,0) -> 23 | C212: 7314.2 | D212: 5.81 | H212: 1 | I212: 1 | K212: =K211+C212 -> 1134734.6 | N212: =C212/(1400*24) -> 0.21768452 | O212: =K212/(B212*1400*24) -> 1.4683419
A213: 45406 | B213: =VLOOKUP(A213,'BADI SID DATA'!A:B,2,0) -> 24 | C213: 7605.3 | D213: 6.15 | H213: 1 | I213: 1 | K213: =K212+C213 -> 1142339.9 | N213: =C213/(1400*24) -> 0.22634821 | O213: =K213/(B213*1400*24) -> 1.4165921
A214: 45407 | B214: =VLOOKUP(A214,'BADI SID DATA'!A:B,2,0) -> 25 | C214: 5347.1 | D214: 4.16 | H214: 1 | I214: 1 | K214: =K213+C214 -> 1147687 | N214: =C214/(1400*24) -> 0.15913988 | O214: =K214/(B214*1400*24) -> 1.366294
A215: 45408 | B215: =VLOOKUP(A215,'BADI SID DATA'!A:B,2,0) -> 26 | C215: 6368.4 | D215: 5.63 | H215: 1 | I215: 1 | K215: =K214+C215 -> 1154055.4 | N215: =C215/(1400*24) -> 0.18953571 | O215: =K215/(B215*1400*24) -> 1.3210341
A216: 45409 | B216: =VLOOKUP(A216,'BADI SID DATA'!A:B,2,0) -> 27 | C216: 7549.5 | D216: 6.02 | H216: 1 | I216: 1 | K216: =K215+C216 -> 1161604.9 | N216: =C216/(1400*24) -> 0.2246875 | O216: =K216/(B216*1400*24) -> 1.2804287
A217: 45410 | B217: =VLOOKUP(A217,'BADI SID DATA'!A:B,2,0) -> 28 | C217: 7310.9 | D217: 5.87 | H217: 1 | I217: 1 | K217: =K216+C217 -> 1168915.8 | N217: =C217/(1400*24) -> 0.21758631 | O217: =K217/(B217*1400*24) -> 1.24247
A218: 45411 | B218: =VLOOKUP(A218,'BADI SID DATA'!A:B,2,0) -> 29 | C218: 7283.7 | D218: 5.83 | H218: 1 | I218: 1 | K218: =K217+C218 -> 1176199.5 | N218: =C218/(1400*24) -> 0.21677679 | O218: =K218/(B218*1400*24) -> 1.2071013
A219: 45412 | B219: =VLOOKUP(A219,'BADI SID DATA'!A:B,2,0) -> 30 | C219: 5801.3 | D219: 4.52 | H219: 1 | I219: 1 | K219: =K218+C219 -> 1182000.8 | N219: =C219/(1400*24) -> 0.17265774 | O219: =K219/(B219*1400*24) -> 1.1726198
... A367: 45560 | B367: =VLOOKUP(A367,'BADI SID DATA'!A:B,2,0) -> 178 | C367: 7136.7 | D367: 5.53 | H367: 1 | I367: 1 | K367: =K366+C367 -> 1967025.3 | N367: =C367/(1400*24) -> 0.21240179 | O367: =K367/(B367*1400*24) -> 0.32889
A368: 45561 | B368: =VLOOKUP(A368,'BADI SID DATA'!A:B,2,0) -> 179 | C368: 6856.1 | D368: 5.43 | H368: 1 | I368: 1 | K368: =C368 -> 6856.1 | N368: =C368/(1400*24) -> 0.2040506 | O368: =K368/(B368*1400*24) -> 0.0011399475
A369: 45562 | B369: =VLOOKUP(A369,'BADI SID DATA'!A:B,2,0) -> 180 | C369: 7705.8 | D369: 6.07 | H369: 1 | I369: 1 | K369: =K368+C369 -> 14561.9 | N369: =C369/(1400*24) -> 0.22933929 | O369: =K369/(B369*1400*24) -> 0.0024077216
A370: 45563 | B370: =VLOOKUP(A370,'BADI SID DATA'!A:B,2,0) -> 181 | C370: 7940.5 | D370: 6.4 | H370: 1 | I370: 1 | K370: =K369+C370 -> 22502.4 | N370: =C370/(1400*24) -> 0.2363244 | O370: =K370/(B370*1400*24) -> 0.0037000789
A371: 45564 | B371: =VLOOKUP(A371,'BADI SID DATA'!A:B,2,0) -> 182 | C371: 7167 | D371: 5.79 | H371: 1 | I371: 0.97222222 | K371: =K370+C371 -> 29669.4 | N371: =C371/(1400*24) -> 0.21330357 | O371: =K371/(B371*1400*24) -> 0.0048517465
A372: 45565 | B372: =VLOOKUP(A372,'BADI SID DATA'!A:B,2,0) -> 183 | C372: 6297.4 | D372: 4.91 | H372: 1 | I372: 0.94027778 | K372: =K371+C372 -> 35966.8 | N372: =C372/(1400*24) -> 0.18742262 | O372: =K372/(B372*1400*24) -> 0.0058494015
A373: 45566 | B373: =VLOOKUP(A373,'BADI SID DATA'!A:B,2,0) -> 184 | C373: 1069.1 | D373: 0.8 | H373: 1 | I373: 1 | K373: =K372+C373 -> 37035.9 | N373: =C373/(1400*24) -> 0.031818452 | O373: =K373/(B373*1400*24) -> 0.0059905377
A374: 45567 | B374: =VLOOKUP(A374,'BADI SID DATA'!A:B,2,0) -> 185 | C374: 6605 | D374: 5.29 | H374: 1 | I374: 1 | K374: =K373+C374 -> 43640.9 | N374: =C374/(1400*24) -> 0.19657738 | O374: =K374/(B374*1400*24) -> 0.0070207368
A375: 45568 | B375: =VLOOKUP(A375,'BADI SID DATA'!A:B,2,0) -> 186 | C375: 5549.8 | D375: 4.24 | H375: 1 | I375: 1 | K375: =K374+C375 -> 49190.7 | N375: =C375/(1400*24) -> 0.16517262 | O375: =K375/(B375*1400*24) -> 0.0078710157
A376: 45569 | B376: =VLOOKUP(A376,'BADI SID DATA'!A:B,2,0) -> 187 | C376: 7772.6 | D376: 6.16 | H376: 1 | I376: 1 | K376: =K375+C376 -> 56963.3 | N376: =C376/(1400*24) -> 0.23132738 | O376: =K376/(B376*1400*24) -> 0.0090659696
A377: 45570 | B377: =VLOOKUP(A377,'BADI SID DATA'!A:B,2,0) -> 188 | C377: 4030.6 | D377: 3.07 | H377: 1 | I377: 0.94027778 | K377: =K376+C377 -> 60993.9 | N377: =C377/(1400*24) -> 0.11995833 | O377: =K377/(B377*1400*24) -> 0.0096558226
A378: 45571 | B378: =VLOOKUP(A378,'BADI SID DATA'!A:B,2,0) -> 189 | C378: 6745.8 | D378: 5.36 | H378: 1 | I378: 1 | K378: =K377+C378 -> 67739.7 | N378: =C378/(1400*24) -> 0.20076786 | O378: =K378/(B378*1400*24) -> 0.010666997
A379: 45572 | B379: =VLOOKUP(A379,'BADI SID DATA'!A:B,2,0) -> 190 | C379: 3383.4 | D379: 2.43 | H379: 1 | I379: 1 | K379: =K378+C379 -> 71123.1 | N379: =C379/(1400*24) -> 0.10069643 | O379: =K379/(B379*1400*24) -> 0.011140836
A380: 45573 | B380: =VLOOKUP(A380,'BADI SID DATA'!A:B,2,0) -> 191 | C380: 5073.8 | D380: 3.74 | H380: 1 | I380: 1 | K380: =K379+C380 -> 76196.9 | N380: =C380/(1400*24) -> 0.15100595 | O380: =K380/(B380*1400*24) -> 0.011873115
... A554: 45747 | B554: =VLOOKUP(A554,'BADI SID DATA'!A:B,2,0) -> 365 | C554: 6574.8 | D554: 5.34 | H554: 1 | I554: 0.98888889 | K554: =K553+C554 -> 1063637.5 | N554: =C554/(1400*24) -> 0.19567857 | O554: =K554/(B554*1400*24) -> 0.086728433
A555: 45748 | B555: =VLOOKUP(A555,'BADI SID DATA'!A:B,2,0) -> 1 | C555: 6889.1 | D555: 5.46 | H555: 1 | I555: 1 | K555: =C555 -> 6889.1 | L555: =F555 -> 0 | M555: =G555 -> 0 | N555: =C555/(1400*24) -> 0.20503274 | O555: =K555/(B555*1400*24) -> 0.20503274
A556: 45749 | B556: =VLOOKUP(A556,'BADI SID DATA'!A:B,2,0) -> 2 | C556: 7154 | D556: 5.69 | H556: 1 | I556: 1 | K556: =K555+C556 -> 14043.1 | L556: =L555+F556 -> 0 | M556: =M555+G556 -> 0 | N556: =C556/(1400*24) -> 0.21291667 | O556: =K556/(B556*1400*24) -> 0.2089747
A557: 45750 | B557: =VLOOKUP(A557,'BADI SID DATA'!A:B,2,0) -> 3 | C557: 7035.5 | D557: 5.67 | H557: 1 | I557: 1 | K557: =K556+C557 -> 21078.6 | L557: =L556+F557 -> 0 | M557: =M556+G557 -> 0 | N557: =C557/(1400*24) -> 0.20938988 | O557: =K557/(B557*1400*24) -> 0.2091131
A558: 45751 | B558: =VLOOKUP(A558,'BADI SID DATA'!A:B,2,0) -> 4 | C558: 7667 | D558: 6.2 | H558: 1 | I558: 1 | K558: =K557+C558 -> 28745.6 | L558: =L557+F558 -> 0 | M558: =M557+G558 -> 0 | N558: =C558/(1400*24) -> 0.22818452 | O558: =K558/(B558*1400*24) -> 0.21388095
A559: 45752 | B559: =VLOOKUP(A559,'BADI SID DATA'!A:B,2,0) -> 5 | C559: 7871.5 | D559: 6.25 | H559: 1 | I559: 1 | K559: =K558+C559 -> 36617.1 | L559: =L558+F559 -> 0 | M559: =M558+G559 -> 0 | N559: =C559/(1400*24) -> 0.23427083 | O559: =K559/(B559*1400*24) -> 0.21795893
A560: 45753 | B560: =VLOOKUP(A560,'BADI SID DATA'!A:B,2,0) -> 6 | C560: 7417.9 | D560: 5.95 | H560: 1 | I560: 1 | K560: =K559+C560 -> 44035 | L560: =L559+F560 -> 0 | M560: =M559+G560 -> 0 | N560: =C560/(1400*24) -> 0.22077083 | O560: =K560/(B560*1400*24) -> 0.21842758
A561: 45754 | B561: =VLOOKUP(A561,'BADI SID DATA'!A:B,2,0) -> 7 | C561: 6708.5 | D561: 6.1 | H561: 1 | I561: 0.92916667 | K561: =K560+C561 -> 50743.5 | L561: =L560+F561 -> 0 | M561: =M560+G561 -> 0 | N561: =C561/(1400*24) -> 0.19965774 | O561: =K561/(B561*1400*24) -> 0.21574617
A562: 45755 | B562: =VLOOKUP(A562,'BADI SID DATA'!A:B,2,0) -> 8 | C562: 7617.9 | D562: 6.06 | H562: 1 | I562: 1 | K562: =K561+C562 -> 58361.4 | L562: =L561+F562 -> 0 | M562: =M561+G562 -> 0 | N562: =C562/(1400*24) -> 0.22672321 | O562: =K562/(B562*1400*24) -> 0.2171183
A563: 45756 | B563: =VLOOKUP(A563,'BADI SID DATA'!A:B,2,0) -> 9 | C563: 7251.1 | D563: 5.74 | H563: 1 | I563: 1 | K563: =K562+C563 -> 65612.5 | L563: =L562+F563 -> 0 | M563: =M562+G563 -> 0 | N563: =C563/(1400*24) -> 0.21580655 | O563: =K563/(B563*1400*24) -> 0.21697255
A564: 45757 | B564: =VLOOKUP(A564,'BADI SID DATA'!A:B,2,0) -> 10 | C564: 6901 | D564: 5.4 | H564: 1 | I564: 1 | K564: =K563+C564 -> 72513.5 | L564: =L563+F564 -> 0 | M564: =M563+G564 -> 0 | N564: =C564/(1400*24) -> 0.2053869 | O564: =K564/(B564*1400*24) -> 0.21581399
A565: 45758 | B565: =VLOOKUP(A565,'BADI SID DATA'!A:B,2,0) -> 11 | C565: 7384.8 | D565: 5.87 | H565: 1 | I565: 1 | K565: =K564+C565 -> 79898.3 | L565: =L564+F565 -> 0 | M565: =M564+G565 -> 0 | N565: =C565/(1400*24) -> 0.21978571 | O565: =K565/(B565*1400*24) -> 0.21617505
A566: 45759 | B566: =VLOOKUP(A566,'BADI SID DATA'!A:B,2,0) -> 12 | C566: 7589.5 | D566: 6.07 | H566: 1 | I566: 1 | K566: =K565+C566 -> 87487.8 | L566: =L565+F566 -> 0 | M566: =M565+G566 -> 0 | N566: =C566/(1400*24) -> 0.22587798 | O566: =K566/(B566*1400*24) -> 0.21698363
A567: 45760 | B567: =VLOOKUP(A567,'BADI SID DATA'!A:B,2,0) -> 13 | C567: 7551.5 | D567: 6.1 | H567: 1 | I567: 1 | K567: =K566+C567 -> 95039.3 | L567: =L566+F567 -> 0 | M567: =M566+G567 -> 0 | N567: =C567/(1400*24) -> 0.22474702 | O567: =K567/(B567*1400*24) -> 0.21758082
... A752: 45945 | B752: =VLOOKUP(A752,'BADI SID DATA'!A:B,2,0) -> 198 | C752: 6504.6 | D752: 5.15 | H752: 1 | I752: 1 | K752: =K751+C752 -> 1181984.4 | L752: =L751+F752 -> 0 | M752: =M751+G752 -> 0 | N752: =C752/(1400*24) -> 0.19358929 | O752: =K752/(B752*1400*24) -> 0.17766721
A753: 45946 | B753: =VLOOKUP(A753,'BADI SID DATA'!A:B,2,0) -> 199 | C753: 1820 | D753: 1.31 | F753: 0 | G753: 0 | H753: 1 | I753: 1 | K753: =K752+C753 -> 1183804.4 | L753: =L752+F753 -> 0 | M753: =M752+G753 -> 0 | N753: =C753/(1400*24) -> 0.054166667 | O753: =K753/(B753*1400*24) -> 0.1770466
A754: 45947 | B754: =VLOOKUP(A754,'BADI SID DATA'!A:B,2,0) -> 200 | C754: 553 | D754: 0.43 | F754: 0 | G754: 0 | H754: 1 | I754: 1 | J754: 1 | K754: =K753+C754 -> 1184357.4 | L754: =L753+F754 -> 0 | M754: =M753+G754 -> 0 | N754: =C754/(1400*24) -> 0.016458333 | O754: =K754/(B754*1400*24) -> 0.17624366 | P754: Rainy and cloudy weather
A755: 45948 | B755: =VLOOKUP(A755,'BADI SID DATA'!A:B,2,0) -> 201 | C755: 6498 | D755: 5.35 | F755: 1195 | H755: 1 | I755: 1 | J755: 1 | K755: =K754+C755 -> 1190855.4 | L755: =L754+F755 -> 1195 | M755: =M754+G755 -> 0 | N755: =C755/(1400*24) -> 0.19339286 | O755: =K755/(B755*1400*24) -> 0.17632898
A756: 45949 | B756: =VLOOKUP(A756,'BADI SID DATA'!A:B,2,0) -> 202 | C756: 4414 | D756: 3.42 | F756: 0 | G756: 0 | H756: 1 | I756: 1 | J756: 1 | K756: =K755+C756 -> 1195269.4 | L756: =L755+F756 -> 1195 | M756: =M755+G756 -> 0 | N756: =C756/(1400*24) -> 0.13136905 | O756: =K756/(B756*1400*24) -> 0.17610641 | P756: Low SOC
A757: 45950 | B757: =VLOOKUP(A757,'BADI SID DATA'!A:B,2,0) -> 203 | C757: 6357 | D757: 5.16 | F757: 1202 | H757: 1 | I757: 1 | J757: 1 | K757: =K756+C757 -> 1201626.4 | L757: =L756+F757 -> 2397 | M757: =M756+G757 -> 0 | N757: =C757/(1400*24) -> 0.18919643 | O757: =K757/(B757*1400*24) -> 0.17617089
A758: 45951 | B758: =VLOOKUP(A758,'BADI SID DATA'!A:B,2,0) -> 204 | C758: 7048 | D758: 5.67 | E758: 1110 | F758: 1390 | G758: 1561 | H758: 1 | I758: 1 | J758: 1 | K758: =K757+C758 -> 1208674.4 | L758: =F758 -> 1390 | M758: =M757+G758 -> 1561 | N758: =C758/(1400*24) -> 0.2097619 | O758: =K758/(B758*1400*24) -> 0.17633555
A759: 45952 | B759: =VLOOKUP(A759,'BADI SID DATA'!A:B,2,0) -> 205 | C759: 2053 | D759: 2.64 | E759: 554 | F759: 436 | G759: 557 | H759: 1 | I759: 1 | J759: 1 | K759: =K758+C759 -> 1210727.4 | L759: =L758+F759 -> 1826 | M759: =M758+G759 -> 2118 | N759: =C759/(1400*24) -> 0.06110119 | O759: =K759/(B759*1400*24) -> 0.17577343
A760: 45953 | B760: =VLOOKUP(A760,'BADI SID DATA'!A:B,2,0) -> 206 | C760: 2706 | D760: 2 | E760: 548 | F760: 270 | G760: 422 | H760: 1 | I760: 1 | J760: 1 | K760: =K759+C760 -> 1213433.4 | L760: =L759+F760 -> 2096 | M760: =M759+G760 -> 2540 | N760: =C760/(1400*24) -> 0.080535714 | O760: =K760/(B760*1400*24) -> 0.17531111 | P760: Weather-Cloudy
A761: 45954 | B761: =VLOOKUP(A761,'BADI SID DATA'!A:B,2,0) -> 207 | C761: 3846 | D761: 2.95 | E761: 749 | F761: 878 | G761: 860 | H761: 1 | I761: 1 | J761: 1 | K761: =K760+C761 -> 1217279.4 | L761: =L760+F761 -> 2974 | M761: =M760+G761 -> 3400 | N761: =C761/(1400*24) -> 0.11446429 | O761: =K761/(B761*1400*24) -> 0.17501717
A762: 45955 | B762: =VLOOKUP(A762,'BADI SID DATA'!A:B,2,0) -> 208 | C762: 7027 | D762: 5.9 | E762: 1131 | F762: 1490 | G762: 1499 | H762: 1 | I762: 1 | J762: 1 | K762: =K761+C762 -> 1224306.4 | L762: =L761+F762 -> 4464 | M762: =M761+G762 -> 4899 | N762: =C762/(1400*24) -> 0.2091369 | O762: =K762/(B762*1400*24) -> 0.1751812
A763: 45956 | B763: =VLOOKUP(A763,'BADI SID DATA'!A:B,2,0) -> 209 | C763: 5191 | D763: 4.24 | E763: 747 | F763: 1078 | G763: 1234 | H763: 1 | I763: 0.98 | J763: 1 | K763: =K762+C763 -> 1229497.4 | L763: =L762+F763 -> 5542 | M763: =M762+G763 -> 6133 | N763: =C763/(1400*24) -> 0.15449405 | O763: =K763/(B763*1400*24) -> 0.17508222 | P763: Weather-Cloudy
A764: 45957 | B764: =VLOOKUP(A764,'BADI SID DATA'!A:B,2,0) -> 210 | C764: 2443 | D764: 1.79 | E764: 493 | F764: 73.4 | G764: 222 | H764: 1 | I764: 0.97 | J764: 1 | K764: =K763+C764 -> 1231940.4 | L764: =L763+F764 -> 5615.4 | M764: =M763+G764 -> 6355 | N764: =C764/(1400*24) -> 0.072708333 | O764: =K764/(B764*1400*24) -> 0.17459473 | P764: Weather-Cloudy
A765: 45958 | B765: =VLOOKUP(A765,'BADI SID DATA'!A:B,2,0) -> 211 | C765: 719 | D765: 4.94 | E765: 388 | F765: 0 | G765: 0 | H765: 0.35 | I765: 0.96 | J765: 1 | K765: =K764+C765 -> 1232659.4 | L765: =L764+F765 -> 5615.4 | M765: =M764+G765 -> 6355 | N765: =C765/(1400*24) -> 0.02139881 | O765: =K765/(B765*1400*24) -> 0.17386868 | P765: Weather-Cloudy Grid Failure for 5 hrs due to which BESS was not charged
A766: 45959 | B766: =VLOOKUP(A766,'BADI SID DATA'!A:B,2,0) -> 212 | C766: 2059 | D766: 5.17 | E766: 956 | F766: 615 | G766: 561 | H766: 0.78 | I766: 0.74 | J766: 1 | K766: =K765+C766 -> 1234718.4 | L766: =L765+F766 -> 6230.4 | M766: =M765+G766 -> 6916 | N766: =C766/(1400*24) -> 0.061279762 | O766: =K766/(B766*1400*24) -> 0.1733376 | P766: LEDA DG issue Grid Failure - 5 Hr 17 Min
A767: 45960 | B767: =VLOOKUP(A767,'BADI SID DATA'!A:B,2,0) -> 213 | C767: 0 | D767: 5.46 | E767: 0 | F767: 0 | G767: 0 | H767: 1 | I767: 0 | J767: 0 | K767: =K766+C767 -> 1234718.4 | L767: =L766+F767 -> 6230.4 | M767: =M766+G767 -> 6916 | N767: =C767/(1400*24) -> 0 | O767: =K767/(B767*1400*24) -> 0.17252381 | P767: LEDA DG issue Grid Failure - 12 Hr
A768: 45961 | B768: =VLOOKUP(A768,'BADI SID DATA'!A:B,2,0) -> 214 | C768: 5547 | D768: 5.86 | E768: 1190 | F768: 1265 | G768: 1368 | H768: 1 | I768: 1 | J768: 1 | K768: =K767+C768 -> 1240265.4 | L768: =L767+F768 -> 7495.4 | M768: =M767+G768 -> 8284 | N768: =C768/(1400*24) -> 0.16508929 | O768: =K768/(B768*1400*24) -> 0.17248907 | P768: LEDA DG issue Grid Failure - 5 Hr 30 min
A769: 45962 | B769: =VLOOKUP(A769,'BADI SID DATA'!A:B,2,0) -> 215 | C769: 6312 | D769: 5.82 | E769: 1126 | F769: 1407 | G769: 1423 | H769: 1 | I769: 1 | J769: 1 | K769: =K768+C769 -> 1246577.4 | L769: =L768+F769 -> 8902.4 | M769: =M768+G769 -> 9707 | N769: =C769/(1400*24) -> 0.18785714 | O769: =K769/(B769*1400*24) -> 0.17256055
A770: 45963 | B770: =VLOOKUP(A770,'BADI SID DATA'!A:B,2,0) -> 216 | C770: 6868 | D770: 6.04 | E770: 1211 | F770: 1360 | G770: 1529 | H770: 1 | I770: 1 | J770: 1 | K770: =K769+C770 -> 1253445.4 | L770: =L769+F770 -> 10262.4 | M770: =M769+G770 -> 11236 | N770: =C770/(1400*24) -> 0.20440476 | O770: =K770/(B770*1400*24) -> 0.17270798
A771: 45964 | B771: =VLOOKUP(A771,'BADI SID DATA'!A:B,2,0) -> 217 | C771: 6928 | D771: 6.03 | E771: 1156 | F771: 1365 | G771: 1470 | H771: 0.96 | I771: 1 | J771: 1 | K771: =K770+C771 -> 1260373.4 | L771: =L770+F771 -> 11627.4 | M771: =M770+G771 -> 12706 | N771: =C771/(1400*24) -> 0.20619048 | O771: =K771/(B771*1400*24) -> 0.17286227 | P771: 1hr 46 min, 384 kW Breakdown Reason - BESS Software issue
A772: 45965 | B772: =VLOOKUP(A772,'BADI SID DATA'!A:B,2,0) -> 218 | C772: 7124 | D772: 5.86 | E772: 1156 | F772: 1349 | G772: 1520 | H772: 1 | I772: 1 | J772: 1 | K772: =K771+C772 -> 1267497.4 | L772: =L771+F772 -> 12976.4 | M772: =M771+G772 -> 14226 | N772: =C772/(1400*24) -> 0.21202381 | O772: =K772/(B772*1400*24) -> 0.17304191 | P772: 40 min, 220 kW Breakdown Reason - BESS Software issue
A773: 45966 | B773: =VLOOKUP(A773,'BADI SID DATA'!A:B,2,0) -> 219 | C773: 6755 | D773: 5.67 | E773: 1102 | F773: 1427 | G773: 1596 | H773: 1 | I773: 1 | J773: 1 | K773: =K772+C773 -> 1274252.4 | L773: =L772+F773 -> 14403.4 | M773: =M772+G773 -> 15822 | N773: =C773/(1400*24) -> 0.20104167 | O773: =K773/(B773*1400*24) -> 0.17316977 | P773: 1 hr 07 min, 130 kW Breakdown Reason - Grid doesn’t have enough connected load
A774: 45967 | B774: =VLOOKUP(A774,'BADI SID DATA'!A:B,2,0) -> 220 | C774: 6304 | D774: 5.67 | E774: 1157 | F774: 1494 | G774: 1605 | H774: 1 | I774: 1 | J774: 1 | K774: =K773+C774 -> 1280556.4 | L774: =L773+F774 -> 15897.4 | M774: =M773+G774 -> 17427 | N774: =C774/(1400*24) -> 0.18761905 | O774: =K774/(B774*1400*24) -> 0.17323544 | P774: 1 hr 30 min, 138 kW Breakdown Reason - Grid doesn’t have enough connected load
A775: 45968 | B775: =VLOOKUP(A775,'BADI SID DATA'!A:B,2,0) -> 221 | C775: 6808 | D775: 5.74 | E775: 1160 | F775: 1422 | G775: 1603 | H775: 1 | I775: 1 | J775: 1 | K775: =K774+C775 -> 1287364.4 | L775: =L774+F775 -> 17319.4 | M775: =M774+G775 -> 19030 | N775: =C775/(1400*24) -> 0.20261905 | O775: =K775/(B775*1400*24) -> 0.1733684
A776: 45969 | B776: =VLOOKUP(A776,'BADI SID DATA'!A:B,2,0) -> 222 | C776: 7143 | D776: 5.99 | E776: 1050 | F776: 1399 | G776: 1514 | H776: 1 | I776: 1 | J776: 1 | K776: =K775+C776 -> 1294507.4 | L776: =L775+F776 -> 18718.4 | M776: =M775+G776 -> 20544 | N776: =C776/(1400*24) -> 0.21258929 | O776: =K776/(B776*1400*24) -> 0.17354507
A777: 45970 | B777: =VLOOKUP(A777,'BADI SID DATA'!A:B,2,0) -> 223 | C777: 6278 | D777: 5.39 | E777: 1030 | F777: 1493 | G777: 1670 | H777: 1 | I777: 1 | J777: 1 | K777: =K776+C777 -> 1300785.4 | L777: =L776+F777 -> 20211.4 | M777: =M776+G777 -> 22214 | N777: =C777/(1400*24) -> 0.18684524 | O777: =K777/(B777*1400*24) -> 0.17360471
A778: 45971 | B778: =VLOOKUP(A778,'BADI SID DATA'!A:B,2,0) -> 224 | C778: 6309 | D778: 5.18 | E778: 1080 | F778: 1372 | G778: 1499 | H778: 1 | I778: 1 | J778: 1 | K778: =K777+C778 -> 1307094.4 | L778: =L777+F778 -> 21583.4 | M778: =M777+G778 -> 23713 | N778: =C778/(1400*24) -> 0.18776786 | O778: =K778/(B778*1400*24) -> 0.17366794
A779: 45972 | B779: =VLOOKUP(A779,'BADI SID DATA'!A:B,2,0) -> 225 | C779: 7022 | D779: 5.81 | E779: 1060 | F779: 1352 | G779: 1499 | H779: 1 | I779: 1 | J779: 1 | K779: =K778+C779 -> 1314116.4 | L779: =L778+F779 -> 22935.4 | M779: =M778+G779 -> 25212 | N779: =C779/(1400*24) -> 0.2089881 | O779: =K779/(B779*1400*24) -> 0.17382492
A780: 45973 | B780: =VLOOKUP(A780,'BADI SID DATA'!A:B,2,0) -> 226 | C780: 7098 | D780: 5.84 | E780: 1030 | F780: 1378 | G780: 1542 | H780: 1 | I780: 1 | J780: 1 | K780: =K779+C780 -> 1321214.4 | L780: =L779+F780 -> 24313.4 | M780: =M779+G780 -> 26754 | N780: =C780/(1400*24) -> 0.21125 | O780: =K780/(B780*1400*24) -> 0.17399052
A781: 45974 | B781: =VLOOKUP(A781,'BADI SID DATA'!A:B,2,0) -> 227 | C781: 5288 | D781: 4.23 | E781: 929 | F781: 760 | G781: 888 | H781: 1 | I781: 1 | J781: 1 | K781: =K780+C781 -> 1326502.4 | L781: =L780+F781 -> 25073.4 | M781: =M780+G781 -> 27642 | N781: =C781/(1400*24) -> 0.15738095 | O781: =K781/(B781*1400*24) -> 0.17391735 | P781: Weather-Cloudy
A782: 45975 | B782: =VLOOKUP(A782,'BADI SID DATA'!A:B,2,0) -> 228 | C782: 5194 | D782: 4.26 | E782: 1123 | F782: 924 | G782: 1053 | H782: 1 | I782: 1 | J782: 1 | K782: =K781+C782 -> 1331696.4 | L782: =L781+F782 -> 25997.4 | M782: =M781+G782 -> 28695 | N782: =C782/(1400*24) -> 0.15458333 | O782: =K782/(B782*1400*24) -> 0.17383255 | P782: Weather-Cloudy
A783: 45976 | B783: =VLOOKUP(A783,'BADI SID DATA'!A:B,2,0) -> 229 | C783: 4341 | D783: 3.42 | E783: 844 | F783: 176 | G783: 416 | H783: 1 | I783: 1 | J783: 1 | K783: =K782+C783 -> 1336037.4 | L783: =L782+F783 -> 26173.4 | M783: =M782+G783 -> 29111 | N783: =C783/(1400*24) -> 0.12919643 | O783: =K783/(B783*1400*24) -> 0.17363763
...

Sheet BADI SID Dashboard
B1: Date | C1: ='SECI O&M Dashboard'!E3 -> 46027
B4: SECI 10MW Badi Sid
B5: Date* | D5: =C1 -> 46027 | F5: Year Till date* | H5: Last FY Performance^
B6: *Data is without considering radiation correction | H6: ^Data is with radiation correction
B7: GHI (Kwh/sq. m) | C7: Exported generation (MU) | D7: CUF (%) | E7: Peak Power (Kw) | F7: Exported generation (MU) | G7: CUF (%) | H7: Exported generation (MU) | J7: CUF (%)
B8: =VLOOKUP(C1,'BADI SID DATA'!A:D,4,0) -> 3.41 | C8: =VLOOKUP(C1,'BADI SID DATA'!A:C,3,FALSE)/10^6 -> 0.0408 | D8: =VLOOKUP(C1,'BADI SID DATA'!A:I,9,0) -> 0.17 | E8: =VLOOKUP(C1,'BADI SID DATA'!A:E,5,0) -> 8950 | F8: =VLOOKUP(C1,'BADI SID DATA'!A:H,8,0)/10^6 -> 13.079696 | G8: =VLOOKUP(C1,'BADI SID DATA'!A:J,10,0) -> 0.19463834
B11: Generation Data for last 7 days
B12: Date | C12: Radiation POA (Kwh/sq. m) | D12: Exported generation (KWh) | E12: CUF (%) | F12: Peak Power (KwH) | G12: Radiation POA (Kwh/sq. m) | H12: Exported generation (KWh) | I12: CUF (%) | J12: Peak Power (KwH)
C13: =YEAR(C1) -> 2026 | G13: =C13-1 -> 2025
B14: =C1-1 -> 46026 | C14: =VLOOKUP(B14,'BADI SID DATA'!A:D,4,0) -> 3.78 | D14: =VLOOKUP(B14,'BADI SID DATA'!A:C,3,0) -> 46231.5 | E14: =VLOOKUP('BADI SID Dashboard'!B14,'BADI SID DATA'!A:I,9,0) -> 0.19263125 | F14: =VLOOKUP(B14,'BADI SID DATA'!A:E,5,0) -> 5954 | G14: =VLOOKUP(B14-365,'BADI SID DATA'!A:D,4,0) -> 3.66 | H14: =VLOOKUP(B14-365,'BADI SID DATA'!A:C,3,0) -> 43136 | I14: =VLOOKUP(B14-365,'BADI SID DATA'!A:I,9,0) -> 0.17973333 | J14: =VLOOKUP(B14-365,'BADI SID DATA'!A:E,5,0) -> 7798
B15: =B14-1 -> 46025 | C15: =VLOOKUP(B15,'BADI SID DATA'!A:D,4,0) -> 3.72 | D15: =VLOOKUP(B15,'BADI SID DATA'!A:C,3,0) -> 45979 | E15: =VLOOKUP('BADI SID Dashboard'!B15,'BADI SID DATA'!A:I,9,0) -> 0.19157917 | F15: =VLOOKUP(B15,'BADI SID DATA'!A:E,5,0) -> 7071 | G15: =VLOOKUP(B15-365,'BADI SID DATA'!A:D,4,0) -> 3.82 | H15: =VLOOKUP(B15-365,'BADI SID DATA'!A:C,3,0) -> 46942 | I15: =VLOOKUP(B15-365,'BADI SID DATA'!A:I,9,0) -> 0.19559167 | J15: =VLOOKUP(B15-365,'BADI SID DATA'!A:E,5,0) -> 7809
B16: =B15-1 -> 46024 | C16: =VLOOKUP(B16,'BADI SID DATA'!A:D,4,0) -> 3.89 | D16: =VLOOKUP(B16,'BADI SID DATA'!A:C,3,0) -> 29151 | E16: =VLOOKUP('BADI SID Dashboard'!B16,'BADI SID DATA'!A:I,9,0) -> 0.1214625 | F16: =VLOOKUP(B16,'BADI SID DATA'!A:E,5,0) -> 5954 | G16: =VLOOKUP(B16-365,'BADI SID DATA'!A:D,4,0) -> 3.23 | H16: =VLOOKUP(B16-365,'BADI SID DATA'!A:C,3,0) -> 38380 | I16: =VLOOKUP(B16-365,'BADI SID DATA'!A:I,9,0) -> 0.15991667 | J16: =VLOOKUP(B16-365,'BADI SID DATA'!A:E,5,0) -> 8459
B17: =B16-1 -> 46023 | C17: =VLOOKUP(B17,'BADI SID DATA'!A:D,4,0) -> 3.25 | D17: =VLOOKUP(B17,'BADI SID DATA'!A:C,3,0) -> 30475.5 | E17: =VLOOKUP('BADI SID Dashboard'!B17,'BADI SID DATA'!A:I,9,0) -> 0.12698125 | F17: =VLOOKUP(B17,'BADI SID DATA'!A:E,5,0) -> 6737 | G17: =VLOOKUP(B17-365,'BADI SID DATA'!A:D,4,0) -> 3.82 | H17: =VLOOKUP(B17-365,'BADI SID DATA'!A:C,3,0) -> 48847 | I17: =VLOOKUP(B17-365,'BADI SID DATA'!A:I,9,0) -> 0.20352917 | J17: =VLOOKUP(B17-365,'BADI SID DATA'!A:E,5,0) -> 8142
B18: =B17-1 -> 46022 | C18: =VLOOKUP(B18,'BADI SID DATA'!A:D,4,0) -> 2.29 | D18: =VLOOKUP(B18,'BADI SID DATA'!A:C,3,0) -> 23433 | E18: =VLOOKUP('BADI SID Dashboard'!B18,'BADI SID DATA'!A:I,9,0) -> 0.0976375 | F18: =VLOOKUP(B18,'BADI SID DATA'!A:E,5,0) -> 7374 | G18: =VLOOKUP(B18-365,'BADI SID DATA'!A:D,4,0) -> 3.41 | H18: =VLOOKUP(B18-365,'BADI SID DATA'!A:C,3,0) -> 32417 | I18: =VLOOKUP(B18-365,'BADI SID DATA'!A:I,9,0) -> 0.13507083 | J18: =VLOOKUP(B18-365,'BADI SID DATA'!A:E,5,0) -> 6879
B19: =B18-1 -> 46021 | C19: =VLOOKUP(B19,'BADI SID DATA'!A:D,4,0) -> 3.79 | D19: =VLOOKUP(B19,'BADI SID DATA'!A:C,3,0) -> 45538.5 | E19: =VLOOKUP('BADI SID Dashboard'!B19,'BADI SID DATA'!A:I,9,0) -> 0.18974375 | F19: =VLOOKUP(B19,'BADI SID DATA'!A:E,5,0) -> 7436 | G19: =VLOOKUP(B19-365,'BADI SID DATA'!A:D,4,0) -> 3.52 | H19: =VLOOKUP(B19-365,'BADI SID DATA'!A:C,3,0) -> 42620 | I19: =VLOOKUP(B19-365,'BADI SID DATA'!A:I,9,0) -> 0.17758333 | J19: =VLOOKUP(B19-365,'BADI SID DATA'!A:E,5,0) -> 8296
B20: =B19-1 -> 46020 | C20: =VLOOKUP(B20,'BADI SID DATA'!A:D,4,0) -> 3.79 | D20: =VLOOKUP(B20,'BADI SID DATA'!A:C,3,0) -> 47043 | E20: =VLOOKUP('BADI SID Dashboard'!B20,'BADI SID DATA'!A:I,9,0) -> 0.1960125 | F20: =VLOOKUP(B20,'BADI SID DATA'!A:E,5,0) -> 7464 | G20: =VLOOKUP(B20-365,'BADI SID DATA'!A:D,4,0) -> 3.7 | H20: =VLOOKUP(B20-365,'BADI SID DATA'!A:C,3,0) -> 46980 | I20: =VLOOKUP(B20-365,'BADI SID DATA'!A:I,9,0) -> 0.19575 | J20: =VLOOKUP(B20-365,'BADI SID DATA'!A:E,5,0) -> 7790

Sheet BADI SID DATA
A1: date | B1: Days | C1: generation (In Kwh) | D1: radiation | E1: Peak Power (in Kw) | F1: machine_availability | G1: grid_availability | H1: cumulative(in KwH) | I1: CUF | J1: CUF till date W.o.C
A2: 42736 | B2: 1 | C2: 33691 | D2: 2.73 | F2: 100 | G2: 100 | H2: =C2 -> 33691 | I2: =C2/(10*24*1000) -> 0.14037917 | J2: =H2/(24*B2*10*1000) -> 0.14037917
A3: 42737 | B3: 2 | C3: 30994 | D3: 2.49 | F3: 100 | G3: 100 | H3: =H2+C3 -> 64685 | I3: =C3/(10*24*1000) -> 0.12914167 | J3: =H3/(24*B3*10*1000) -> 0.13476042
A4: 42738 | B4: 3 | C4: 45405 | D4: 3.71 | F4: 100 | G4: 100 | H4: =H3+C4 -> 110090 | I4: =C4/(10*24*1000) -> 0.1891875 | J4: =H4/(24*B4*10*1000) -> 0.15290278
A5: 42739 | B5: 4 | C5: 41084 | D5: 3.19 | F5: 100 | G5: 100 | H5: =H4+C5 -> 151174 | I5: =C5/(10*24*1000) -> 0.17118333 | J5: =H5/(24*B5*10*1000) -> 0.15747292
A6: 42740 | B6: 5 | C6: 38229 | D6: 2.96 | F6: 100 | G6: 100 | H6: =H5+C6 -> 189403 | I6: =C6/(10*24*1000) -> 0.1592875 | J6: =H6/(24*B6*10*1000) -> 0.15783583
A7: 42741 | B7: 6 | C7: 24843 | D7: 2.2 | F7: 99.305556 | G7: 100 | H7: =H6+C7 -> 214246 | I7: =C7/(10*24*1000) -> 0.1035125 | J7: =H7/(24*B7*10*1000) -> 0.14878194
A8: 42742 | B8: 7 | C8: 41517 | D8: 3.23 | F8: 100 | G8: 100 | H8: =H7+C8 -> 255763 | I8: =C8/(10*24*1000) -> 0.1729875 | J8: =H8/(24*B8*10*1000) -> 0.15223988
A9: 42743 | B9: 8 | C9: 42701 | D9: 3.23 | F9: 100 | G9: 100 | H9: =H8+C9 -> 298464 | I9: =C9/(10*24*1000) -> 0.17792083 | J9: =H9/(24*B9*10*1000) -> 0.15545
A10: 42744 | B10: 9 | C10: 25285 | D10: 2.02 | F10: 100 | G10: 100 | H10: =H9+C10 -> 323749 | I10: =C10/(10*24*1000) -> 0.10535417 | J10: =H10/(24*B10*10*1000) -> 0.1498838
A11: 42745 | B11: 10 | C11: 55874 | D11: 4.2 | F11: 99.510604 | G11: 100 | H11: =H10+C11 -> 379623 | I11: =C11/(10*24*1000) -> 0.23280833 | J11: =H11/(24*B11*10*1000) -> 0.15817625
A12: 42746 | B12: 11 | C12: 55723 | D12: 4.32 | F12: 98.527005 | G12: 100 | H12: =H11+C12 -> 435346 | I12: =C12/(10*24*1000) -> 0.23217917 | J12: =H12/(24*B12*10*1000) -> 0.16490379
A13: 42747 | B13: 12 | C13: 57550 | D13: 4.26 | F13: 100 | G13: 100 | H13: =H12+C13 -> 492896 | I13: =C13/(10*24*1000) -> 0.23979167 | J13: =H13/(24*B13*10*1000) -> 0.17114444
A14: 42748 | B14: 13 | C14: 54436 | D14: 4.2 | F14: 100 | G14: 100 | H14: =H13+C14 -> 547332 | I14: =C14/(10*24*1000) -> 0.22681667 | J14: =H14/(24*B14*10*1000) -> 0.17542692
... A67: 42801 | B67: 66 | C67: 39808 | D67: 3.81 | F67: 100 | G67: 100 | H67: =H66+C67 -> 3366941 | I67: =C67/(10*24*1000) -> 0.16586667 | J67: =H67/(24*B67*10*1000) -> 0.21255941
A68: 42802 | B68: 67 | C68: 51233 | D68: WMS report not showing due to WMS troubleshooting work was goning on | F68: 100 | G68: 100 | H68: =H67+C68 -> 3418174 | I68: =C68/(10*24*1000) -> 0.21347083 | J68: =H68/(24*B68*10*1000) -> 0.21257301
A69: 42803 | B69: 68 | C69: 47296 | F69: 100 | G69: 100 | H69: =H68+C69 -> 3465470 | I69: =C69/(10*24*1000) -> 0.19706667 | J69: =H69/(24*B69*10*1000) -> 0.21234498
A70: 42804 | B70: 69 | C70: 57961 | F70: 100 | G70: 100 | H70: =H69+C70 -> 3523431 | I70: =C70/(10*24*1000) -> 0.24150417 | J70: =H70/(24*B70*10*1000) -> 0.21276757
A71: 42805 | B71: 70 | C71: 66378 | F71: 100 | G71: 100 | H71: =H70+C71 -> 3589809 | I71: =C71/(10*24*1000) -> 0.276575 | J71: =H71/(24*B71*10*1000) -> 0.21367911
A72: 42806 | B72: 71 | C72: 62905 | F72: 100 | G72: 100 | H72: =H71+C72 -> 3652714 | I72: =C72/(10*24*1000) -> 0.26210417 | J72: =H72/(24*B72*10*1000) -> 0.21436115
A73: 42807 | B73: 72 | C73: 66471 | F73: 100 | G73: 100 | H73: =H72+C73 -> 3719185 | I73: =C73/(10*24*1000) -> 0.2769625 | J73: =H73/(24*B73*10*1000) -> 0.21523061
A74: 42808 | B74: 73 | C74: 43058 | F74: 100 | G74: 100 | H74: =H73+C74 -> 3762243 | I74: =C74/(10*24*1000) -> 0.17940833 | J74: =H74/(24*B74*10*1000) -> 0.2147399
A75: 42809 | B75: 74 | C75: 51354 | D75: 5.16 | F75: 100 | G75: 100 | H75: =H74+C75 -> 3813597 | I75: =C75/(10*24*1000) -> 0.213975 | J75: =H75/(24*B75*10*1000) -> 0.21472956
A76: 42810 | B76: 75 | C76: 51157 | D76: 4.88 | F76: 100 | G76: 100 | H76: =H75+C76 -> 3864754 | I76: =C76/(10*24*1000) -> 0.21315417 | J76: =H76/(24*B76*10*1000) -> 0.21470856
A77: 42811 | B77: 76 | C77: 53050 | D77: 5.24 | F77: 100 | G77: 100 | H77: =H76+C77 -> 3917804 | I77: =C77/(10*24*1000) -> 0.22104167 | J77: =H77/(24*B77*10*1000) -> 0.21479189
A78: 42812 | B78: 77 | C78: 45759 | D78: 4.6 | F78: 100 | G78: 89.027778 | H78: =H77+C78 -> 3963563 | I78: =C78/(10*24*1000) -> 0.1906625 | J78: =H78/(24*B78*10*1000) -> 0.21447852
A79: 42813 | B79: 78 | C79: 61783 | D79: 5.89 | F79: 100 | G79: 100 | H79: =H78+C79 -> 4025346 | I79: =C79/(10*24*1000) -> 0.25742917 | J79: =H79/(24*B79*10*1000) -> 0.21502917
A80: 42814 | B80: 79 | C80: 63990 | D80: 6.22 | F80: 100 | G80: 100 | H80: =H79+C80 -> 4089336 | I80: =C80/(10*24*1000) -> 0.266625 | J80: =H80/(24*B80*10*1000) -> 0.21568228
A81: 42815 | B81: 80 | C81: 63434 | D81: 6.23 | F81: 100 | G81: 100 | H81: =H80+C81 -> 4152770 | I81: =C81/(10*24*1000) -> 0.26430833 | J81: =H81/(24*B81*10*1000) -> 0.2162901
A82: 42816 | B82: 81 | C82: 59173 | F82: 100 | G82: 87.013889 | H82: =H81+C82 -> 4211943 | I82: =C82/(10*24*1000) -> 0.24655417 | J82: =H82/(24*B82*10*1000) -> 0.21666373
A83: 42817 | B83: 82 | C83: 58693 | D83: 5.78 | F83: 100 | G83: 100 | H83: =H82+C83 -> 4270636 | I83: =C83/(10*24*1000) -> 0.24455417 | J83: =H83/(24*B83*10*1000) -> 0.21700386
A84: 42818 | B84: 83 | C84: 59028 | D84: 5.76 | F84: 100 | G84: 100 | H84: =H83+C84 -> 4329664 | I84: =C84/(10*24*1000) -> 0.24595 | J84: =H84/(24*B84*10*1000) -> 0.21735261
A85: 42819 | B85: 84 | C85: 60565 | D85: 6.08 | F85: 100 | G85: 100 | H85: =H84+C85 -> 4390229 | I85: =C85/(10*24*1000) -> 0.25235417 | J85: =H85/(24*B85*10*1000) -> 0.2177693
A86: 42820 | B86: 85 | C86: 62286 | D86: 6.2 | F86: 100 | G86: 97.708333 | H86: =H85+C86 -> 4452515 | I86: =C86/(10*24*1000) -> 0.259525 | J86: =H86/(24*B86*10*1000) -> 0.21826054
A87: 42821 | B87: 86 | C87: 62286 | D87: 6.79 | F87: 100 | G87: 100 | H87: =H86+C87 -> 4514801 | I87: =C87/(10*24*1000) -> 0.259525 | J87: =H87/(24*B87*10*1000) -> 0.21874036
A88: 42822 | B88: 87 | C88: 62216 | D88: 6.21 | F88: 100 | G88: 100 | H88: =H87+C88 -> 4577017 | I88: =C88/(10*24*1000) -> 0.25923333 | J88: =H88/(24*B88*10*1000) -> 0.2192058
A89: 42823 | B89: 88 | C89: 62813 | D89: 6.41 | F89: 100 | G89: 100 | H89: =H88+C89 -> 4639830 | I89: =C89/(10*24*1000) -> 0.26172083 | J89: =H89/(24*B89*10*1000) -> 0.21968892
A90: 42824 | B90: 89 | C90: 65423 | D90: 6.74 | F90: 99.810785 | G90: 93.75 | H90: =H89+C90 -> 4705253 | I90: =C90/(10*24*1000) -> 0.27259583 | J90: =H90/(24*B90*10*1000) -> 0.22028338
A91: 42825 | B91: 90 | C91: 61596 | D91: 6.25 | F91: 100 | G91: 100 | H91: =H90+C91 -> 4766849 | I91: =C91/(10*24*1000) -> 0.25665 | J91: =H91/(24*B91*10*1000) -> 0.22068745
A92: 42826 | B92: 1 | C92: 62389 | D92: 6.59 | F92: 100 | G92: 100 | H92: =C92 -> 62389 | I92: =C92/(10*24*1000) -> 0.25995417 | J92: =H92/(24*B92*10*1000) -> 0.25995417
A93: 42827 | B93: 2 | C93: 62225 | D93: 6.51 | F93: 100 | G93: 100 | H93: =H92+C93 -> 124614 | I93: =C93/(10*24*1000) -> 0.25927083 | J93: =H93/(24*B93*10*1000) -> 0.2596125
A94: 42828 | B94: 3 | C94: 62318 | D94: 6.54 | F94: 99.818878 | G94: 100 | H94: =H93+C94 -> 186932 | I94: =C94/(10*24*1000) -> 0.25965833 | J94: =H94/(24*B94*10*1000) -> 0.25962778
A95: 42829 | B95: 4 | C95: 61564 | D95: 6.47 | F95: 99.57201 | G95: 100 | H95: =H94+C95 -> 248496 | I95: =C95/(10*24*1000) -> 0.25651667 | J95: =H95/(24*B95*10*1000) -> 0.25885
A96: 42830 | B96: 5 | C96: 51078 | D96: 5.26 | F96: 100 | G96: 100 | H96: =H95+C96 -> 299574 | I96: =C96/(10*24*1000) -> 0.212825 | J96: =H96/(24*B96*10*1000) -> 0.249645
A97: 42831 | B97: 6 | C97: 65418 | D97: 6.49 | F97: 100 | G97: 100 | H97: =H96+C97 -> 364992 | I97: =C97/(10*24*1000) -> 0.272575 | J97: =H97/(24*B97*10*1000) -> 0.25346667
A98: 42832 | B98: 7 | C98: 68104 | D98: 6.95 | F98: 100 | G98: 100 | H98: =H97+C98 -> 433096 | I98: =C98/(10*24*1000) -> 0.28376667 | J98: =H98/(24*B98*10*1000) -> 0.25779524
A99: 42833 | B99: 8 | C99: 68374 | D99: 7.2 | F99: 100 | G99: 100 | H99: =H98+C99 -> 501470 | I99: =C99/(10*24*1000) -> 0.28489167 | J99: =H99/(24*B99*10*1000) -> 0.26118229
A100: 42834 | B100: 9 | C100: 67724 | D100: 7.12 | F100: 100 | G100: 100 | H100: =H99+C100 -> 569194 | I100: =C100/(10*24*1000) -> 0.28218333 | J100: =H100/(24*B100*10*1000) -> 0.26351574
A101: 42835 | B101: 10 | C101: 66765 | D101: 7.11 | F101: 100 | G101: 100 | H101: =H100+C101 -> 635959 | I101: =C101/(10*24*1000) -> 0.2781875 | J101: =H101/(24*B101*10*1000) -> 0.26498292
A102: 42836 | B102: 11 | C102: 65613 | D102: 7.08 | F102: 100 | G102: 100 | H102: =H101+C102 -> 701572 | I102: =C102/(10*24*1000) -> 0.2733875 | J102: =H102/(24*B102*10*1000) -> 0.26574697
A103: 42837 | B103: 12 | C103: 65571 | D103: 7.08 | F103: 100 | G103: 100 | H103: =H102+C103 -> 767143 | I103: =C103/(10*24*1000) -> 0.2732125 | J103: =H103/(24*B103*10*1000) -> 0.2663691
A104: 42838 | B104: 13 | C104: 64848 | D104: 6.79 | F104: 100 | G104: 100 | H104: =H103+C104 -> 831991 | I104: =C104/(10*24*1000) -> 0.2702 | J104: =H104/(24*B104*10*1000) -> 0.26666378
... A307: 43041 | B307: 216 | C307: 52763 | D307: 4.65 | F307: 100 | G307: 100 | H307: =H306+C307 -> 11900820 | I307: =C307/(10*24*1000) -> 0.21984583 | J307: =H307/(24*B307*10*1000) -> 0.22956829
A308: 43042 | B308: 217 | C308: 51004 | D308: 4.5 | F308: #DIV/0! | G308: 100 | H308: =H307+C308 -> 11951824 | I308: =C308/(10*24*1000) -> 0.21251667 | J308: =H308/(24*B308*10*1000) -> 0.22948971
A309: 43043 | B309: 218 | C309: 50904 | D309: 4.37 | F309: #DIV/0! | G309: 100 | H309: =H308+C309 -> 12002728 | I309: =C309/(10*24*1000) -> 0.2121 | J309: =H309/(24*B309*10*1000) -> 0.22940994
A310: 43044 | B310: 219 | C310: 45398 | D310: 3.9 | F310: #DIV/0! | G310: 100 | H310: =H309+C310 -> 12048126 | I310: =C310/(10*24*1000) -> 0.18915833 | J310: =H310/(24*B310*10*1000) -> 0.22922614
A311: 43045 | B311: 220 | C311: 48328 | D311: 3.98 | F311: 100 | G311: 100 | H311: =H310+C311 -> 12096454 | I311: =C311/(10*24*1000) -> 0.20136667 | J311: =H311/(24*B311*10*1000) -> 0.22909951
A312: 43046 | B312: 221 | C312: 48512 | D312: 4.01 | F312: 100 | G312: 100 | H312: =H311+C312 -> 12144966 | I312: =C312/(10*24*1000) -> 0.20213333 | J312: =H312/(24*B312*10*1000) -> 0.22897749
A313: 43047 | B313: 222 | C313: 48330 | D313: 4.05 | F313: 99.685139 | G313: 100 | H313: =H312+C313 -> 12193296 | I313: =C313/(10*24*1000) -> 0.201375 | J313: =H313/(24*B313*10*1000) -> 0.22885315
A314: 43048 | B314: 223 | C314: 46694 | D314: 3.7 | F314: 100 | G314: 100 | H314: =H313+C314 -> 12239990 | I314: =C314/(10*24*1000) -> 0.19455833 | J314: =H314/(24*B314*10*1000) -> 0.22869936
A315: 43049 | B315: 224 | C315: 46755 | D315: 3.78 | F315: 100 | G315: 100 | H315: =H314+C315 -> 12286745 | I315: =C315/(10*24*1000) -> 0.1948125 | J315: =H315/(24*B315*10*1000) -> 0.22854808
A316: 43050 | B316: 225 | C316: 44158 | D316: 3.55 | F316: 100 | G316: 100 | H316: =H315+C316 -> 12330903 | I316: =C316/(10*24*1000) -> 0.18399167 | J316: =H316/(24*B316*10*1000) -> 0.22835006
A317: 43051 | B317: 226 | C317: 44990 | D317: 3.67 | F317: 100 | G317: 100 | H317: =H316+C317 -> 12375893 | I317: =C317/(10*24*1000) -> 0.18745833 | J317: =H317/(24*B317*10*1000) -> 0.22816912
A318: 43052 | B318: 227 | C318: 42086 | D318: 3.45 | F318: 100 | G318: 100 | H318: =H317+C318 -> 12417979 | I318: =C318/(10*24*1000) -> 0.17535833 | J318: =H318/(24*B318*10*1000) -> 0.22793647
A319: 43053 | B319: 228 | C319: 32341 | D319: 2.83 | F319: 100 | G319: 100 | H319: =H318+C319 -> 12450320 | I319: =C319/(10*24*1000) -> 0.13475417 | J319: =H319/(24*B319*10*1000) -> 0.22752778
A320: 43054 | B320: 229 | C320: 31957 | D320: 2.77 | F320: 100 | G320: 100 | H320: =H319+C320 -> 12482277 | I320: =C320/(10*24*1000) -> 0.13315417 | J320: =H320/(24*B320*10*1000) -> 0.22711567
A321: 43055 | B321: 230 | C321: 33434 | D321: 2.77 | F321: 100 | G321: 100 | H321: =H320+C321 -> 12515711 | I321: =C321/(10*24*1000) -> 0.13930833 | J321: =H321/(24*B321*10*1000) -> 0.22673389
A322: 43056 | B322: 231 | C322: 44346 | D322: 3.4 | F322: 100 | G322: 100 | H322: =H321+C322 -> 12560057 | I322: =C322/(10*24*1000) -> 0.184775 | J322: =H322/(24*B322*10*1000) -> 0.22655225
... A456: 43190 | B456: 365 | C456: 62713 | D456: 6.82 | F456: 100 | G456: 100 | H456: =H455+C456 -> 19553907 | I456: =C456/(10*24*1000) -> 0.26130417 | J456: =H456/(24*B456*10*1000) -> 0.22321812
A457: 43191 | B457: 1 | C457: 60726 | D457: 6.21 | F457: 100 | G457: 100 | H457: =C457 -> 60726 | I457: =C457/(10*24*1000) -> 0.253025 | J457: =H457/(24*B457*10*1000) -> 0.253025
A458: 43192 | B458: 2 | C458: 60587 | D458: 6.63 | F458: 100 | G458: 100 | H458: =H457+C458 -> 121313 | I458: =C458/(10*24*1000) -> 0.25244583 | J458: =H458/(24*B458*10*1000) -> 0.25273542
A459: 43193 | B459: 3 | C459: 59078 | D459: 6.37 | F459: 100 | G459: 100 | H459: =H458+C459 -> 180391 | I459: =C459/(10*24*1000) -> 0.24615833 | J459: =H459/(24*B459*10*1000) -> 0.25054306
A460: 43194 | B460: 4 | C460: 58810 | D460: 6.36 | F460: 100 | G460: 100 | H460: =H459+C460 -> 239201 | I460: =C460/(10*24*1000) -> 0.24504167 | J460: =H460/(24*B460*10*1000) -> 0.24916771
A461: 43195 | B461: 5 | C461: 51499 | D461: 5.62 | F461: 100 | G461: 99.513889 | H461: =H460+C461 -> 290700 | I461: =C461/(10*24*1000) -> 0.21457917 | J461: =H461/(24*B461*10*1000) -> 0.24225
A462: 43196 | B462: 6 | C462: 49061 | D462: 5.39 | F462: 100 | G462: 100 | H462: =H461+C462 -> 339761 | I462: =C462/(10*24*1000) -> 0.20442083 | J462: =H462/(24*B462*10*1000) -> 0.23594514
A463: 43197 | B463: 7 | C463: 56309 | D463: 6.24 | F463: 100 | G463: 100 | H463: =H462+C463 -> 396070 | I463: =C463/(10*24*1000) -> 0.23462083 | J463: =H463/(24*B463*10*1000) -> 0.23575595
A464: 43198 | B464: 8 | C464: 56988 | D464: 6.41 | F464: 100 | G464: 100 | H464: =H463+C464 -> 453058 | I464: =C464/(10*24*1000) -> 0.23745 | J464: =H464/(24*B464*10*1000) -> 0.23596771
A465: 43199 | B465: 9 | C465: 37766 | D465: 4.44 | F465: 100 | G465: 89.791667 | H465: =H464+C465 -> 490824 | I465: =C465/(10*24*1000) -> 0.15735833 | J465: =H465/(24*B465*10*1000) -> 0.22723333
A466: 43200 | B466: 10 | C466: 38119 | D466: 4.62 | F466: 100 | G466: 100 | H466: =H465+C466 -> 528943 | I466: =C466/(10*24*1000) -> 0.15882917 | J466: =H466/(24*B466*10*1000) -> 0.22039292
A467: 43201 | B467: 11 | C467: 53595 | D467: 6.26 | F467: 100 | G467: 100 | H467: =H466+C467 -> 582538 | I467: =C467/(10*24*1000) -> 0.2233125 | J467: =H467/(24*B467*10*1000) -> 0.22065833
A468: 43202 | B468: 12 | C468: 58041 | D468: 6.65 | F468: 100 | G468: 100 | H468: =H467+C468 -> 640579 | I468: =C468/(10*24*1000) -> 0.2418375 | J468: =H468/(24*B468*10*1000) -> 0.22242326
A469: 43203 | B469: 13 | C469: 55571 | D469: 6.52 | F469: 100 | G469: 100 | H469: =H468+C469 -> 696150 | I469: =C469/(10*24*1000) -> 0.23154583 | J469: =H469/(24*B469*10*1000) -> 0.223125
... A730: 43464 | B730: 274 | C730: 52456 | D730: 4.12 | F730: 100 | G730: 100 | H730: =H729+C730 -> 14204735 | I730: =C730/(10*24*1000) -> 0.21856667 | J730: =H730/(24*B730*10*1000) -> 0.21600874
A731: 43465 | B731: 275 | C731: 0 | F731: #DIV/0! | G731: 100 | H731: =H730+C731 -> 14204735 | I731: =C731/(10*24*1000) -> 0 | J731: =H731/(24*B731*10*1000) -> 0.21522326
A732: 43466 | B732: 276 | C732: 46756 | D732: 3.71 | F732: 100 | G732: 100 | H732: =H731+C732 -> 14251491 | I732: =C732/(10*24*1000) -> 0.19481667 | J732: =H732/(24*B732*10*1000) -> 0.21514932
A733: 43467 | B733: 277 | C733: 47056 | D733: 3.75 | F733: 100 | G733: 100 | H733: =H732+C733 -> 14298547 | I733: =C733/(10*24*1000) -> 0.19606667 | J733: =H733/(24*B733*10*1000) -> 0.21508043
A734: 43468 | B734: 278 | C734: 47133 | D734: 3.37 | F734: 100 | G734: 100 | H734: =H733+C734 -> 14345680 | I734: =C734/(10*24*1000) -> 0.1963875 | J734: =H734/(24*B734*10*1000) -> 0.21501319
A735: 43469 | B735: 279 | C735: 24449 | D735: 2.22 | F735: 100 | G735: 100 | H735: =H734+C735 -> 14370129 | I735: =C735/(10*24*1000) -> 0.10187083 | J735: =H735/(24*B735*10*1000) -> 0.21460766
A736: 43470 | B736: 280 | C736: 39881 | D736: 3.32 | F736: 100 | G736: 100 | H736: =H735+C736 -> 14410010 | I736: =C736/(10*24*1000) -> 0.16617083 | J736: =H736/(24*B736*10*1000) -> 0.21443467
A737: 43471 | B737: 281 | C737: 37448 | D737: 3.07 | F737: 100 | G737: 100 | H737: =H736+C737 -> 14447458 | I737: =C737/(10*24*1000) -> 0.15603333 | J737: =H737/(24*B737*10*1000) -> 0.21422684
A738: 43472 | B738: 282 | C738: 50380 | D738: 3.95 | F738: 100 | G738: 100 | H738: =H737+C738 -> 14497838 | I738: =C738/(10*24*1000) -> 0.20991667 | J738: =H738/(24*B738*10*1000) -> 0.21421155
A739: 43473 | B739: 283 | C739: 48621 | D739: 3.84 | F739: 100 | G739: 100 | H739: =H738+C739 -> 14546459 | I739: =C739/(10*24*1000) -> 0.2025875 | J739: =H739/(24*B739*10*1000) -> 0.21417048
A740: 43474 | B740: 284 | C740: 46923 | D740: 3.74 | F740: 100 | G740: 100 | H740: =H739+C740 -> 14593382 | I740: =C740/(10*24*1000) -> 0.1955125 | J740: =H740/(24*B740*10*1000) -> 0.21410478
A741: 43475 | B741: 285 | C741: 48455 | D741: 3.89 | F741: 100 | G741: 100 | H741: =H740+C741 -> 14641837 | I741: =C741/(10*24*1000) -> 0.20189583 | J741: =H741/(24*B741*10*1000) -> 0.21406194
A742: 43476 | B742: 286 | C742: 29437 | D742: 2.67 | F742: 100 | G742: 100 | H742: =H741+C742 -> 14671274 | I742: =C742/(10*24*1000) -> 0.12265417 | J742: =H742/(24*B742*10*1000) -> 0.21374234
A743: 43477 | B743: 287 | C743: 19700 | D743: 1.93 | F743: 100 | G743: 100 | H743: =H742+C743 -> 14690974 | I743: =C743/(10*24*1000) -> 0.082083333 | J743: =H743/(24*B743*10*1000) -> 0.21328359
... A821: 43555 | B821: 365 | C821: 60138 | D821: 6.51 | F821: 100 | G821: 100 | H821: =H820+C821 -> 18518312 | I821: =C821/(10*24*1000) -> 0.250575 | J821: =H821/(24*B821*10*1000) -> 0.21139626
A822: 43556 | B822: 1 | C822: 65374 | D822: 7.21 | F822: 100 | G822: 100 | H822: =C822 -> 65374 | I822: =C822/(10*24*1000) -> 0.27239167 | J822: =H822/(24*B822*10*1000) -> 0.27239167
A823: 43557 | B823: 2 | C823: 62289 | D823: 7.05 | F823: 100 | G823: 100 | H823: =H822+C823 -> 127663 | I823: =C823/(10*24*1000) -> 0.2595375 | J823: =H823/(24*B823*10*1000) -> 0.26596458
A824: 43558 | B824: 3 | C824: 63162 | D824: 7.17 | F824: 99.164501 | G824: 100 | H824: =H823+C824 -> 190825 | I824: =C824/(10*24*1000) -> 0.263175 | J824: =H824/(24*B824*10*1000) -> 0.26503472
...

Sheet Rajnandgaon Dashboard
B1: Date | C1: ='SECI O&M Dashboard'!E3 -> 46027
B4: SECI 100 Mw SPV with 40Mw/120MwH BESS Rajnandgaon
B5: As on Date* | E5: =C1 -> 46027 | H5: Year Till date* | L5: Last FY Performance^
B6: *Data is without considering radiation correction | L6: ^Data is with radiation correction
B7: Solar | F7: BESS | H7: Solar | J7: BESS | L7: Solar | N7: BESS
B8: GHI (Kwh/sq. m) | C8: Exported generation (MU) | D8: CUF (%) | E8: Peak Power (In MW) | F8: Net Energy Export (MwH) | G8: Net Energy FED (MwH) | H8: Exported generation (MU) | I8: CUF (%) | J8: Net Energy Export (MwH) | K8: Net Energy FED (MwH) | L8: Exported generation (MU) | M8: CUF (%) | N8: Net Energy Export (MwH) | O8: Net Energy FED (MwH)
B9: =VLOOKUP(C1,'Rajnandgaon Data'!A:D,4,0) -> 4.17 | C9: =VLOOKUP(C1,'Rajnandgaon Data'!A:C,3,0)/10^6 -> 0.5852076 | D9: =VLOOKUP(C1,'Rajnandgaon Data'!A:N,14,0) -> 0.2438365 | E9: =VLOOKUP(C1,'Rajnandgaon Data'!A:E,5,0) -> 69.69 | F9: =VLOOKUP(C1,'Rajnandgaon Data'!A:G,6,0) -> 116.5 | G9: =VLOOKUP(C1,'Rajnandgaon Data'!A:H,7,0) -> 130.1 | H9: =VLOOKUP(C1,'Rajnandgaon Data'!A:K,11,0)/10^6 -> 164.49503 | I9: =VLOOKUP(C1,'Rajnandgaon Data'!A:O,15,0) -> 0.24478427 | J9: =VLOOKUP(C1,'Rajnandgaon Data'!A:M,12,0) -> 30197.958 | K9: =VLOOKUP(C1,'Rajnandgaon Data'!A:M,13,0) -> 33501.13
B12: Generation Data for last 7 days
C13: Solar | G13: BESS | I13: Solar | M13: BESS
B14: Date | C14: GHI (Kwh/sq. m) | D14: Exported generation (KWh) | E14: CUF (%) | F14: Peak Power (In MW) | G14: Net Export (MwH) | H14: Net Energy FED (MwH) | I14: GHI (Kwh/sq. m) | J14: Exported generation (KWh) | K14: CUF (%) | L14: Peak Power (In MW) | M14: Net Export (MwH) | N14: Net Energy FED (MwH)
C15: =YEAR(C1) -> 2026 | I15: =C15-1 -> 2025
B16: =C1-1 -> 46026 | C16: =VLOOKUP(B16,'Rajnandgaon Data'!A:D,4,0) -> 3.77 | D16: =VLOOKUP(B16,'Rajnandgaon Data'!A:C,3,0) -> 462466.7 | E16: =VLOOKUP(B16,'Rajnandgaon Data'!A:N,14,0) -> 0.19269446 | F16: =VLOOKUP(B16,'Rajnandgaon Data'!A:E,5,0) -> 59.12 | G16: =VLOOKUP(B16,'Rajnandgaon Data'!A:G,6,0) -> 116.62 | H16: =VLOOKUP(B16,'Rajnandgaon Data'!A:H,7,0) -> 130.06 | I16: =VLOOKUP(B16-366,'Rajnandgaon Data'!A:D,4,0) -> 4.885 | J16: =VLOOKUP(B16-366,'Rajnandgaon Data'!A:C,3,0) -> 667600 | K16: =VLOOKUP(B16-366,'Rajnandgaon Data'!A:N,14,0) -> 0.27816667 | L16: =VLOOKUP(B16-366,'Rajnandgaon Data'!A:E,5,0) -> 85.78 | M16: =VLOOKUP(B16-366,'Rajnandgaon Data'!A:G,6,0) -> 121.05 | N16: =VLOOKUP(B16-366,'Rajnandgaon Data'!A:H,7,0) -> 133.64
B17: =B16-1 -> 46025 | C17: =VLOOKUP(B17,'Rajnandgaon Data'!A:D,4,0) -> 3.65 | D17: =VLOOKUP(B17,'Rajnandgaon Data'!A:C,3,0) -> 519109.7 | E17: =VLOOKUP(B17,'Rajnandgaon Data'!A:N,14,0) -> 0.21629571 | F17: =VLOOKUP(B17,'Rajnandgaon Data'!A:E,5,0) -> 62.86 | G17: =VLOOKUP(B17,'Rajnandgaon Data'!A:G,6,0) -> 116.2 | H17: =VLOOKUP(B17,'Rajnandgaon Data'!A:H,7,0) -> 129.21 | I17: =VLOOKUP(B17-366,'Rajnandgaon Data'!A:D,4,0) -> 4.97 | J17: =VLOOKUP(B17-366,'Rajnandgaon Data'!A:C,3,0) -> 678000 | K17: =VLOOKUP(B17-366,'Rajnandgaon Data'!A:N,14,0) -> 0.2825 | L17: =VLOOKUP(B17-366,'Rajnandgaon Data'!A:E,5,0) -> 87.98 | M17: =VLOOKUP(B17-366,'Rajnandgaon Data'!A:G,6,0) -> 121.45 | N17: =VLOOKUP(B17-366,'Rajnandgaon Data'!A:H,7,0) -> 134.17
B18: =B17-1 -> 46024 | C18: =VLOOKUP(B18,'Rajnandgaon Data'!A:D,4,0) -> 3.96 | D18: =VLOOKUP(B18,'Rajnandgaon Data'!A:C,3,0) -> 574497.7 | E18: =VLOOKUP(B18,'Rajnandgaon Data'!A:N,14,0) -> 0.23937404 | F18: =VLOOKUP(B18,'Rajnandgaon Data'!A:E,5,0) -> 71.46 | G18: =VLOOKUP(B18,'Rajnandgaon Data'!A:G,6,0) -> 116.17 | H18: =VLOOKUP(B18,'Rajnandgaon Data'!A:H,7,0) -> 129.28 | I18: =VLOOKUP(B18-366,'Rajnandgaon Data'!A:D,4,0) -> 4.99 | J18: =VLOOKUP(B18-366,'Rajnandgaon Data'!A:C,3,0) -> 680100 | K18: =VLOOKUP(B18-366,'Rajnandgaon Data'!A:N,14,0) -> 0.283375 | L18: =VLOOKUP(B18-366,'Rajnandgaon Data'!A:E,5,0) -> 90.11 | M18: =VLOOKUP(B18-366,'Rajnandgaon Data'!A:G,6,0) -> 121.16 | N18: =VLOOKUP(B18-366,'Rajnandgaon Data'!A:H,7,0) -> 135.25
B19: =B18-1 -> 46023 | C19: =VLOOKUP(B19,'Rajnandgaon Data'!A:D,4,0) -> 4.29 | D19: =VLOOKUP(B19,'Rajnandgaon Data'!A:C,3,0) -> 632612.6 | E19: =VLOOKUP(B19,'Rajnandgaon Data'!A:N,14,0) -> 0.26358858 | F19: =VLOOKUP(B19,'Rajnandgaon Data'!A:E,5,0) -> 78.52 | G19: =VLOOKUP(B19,'Rajnandgaon Data'!A:G,6,0) -> 116.31 | H19: =VLOOKUP(B19,'Rajnandgaon Data'!A:H,7,0) -> 129.35 | I19: =VLOOKUP(B19-366,'Rajnandgaon Data'!A:D,4,0) -> 4.545 | J19: =VLOOKUP(B19-366,'Rajnandgaon Data'!A:C,3,0) -> 610720 | K19: =VLOOKUP(B19-366,'Rajnandgaon Data'!A:N,14,0) -> 0.25446667 | L19: =VLOOKUP(B19-366,'Rajnandgaon Data'!A:E,5,0) -> 81.23 | M19: =VLOOKUP(B19-366,'Rajnandgaon Data'!A:G,6,0) -> 121.44 | N19: =VLOOKUP(B19-366,'Rajnandgaon Data'!A:H,7,0) -> 134.47
B20: =B19-1 -> 46022 | C20: =VLOOKUP(B20,'Rajnandgaon Data'!A:D,4,0) -> 4.73 | D20: =VLOOKUP(B20,'Rajnandgaon Data'!A:C,3,0) -> 698038 | E20: =VLOOKUP(B20,'Rajnandgaon Data'!A:N,14,0) -> 0.29084917 | F20: =VLOOKUP(B20,'Rajnandgaon Data'!A:E,5,0) -> 85.84 | G20: =VLOOKUP(B20,'Rajnandgaon Data'!A:G,6,0) -> 116.4 | H20: =VLOOKUP(B20,'Rajnandgaon Data'!A:H,7,0) -> 128.72 | I20: =VLOOKUP(B20-366,'Rajnandgaon Data'!A:D,4,0) -> 4.08 | J20: =VLOOKUP(B20-366,'Rajnandgaon Data'!A:C,3,0) -> 522010 | K20: =VLOOKUP(B20-366,'Rajnandgaon Data'!A:N,14,0) -> 0.21750417 | L20: =VLOOKUP(B20-366,'Rajnandgaon Data'!A:E,5,0) -> 70.94 | M20: =VLOOKUP(B20-366,'Rajnandgaon Data'!A:G,6,0) -> 121.19 | N20: =VLOOKUP(B20-366,'Rajnandgaon Data'!A:H,7,0) -> 134.65
B21: =B20-1 -> 46021 | C21: =VLOOKUP(B21,'Rajnandgaon Data'!A:D,4,0) -> 4.39 | D21: =VLOOKUP(B21,'Rajnandgaon Data'!A:C,3,0) -> 658300 | E21: =VLOOKUP(B21,'Rajnandgaon Data'!A:N,14,0) -> 0.27429167 | F21: =VLOOKUP(B21,'Rajnandgaon Data'!A:E,5,0) -> 81.9 | G21: =VLOOKUP(B21,'Rajnandgaon Data'!A:G,6,0) -> 116.01 | H21: =VLOOKUP(B21,'Rajnandgaon Data'!A:H,7,0) -> 129.34 | I21: =VLOOKUP(B21-366,'Rajnandgaon Data'!A:D,4,0) -> 3.975 | J21: =VLOOKUP(B21-366,'Rajnandgaon Data'!A:C,3,0) -> 523030 | K21: =VLOOKUP(B21-366,'Rajnandgaon Data'!A:N,14,0) -> 0.21792917 | L21: =VLOOKUP(B21-366,'Rajnandgaon Data'!A:E,5,0) -> 70.14 | M21: =VLOOKUP(B21-366,'Rajnandgaon Data'!A:G,6,0) -> 121.22 | N21: =VLOOKUP(B21-366,'Rajnandgaon Data'!A:H,7,0) -> 134.84
B22: =B21-1 -> 46020 | C22: =VLOOKUP(B22,'Rajnandgaon Data'!A:D,4,0) -> 4.48 | D22: =VLOOKUP(B22,'Rajnandgaon Data'!A:C,3,0) -> 673557.9 | E22: =VLOOKUP(B22,'Rajnandgaon Data'!A:N,14,0) -> 0.28064912 | F22: =VLOOKUP(B22,'Rajnandgaon Data'!A:E,5,0) -> 84.54 | G22: =VLOOKUP(B22,'Rajnandgaon Data'!A:G,6,0) -> 116.69 | H22: =VLOOKUP(B22,'Rajnandgaon Data'!A:H,7,0) -> 128.4 | I22: =VLOOKUP(B22-366,'Rajnandgaon Data'!A:D,4,0) -> 3.68 | J22: =VLOOKUP(B22-366,'Rajnandgaon Data'!A:C,3,0) -> 479750 | K22: =VLOOKUP(B22-366,'Rajnandgaon Data'!A:N,14,0) -> 0.19989583 | L22: =VLOOKUP(B22-366,'Rajnandgaon Data'!A:E,5,0) -> 67.59 | M22: =VLOOKUP(B22-366,'Rajnandgaon Data'!A:G,6,0) -> 121.35 | N22: =VLOOKUP(B22-366,'Rajnandgaon Data'!A:H,7,0) -> 133.67

Sheet Rajnandgaon Data
A1: Date | B1: Days | C1: generation (In Mwh) | D1: radiation | E1: Peak Power (in Mw) | F1: BESS Export (In MWh) | G1: BESS import (In MWh) | H1: Plant Availability | I1: grid_availability | J1: BESS Availibilty | K1: cumulative(in KwH) | L1: cumulative BESS Export(in MwH) | M1: cumulative BESS Import(in MwH) | N1: Daily CUF WORC | O1: CUF till date W.o.RC | P1: REMARKS
A2: 45474 | B2: 1 | C2: 287750 | D2: 2.205 | E2: 45.73 | F2: 83.2 | G2: 97.38 | H2: 1 | I2: 1 | J2: 0.99360981 | K2: =C2 -> 287750 | L2: =F2 -> 83.2 | M2: =G2 -> 97.38 | N2: =C2/(100000*24) -> 0.11989583 | O2: =K2/(B2*100000*24) -> 0.11989583
A3: 45475 | B3: 2 | C3: 441540 | D3: 3.395 | E3: 75.91 | F3: 117.87 | G3: 125.2 | H3: 1 | I3: 1 | J3: 0.99861083 | K3: =K2+C3 -> 729290 | L3: =L2+F3 -> 201.07 | M3: =M2+G3 -> 222.58 | N3: =C3/(100000*24) -> 0.183975 | O3: =K3/(B3*100000*24) -> 0.15193542
A4: 45476 | B4: 3 | C4: 531290 | D4: 4.465 | E4: 93.17 | F4: 118.73 | G4: 132.38 | H4: 1 | I4: 1 | J4: 0.99817864 | K4: =K3+C4 -> 1260580 | L4: =L3+F4 -> 319.8 | M4: =M3+G4 -> 354.96 | N4: =C4/(100000*24) -> 0.22137083 | O4: =K4/(B4*100000*24) -> 0.17508056
A5: 45477 | B5: 4 | C5: 386510 | D5: 2.785 | E5: 65.39 | F5: 118.55 | G5: 132.25 | H5: 1 | I5: 1 | J5: 0.99919737 | K5: =K4+C5 -> 1647090 | L5: =L4+F5 -> 438.35 | M5: =M4+G5 -> 487.21 | N5: =C5/(100000*24) -> 0.16104583 | O5: =K5/(B5*100000*24) -> 0.17157188
A6: 45478 | B6: 5 | C6: 632090 | D6: 5.245 | E6: 83.58 | F6: 118.29 | G6: 131.59 | H6: 1 | I6: 1 | J6: 0.99722166 | K6: =K5+C6 -> 2279180 | L6: =L5+F6 -> 556.64 | M6: =M5+G6 -> 618.8 | N6: =C6/(100000*24) -> 0.26337083 | O6: =K6/(B6*100000*24) -> 0.18993167
A7: 45479 | B7: 6 | C7: 586310 | D7: 4.855 | E7: 94.77 | F7: 119.8 | G7: 131.96 | H7: 1 | I7: 1 | J7: 1 | K7: =K6+C7 -> 2865490 | L7: =L6+F7 -> 676.44 | M7: =M6+G7 -> 750.76 | N7: =C7/(100000*24) -> 0.24429583 | O7: =K7/(B7*100000*24) -> 0.19899236
A8: 45480 | B8: 7 | C8: 410170 | D8: 3.23 | E8: 76.58 | F8: 119.58 | G8: 133.32 | H8: 1 | I8: 1 | J8: 1 | K8: =K7+C8 -> 3275660 | L8: =L7+F8 -> 796.02 | M8: =M7+G8 -> 884.08 | N8: =C8/(100000*24) -> 0.17090417 | O8: =K8/(B8*100000*24) -> 0.19497976
A9: 45481 | B9: 8 | C9: 471220 | D9: 4.195 | E9: 94.92 | F9: 116.84 | G9: 133.46 | H9: 1 | I9: 0.98227848 | J9: 0.99160323 | K9: =K8+C9 -> 3746880 | L9: =L8+F9 -> 912.86 | M9: =M8+G9 -> 1017.54 | N9: =C9/(100000*24) -> 0.19634167 | O9: =K9/(B9*100000*24) -> 0.19515
A10: 45482 | B10: 9 | C10: 615990 | D10: 4.86 | E10: 83.96 | F10: 114.68 | G10: 130.24 | H10: 0.99976897 | I10: 1 | J10: 0.99314675 | K10: =K9+C10 -> 4362870 | L10: =L9+F10 -> 1027.54 | M10: =M9+G10 -> 1147.78 | N10: =C10/(100000*24) -> 0.2566625 | O10: =K10/(B10*100000*24) -> 0.20198472
A11: 45483 | B11: 10 | C11: 512320 | D11: 4.305 | E11: 79.17 | F11: 118.43 | G11: 128.62 | H11: 1 | I11: 1 | J11: 0.99827125 | K11: =K10+C11 -> 4875190 | L11: =L10+F11 -> 1145.97 | M11: =M10+G11 -> 1276.4 | N11: =C11/(100000*24) -> 0.21346667 | O11: =K11/(B11*100000*24) -> 0.20313292
A12: 45484 | B12: 11 | C12: 615750 | D12: 5.145 | E12: 99.73 | F12: 104.26 | G12: 131.66 | H12: 1 | I12: 1 | J12: 0.99848735 | K12: =K11+C12 -> 5490940 | L12: =L11+F12 -> 1250.23 | M12: =M11+G12 -> 1408.06 | N12: =C12/(100000*24) -> 0.2565625 | O12: =K12/(B12*100000*24) -> 0.20799015
A13: 45485 | B13: 1 | C13: 523270 | D13: 4.025 | E13: 81.69 | F13: 113.78 | G13: 120.72 | H13: 1 | I13: 1 | J13: 0.98508956 | K13: =C13 -> 523270 | L13: =F13 -> 113.78 | M13: =G13 -> 120.72 | N13: =C13/(100000*24) -> 0.21802917 | O13: =K13/(B13*100000*24) -> 0.21802917
A14: 45486 | B14: 2 | C14: 294700 | D14: 2.345 | E14: 66.95 | F14: 93.08 | G14: 102.05 | H14: 1 | I14: 1 | J14: 0.97277224 | K14: =K13+C14 -> 817970 | L14: =L13+F14 -> 206.86 | M14: =M13+G14 -> 222.77 | N14: =C14/(100000*24) -> 0.12279167 | O14: =K14/(B14*100000*24) -> 0.17041042
A15: 45487 | B15: 3 | C15: 535560 | D15: 4.585 | E15: 86.28 | F15: 111.32 | G15: 123.62 | H15: 1 | I15: 1 | J15: 0.98450302 | K15: =K14+C15 -> 1353530 | L15: =L14+F15 -> 318.18 | M15: =M14+G15 -> 346.39 | N15: =C15/(100000*24) -> 0.22315 | O15: =K15/(B15*100000*24) -> 0.18799028
A16: 45488 | B16: 4 | C16: 341750 | D16: 2.6 | E16: 74.62 | F16: 87.38 | G16: 95.13 | H16: 1 | I16: 1 | J16: 0.99431983 | K16: =K15+C16 -> 1695280 | L16: =L15+F16 -> 405.56 | M16: =M15+G16 -> 441.52 | N16: =C16/(100000*24) -> 0.14239583 | O16: =K16/(B16*100000*24) -> 0.17659167
A17: 45489 | B17: 5 | C17: 566720 | D17: 4.59 | E17: 89.66 | F17: 111.3 | G17: 126.28 | H17: 1 | I17: 1 | J17: 0.99431983 | K17: =K16+C17 -> 2262000 | L17: =L16+F17 -> 516.86 | M17: =M16+G17 -> 567.8 | N17: =C17/(100000*24) -> 0.23613333 | O17: =K17/(B17*100000*24) -> 0.1885
A18: 45490 | B18: 6 | C18: 424970 | D18: 4.04 | E18: 85.75 | F18: 95.16 | G18: 106.36 | H18: 1 | I18: 1 | J18: 0.99147975 | K18: =K17+C18 -> 2686970 | L18: =L17+F18 -> 612.02 | M18: =M17+G18 -> 674.16 | N18: =C18/(100000*24) -> 0.17707083 | O18: =K18/(B18*100000*24) -> 0.18659514
A19: 45491 | B19: 7 | C19: 564170 | D19: 4.805 | E19: 89.3 | F19: 114.45 | G19: 129.12 | H19: 1 | I19: 1 | J19: 0.96085623 | K19: =K18+C19 -> 3251140 | L19: =L18+F19 -> 726.47 | M19: =M18+G19 -> 803.28 | N19: =C19/(100000*24) -> 0.23507083 | O19: =K19/(B19*100000*24) -> 0.19352024
A20: 45492 | B20: 8 | C20: 543810 | D20: 4.715 | E20: 92.67 | F20: 114.54 | G20: 127.82 | H20: 1 | I20: 1 | J20: 0.9549291 | K20: =K19+C20 -> 3794950 | L20: =L19+F20 -> 841.01 | M20: =M19+G20 -> 931.1 | N20: =C20/(100000*24) -> 0.2265875 | O20: =K20/(B20*100000*24) -> 0.19765365
A21: 45493 | B21: 9 | C21: 494630 | D21: 4.13 | E21: 82.44 | F21: 103.19 | G21: 114.37 | H21: 0.97357576 | I21: 0.96133333 | J21: 0.98623177 | K21: =K20+C21 -> 4289580 | L21: =L20+F21 -> 944.2 | M21: =M20+G21 -> 1045.47 | N21: =C21/(100000*24) -> 0.20609583 | O21: =K21/(B21*100000*24) -> 0.19859167
A22: 45494 | B22: 10 | C22: 555910 | D22: 4.51 | E22: 92.25 | F22: 107.15 | G22: 119.41 | H22: 0.96759142 | I22: 1 | J22: 0.98468824 | K22: =K21+C22 -> 4845490 | L22: =L21+F22 -> 1051.35 | M22: =M21+G22 -> 1164.88 | N22: =C22/(100000*24) -> 0.23162917 | O22: =K22/(B22*100000*24) -> 0.20189542
A23: 45495 | B23: 11 | C23: 137690 | D23: 1.04 | E23: 38.06 | F23: 21.56 | G23: 21.72 | H23: 0.97390572 | I23: 1 | J23: 0.99722166 | K23: =K22+C23 -> 4983180 | L23: =L22+F23 -> 1072.91 | M23: =M22+G23 -> 1186.6 | N23: =C23/(100000*24) -> 0.057370833 | O23: =K23/(B23*100000*24) -> 0.18875682
A24: 45496 | B24: 12 | C24: 166690 | D24: 1.195 | E24: 37.86 | F24: 6.76 | G24: 7.49 | H24: 0.97575959 | I24: 1 | J24: 0.99861083 | K24: =K23+C24 -> 5149870 | L24: =L23+F24 -> 1079.67 | M24: =M23+G24 -> 1194.09 | N24: =C24/(100000*24) -> 0.069454167 | O24: =K24/(B24*100000*24) -> 0.17881493
A25: 45497 | B25: 13 | C25: 154240 | D25: 1.11 | E25: 37.77 | F25: 9.63 | G25: 11.81 | H25: 0.97037448 | I25: 1 | J25: 0.99913563 | K25: =K24+C25 -> 5304110 | L25: =L24+F25 -> 1089.3 | M25: =M24+G25 -> 1205.9 | N25: =C25/(100000*24) -> 0.064266667 | O25: =K25/(B25*100000*24) -> 0.17000353
A26: 45498 | B26: 14 | C26: 197550 | D26: 1.475 | E26: 40.61 | F26: 34.24 | G26: 32.84 | H26: 0.97727273 | I26: 1 | J26: 1 | K26: =K25+C26 -> 5501660 | L26: =L25+F26 -> 1123.54 | M26: =M25+G26 -> 1238.74 | N26: =C26/(100000*24) -> 0.0823125 | O26: =K26/(B26*100000*24) -> 0.16373988
A27: 45499 | B27: 15 | C27: 86150 | D27: 0.655 | E27: 24.45 | F27: 0 | G27: 0 | H27: 0.97727273 | I27: 1 | J27: 0 | K27: =K26+C27 -> 5587810 | L27: =L26+F27 -> 1123.54 | M27: =M26+G27 -> 1238.74 | N27: =C27/(100000*24) -> 0.035895833 | O27: =K27/(B27*100000*24) -> 0.15521694
A28: 45500 | B28: 16 | C28: 181000 | D28: 1.31 | E28: 56.81 | F28: 37.31 | G28: 42.28 | H28: 0.97727273 | I28: 1 | J28: 1 | K28: =K27+C28 -> 5768810 | L28: =L27+F28 -> 1160.85 | M28: =M27+G28 -> 1281.02 | N28: =C28/(100000*24) -> 0.075416667 | O28: =K28/(B28*100000*24) -> 0.15022943
A29: 45501 | B29: 17 | C29: 216730 | D29: 1.705 | E29: 83.33 | F29: 45.72 | G29: 51.29 | H29: 0.97727273 | I29: 1 | J29: 1 | K29: =K28+C29 -> 5985540 | L29: =L28+F29 -> 1206.57 | M29: =M28+G29 -> 1332.31 | N29: =C29/(100000*24) -> 0.090304167 | O29: =K29/(B29*100000*24) -> 0.14670441
A30: 45502 | B30: 18 | C30: 268780 | D30: 2.105 | E30: 43.63 | F30: 79.61 | G30: 90.6 | H30: 0.9769768 | I30: 0.99348958 | J30: 0.99632641 | K30: =K29+C30 -> 6254320 | L30: =L29+F30 -> 1286.18 | M30: =M29+G30 -> 1422.91 | N30: =C30/(100000*24) -> 0.11199167 | O30: =K30/(B30*100000*24) -> 0.14477593
A31: 45503 | B31: 19 | C31: 412640 | D31: 3.225 | E31: 62.67 | F31: 109.14 | G31: 123.23 | H31: 0.97727273 | I31: 1 | J31: 0.99648077 | K31: =K30+C31 -> 6666960 | L31: =L30+F31 -> 1395.32 | M31: =M30+G31 -> 1546.14 | N31: =C31/(100000*24) -> 0.17193333 | O31: =K31/(B31*100000*24) -> 0.14620526
A32: 45504 | B32: 20 | C32: 270170 | D32: 1.995 | E32: 42.36 | F32: 66.29 | G32: 70.74 | H32: 0.97727273 | I32: 1 | J32: 1 | K32: =K31+C32 -> 6937130 | L32: =L31+F32 -> 1461.61 | M32: =M31+G32 -> 1616.88 | N32: =C32/(100000*24) -> 0.11257083 | O32: =K32/(B32*100000*24) -> 0.14452354
A33: 45505 | B33: 21 | C33: 285330 | D33: 2.08 | E33: 51.17 | F33: 84.76 | G33: 94.49 | H33: 1 | I33: 1 | J33: 0.99777733 | K33: =K32+C33 -> 7222460 | L33: =L32+F33 -> 1546.37 | M33: =M32+G33 -> 1711.37 | N33: =C33/(100000*24) -> 0.1188875 | O33: =K33/(B33*100000*24) -> 0.14330278
A34: 45506 | B34: 22 | C34: 242430 | D34: 1.73 | E34: 53.65 | F34: 61.93 | G34: 67.74 | H34: 1 | I34: 1 | J34: 1 | K34: =K33+C34 -> 7464890 | L34: =L33+F34 -> 1608.3 | M34: =M33+G34 -> 1779.11 | N34: =C34/(100000*24) -> 0.1010125 | O34: =K34/(B34*100000*24) -> 0.14138049
A35: 45507 | B35: 23 | C35: 152060 | D35: 1.125 | E35: 40.67 | F35: 22.26 | G35: 25.35 | H35: 1 | I35: 1 | J35: 1 | K35: =K34+C35 -> 7616950 | L35: =L34+F35 -> 1630.56 | M35: =M34+G35 -> 1804.46 | N35: =C35/(100000*24) -> 0.063358333 | O35: =K35/(B35*100000*24) -> 0.13798822
A36: 45508 | B36: 24 | C36: 292660 | D36: 2.35 | E36: 78.85 | F36: 79 | G36: 88.89 | H36: 0.99486219 | I36: 1 | J36: 1 | K36: =K35+C36 -> 7909610 | L36: =L35+F36 -> 1709.56 | M36: =M35+G36 -> 1893.35 | N36: =C36/(100000*24) -> 0.12194167 | O36: =K36/(B36*100000*24) -> 0.13731962
A37: 45509 | B37: 25 | C37: 679830 | D37: 5.415 | E37: 92.83 | F37: 115.86 | G37: 137.72 | H37: 1 | I37: 1 | J37: 0.96202931 | K37: =K36+C37 -> 8589440 | L37: =L36+F37 -> 1825.42 | M37: =M36+G37 -> 2031.07 | N37: =C37/(100000*24) -> 0.2832625 | O37: =K37/(B37*100000*24) -> 0.14315733
A38: 45510 | B38: 26 | C38: 478940 | D38: 3.73 | E38: 81.78 | F38: 109.61 | G38: 122.54 | H38: 1 | I38: 1 | J38: 0.95014418 | K38: =K37+C38 -> 9068380 | L38: =L37+F38 -> 1935.03 | M38: =M37+G38 -> 2153.61 | N38: =C38/(100000*24) -> 0.19955833 | O38: =K38/(B38*100000*24) -> 0.1453266
A39: 45511 | B39: 27 | C39: 258110 | D39: 1.775 | E39: 42.34 | F39: 73.55 | G39: 73.69 | H39: 1 | I39: 1 | J39: 0.99678947 | K39: =K38+C39 -> 9326490 | L39: =L38+F39 -> 2008.58 | M39: =M38+G39 -> 2227.3 | N39: =C39/(100000*24) -> 0.10754583 | O39: =K39/(B39*100000*24) -> 0.14392731
... A151: 45623 | B151: 139 | C151: 564490 | D151: 4.25 | E151: 80.59 | F151: 120.9 | G151: 134.19 | H151: 1 | I151: 1 | J151: 1 | K151: =K150+C151 -> 73671420 | L151: =L150+F151 -> 15169.8 | M151: =M150+G151 -> 16808.22 | N151: =C151/(100000*24) -> 0.23520417 | O151: =K151/(B151*100000*24) -> 0.22083759
A152: 45624 | B152: 140 | C152: 394560 | D152: 3.875 | E152: 87.01 | F152: 0 | G152: 134.42 | H152: 1 | I152: 1 | K152: =K151+C152 -> 74065980 | L152: =L151+F152 -> 15169.8 | M152: =M151+G152 -> 16942.64 | N152: =C152/(100000*24) -> 0.1644 | O152: =K152/(B152*100000*24) -> 0.22043446
A153: 45625 | B153: 141 | C153: 538830 | D153: 4.105 | E153: 76.4 | F153: 120.75 | G153: 131.32 | H153: 1 | I153: 1 | J153: 1 | K153: =K152+C153 -> 74604810 | L153: =L152+F153 -> 15290.55 | M153: =M152+G153 -> 17073.96 | N153: =C153/(100000*24) -> 0.2245125 | O153: =K153/(B153*100000*24) -> 0.22046339
A154: 45626 | B154: 142 | C154: 368480 | D154: 2.95 | E154: 57.67 | F154: 120.02 | G154: 126.27 | H154: 1 | I154: 1 | J154: 1 | K154: =K153+C154 -> 74973290 | L154: =L153+F154 -> 15410.57 | M154: =M153+G154 -> 17200.23 | N154: =C154/(100000*24) -> 0.15353333 | O154: =K154/(B154*100000*24) -> 0.21999205
A155: 45627 | B155: 143 | C155: 267240 | D155: 1.92 | E155: 43.05 | F155: 114.85 | G155: 95.18 | H155: 1 | I155: 1 | J155: 1 | K155: =K154+C155 -> 75240530 | L155: =L154+F155 -> 15525.42 | M155: =M154+G155 -> 17295.41 | N155: =C155/(100000*24) -> 0.11135 | O155: =K155/(B155*100000*24) -> 0.21923231
A156: 45628 | B156: 144 | C156: 315060 | D156: 1.875 | E156: 43.36 | F156: 158.57 | G156: 78.75 | H156: 1 | I156: 1 | J156: 1 | K156: =K155+C156 -> 75555590 | L156: =L155+F156 -> 15683.99 | M156: =M155+G156 -> 17374.16 | N156: =C156/(100000*24) -> 0.131275 | O156: =K156/(B156*100000*24) -> 0.2186215
A157: 45629 | B157: 145 | C157: 280040 | D157: 2.215 | E157: 43.01 | F157: 82.97 | G157: 92.57 | H157: 1 | I157: 1 | J157: 1 | K157: =K156+C157 -> 75835630 | L157: =L156+F157 -> 15766.96 | M157: =M156+G157 -> 17466.73 | N157: =C157/(100000*24) -> 0.11668333 | O157: =K157/(B157*100000*24) -> 0.21791848
A158: 45630 | B158: 146 | C158: 496170 | D158: 4.01 | E158: 73.49 | F158: 120.86 | G158: 135.5 | H158: 0.99895833 | I158: 1 | J158: 1 | K158: =K157+C158 -> 76331800 | L158: =L157+F158 -> 15887.82 | M158: =M157+G158 -> 17602.23 | N158: =C158/(100000*24) -> 0.2067375 | O158: =K158/(B158*100000*24) -> 0.21784189
A159: 45631 | B159: 147 | C159: 511200 | D159: 4.03 | E159: 69.96 | F159: 120.37 | G159: 132.66 | H159: 1 | I159: 1 | J159: 1 | K159: =K158+C159 -> 76843000 | L159: =L158+F159 -> 16008.19 | M159: =M158+G159 -> 17734.89 | N159: =C159/(100000*24) -> 0.213 | O159: =K159/(B159*100000*24) -> 0.21780896
A160: 45632 | B160: 148 | C160: 463770 | D160: 3.64 | E160: 67.99 | F160: 120.85 | G160: 134.68 | H160: 0.99944191 | I160: 1 | J160: 1 | K160: =K159+C160 -> 77306770 | L160: =L159+F160 -> 16129.04 | M160: =M159+G160 -> 17869.57 | N160: =C160/(100000*24) -> 0.1932375 | O160: =K160/(B160*100000*24) -> 0.21764293
A161: 45633 | B161: 149 | C161: 265300 | D161: 2.185 | E161: 42.18 | F161: 87.39 | G161: 96.43 | H161: 1 | I161: 1 | J161: 1 | K161: =K160+C161 -> 77572070 | L161: =L160+F161 -> 16216.43 | M161: =M160+G161 -> 17966 | N161: =C161/(100000*24) -> 0.11054167 | O161: =K161/(B161*100000*24) -> 0.21692413
A162: 45634 | B162: 150 | C162: 305870 | D162: 2.5 | E162: 41.68 | F162: 118.81 | G162: 130.2 | H162: 0.99947507 | I162: 1 | J162: 1 | K162: =K161+C162 -> 77877940 | L162: =L161+F162 -> 16335.24 | M162: =M161+G162 -> 18096.2 | N162: =C162/(100000*24) -> 0.12744583 | O162: =K162/(B162*100000*24) -> 0.21632761
A163: 45635 | B163: 151 | C163: 486150 | D163: 3.655 | E163: 65.58 | F163: 120.89 | G163: 136.01 | H163: 1 | I163: 1 | J163: 1 | K163: =K162+C163 -> 78364090 | L163: =L162+F163 -> 16456.13 | M163: =M162+G163 -> 18232.21 | N163: =C163/(100000*24) -> 0.2025625 | O163: =K163/(B163*100000*24) -> 0.21623645
A164: 45636 | B164: 152 | C164: 593420 | D164: 4.33 | E164: 82.18 | F164: 121.28 | G164: 134.77 | H164: 1 | I164: 1 | J164: 1 | K164: =K163+C164 -> 78957510 | L164: =L163+F164 -> 16577.41 | M164: =M163+G164 -> 18366.98 | N164: =C164/(100000*24) -> 0.24725833 | O164: =K164/(B164*100000*24) -> 0.21644054
... A275: 45747 | B275: 263 | C275: 685000 | D275: 5.5 | E275: 84.16 | F275: 120.77 | G275: 133.66 | H275: 1 | I275: 1 | J275: 1 | K275: =K274+C275 -> 152431810 | L275: =L274+F275 -> 29951.771 | M275: =M274+G275 -> 33188.69 | N275: =C275/(100000*24) -> 0.28541667 | O275: =K275/(B275*100000*24) -> 0.24149526
A276: 45748 | B276: 1 | C276: 590500 | D276: 4.61 | E276: 64.4 | F276: 120.92 | G276: 133.78 | H276: 1 | I276: 1 | J276: 1 | K276: =C276 -> 590500 | L276: =F276 -> 120.92 | M276: =G276 -> 133.78 | N276: =C276/(100000*24) -> 0.24604167 | O276: =K276/(B276*100000*24) -> 0.24604167
A277: 45749 | B277: 2 | C277: 485900 | D277: 3.86 | E277: 74.83 | F277: 120.86 | G277: 133.83 | H277: 0.99989899 | I277: 1 | J277: 1 | K277: =K276+C277 -> 1076400 | L277: =L276+F277 -> 241.78 | M277: =M276+G277 -> 267.61 | N277: =C277/(100000*24) -> 0.20245833 | O277: =K277/(B277*100000*24) -> 0.22425
A278: 45750 | B278: 3 | C278: 465600 | D278: 3.705 | E278: 72.32 | F278: 120.69 | G278: 133.89 | H278: 0.99985078 | I278: 1 | J278: 1 | K278: =K277+C278 -> 1542000 | L278: =L277+F278 -> 362.47 | M278: =M277+G278 -> 401.5 | N278: =C278/(100000*24) -> 0.194 | O278: =K278/(B278*100000*24) -> 0.21416667
A279: 45751 | B279: 4 | C279: 645600 | D279: 5.255 | E279: 87.15 | F279: 120.89 | G279: 133.62 | H279: 1 | I279: 1 | J279: 1 | K279: =K278+C279 -> 2187600 | L279: =L278+F279 -> 483.36 | M279: =M278+G279 -> 535.12 | N279: =C279/(100000*24) -> 0.269 | O279: =K279/(B279*100000*24) -> 0.227875
A280: 45752 | B280: 5 | C280: 798300 | D280: 6.615 | E280: 94.46 | F280: 120.62 | G280: 129.16 | H280: 1 | I280: 1 | J280: 1 | K280: =K279+C280 -> 2985900 | L280: =L279+F280 -> 603.98 | M280: =M279+G280 -> 664.28 | N280: =C280/(100000*24) -> 0.332625 | O280: =K280/(B280*100000*24) -> 0.248825
A281: 45753 | B281: 6 | C281: 805500 | D281: 6.72 | E281: 95.55 | F281: 120.78 | G281: 135.02 | H281: 0.9998583 | I281: 1 | J281: 1 | K281: =K280+C281 -> 3791400 | L281: =L280+F281 -> 724.76 | M281: =M280+G281 -> 799.3 | N281: =C281/(100000*24) -> 0.335625 | O281: =K281/(B281*100000*24) -> 0.26329167
A282: 45754 | B282: 7 | C282: 750300 | D282: 6.245 | E282: 89.32 | F282: 121.25 | G282: 135.39 | H282: 1 | I282: 1 | J282: 1 | K282: =K281+C282 -> 4541700 | L282: =L281+F282 -> 846.01 | M282: =M281+G282 -> 934.69 | N282: =C282/(100000*24) -> 0.312625 | O282: =K282/(B282*100000*24) -> 0.27033929
A283: 45755 | B283: 8 | C283: 779500 | D283: 6.46 | E283: 88.45 | F283: 121 | G283: 135.18 | H283: 1 | I283: 1 | J283: 1 | K283: =K282+C283 -> 5321200 | L283: =L282+F283 -> 967.01 | M283: =M282+G283 -> 1069.87 | N283: =C283/(100000*24) -> 0.32479167 | O283: =K283/(B283*100000*24) -> 0.27714583
A284: 45756 | B284: 9 | C284: 796400 | D284: 6.635 | E284: 89.71 | F284: 120.668 | G284: 135.35 | H284: 1 | I284: 1 | J284: 1 | K284: =K283+C284 -> 6117600 | L284: =L283+F284 -> 1087.678 | M284: =M283+G284 -> 1205.22 | N284: =C284/(100000*24) -> 0.33183333 | O284: =K284/(B284*100000*24) -> 0.28322222
A285: 45757 | B285: 10 | C285: 831600 | D285: 6.8 | E285: 91.27 | F285: 120.99 | G285: 134.42 | H285: 1 | I285: 1 | J285: 1 | K285: =K284+C285 -> 6949200 | L285: =L284+F285 -> 1208.668 | M285: =M284+G285 -> 1339.64 | N285: =C285/(100000*24) -> 0.3465 | O285: =K285/(B285*100000*24) -> 0.28955
A286: 45758 | B286: 11 | C286: 767900 | D286: 6.225 | E286: 90.02 | F286: 120.97 | G286: 133.7 | H286: 1 | I286: 1 | J286: 1 | K286: =K285+C286 -> 7717100 | L286: =L285+F286 -> 1329.638 | M286: =M285+G286 -> 1473.34 | N286: =C286/(100000*24) -> 0.31995833 | O286: =K286/(B286*100000*24) -> 0.29231439
A287: 45759 | B287: 12 | C287: 704000 | D287: 5.785 | E287: 89.34 | F287: 120.71 | G287: 133.31 | H287: 0.99985991 | I287: 1 | J287: 1 | K287: =K286+C287 -> 8421100 | L287: =L286+F287 -> 1450.348 | M287: =M286+G287 -> 1606.65 | N287: =C287/(100000*24) -> 0.29333333 | O287: =K287/(B287*100000*24) -> 0.29239931
A288: 45760 | B288: 13 | C288: 744700 | D288: 6.07 | E288: 92.32 | F288: 120.83 | G288: 134.6 | H288: 1 | I288: 1 | J288: 1 | K288: =K287+C288 -> 9165800 | L288: =L287+F288 -> 1571.178 | M288: =M287+G288 -> 1741.25 | N288: =C288/(100000*24) -> 0.31029167 | O288: =K288/(B288*100000*24) -> 0.29377564
... A482: 45954 | B482: 207 | C482: 643667 | D482: 4.9 | E482: 84.18 | F482: 116.51 | G482: 128.65 | H482: 1 | I482: 1 | J482: 1 | K482: =K481+C482 -> 1.2037654e+08 | L482: =L481+F482 -> 22153.898 | M482: =M481+G482 -> 24578.74 | N482: =C482/(100000*24) -> 0.26819458 | O482: =K482/(B482*100000*24) -> 0.24230382
A483: 45955 | B483: 208 | C483: 352070 | D483: 2.65 | E483: 71.03 | F483: 81.49 | G483: 93.96 | H483: 1 | I483: 1 | J483: 1 | K483: =K482+C483 -> 1.2072861e+08 | L483: =L482+F483 -> 22235.388 | M483: =M482+G483 -> 24672.7 | N483: =C483/(100000*24) -> 0.14669583 | O483: =K483/(B483*100000*24) -> 0.24184417 | P483: Weather-Cloudy
A484: 45956 | B484: 209 | C484: 467613 | D484: 3.35 | E484: 69.44 | F484: 116.68 | G484: 128.78 | H484: 1 | I484: 1 | J484: 1 | K484: =K483+C484 -> 1.2119622e+08 | L484: =L483+F484 -> 22352.068 | M484: =M483+G484 -> 24801.48 | N484: =C484/(100000*24) -> 0.19483875 | O484: =K484/(B484*100000*24) -> 0.24161926
A485: 45957 | B485: 210 | C485: 553592 | D485: 3.95 | E485: 87.85 | F485: 114.41 | G485: 128.96 | H485: 1 | I485: 1 | J485: 1 | K485: =K484+C485 -> 1.2174981e+08 | L485: =L484+F485 -> 22466.478 | M485: =M484+G485 -> 24930.44 | N485: =C485/(100000*24) -> 0.23066333 | O485: =K485/(B485*100000*24) -> 0.24156709 | P485: Weather-Cloudy
A486: 45958 | B486: 211 | C486: 236143 | D486: 1.79 | E486: 60.01 | F486: 35.4 | G486: 38.24 | H486: 1 | I486: 1 | J486: 1 | K486: =K485+C486 -> 1.2198596e+08 | L486: =L485+F486 -> 22501.878 | M486: =M485+G486 -> 24968.68 | N486: =C486/(100000*24) -> 0.098392917 | O486: =K486/(B486*100000*24) -> 0.24088854 | P486: Weather-Cloudy
A487: 45959 | B487: 212 | C487: 215225.7 | D487: 1.6 | E487: 53.88 | F487: 22.78 | G487: 25.41 | H487: 1 | I487: 1 | J487: 1 | K487: =K486+C487 -> 1.2220118e+08 | L487: =L486+F487 -> 22524.658 | M487: =M486+G487 -> 24994.09 | N487: =C487/(100000*24) -> 0.089677375 | O487: =K487/(B487*100000*24) -> 0.24017528 | P487: Weather-Cloudy
A488: 45960 | B488: 213 | C488: 102167.5 | D488: 0.74 | E488: 22.57 | F488: 0 | G488: 0 | H488: 1 | I488: 1 | J488: 1 | K488: =K487+C488 -> 1.2230335e+08 | L488: =L487+F488 -> 22524.658 | M488: =M487+G488 -> 24994.09 | N488: =C488/(100000*24) -> 0.042569792 | O488: =K488/(B488*100000*24) -> 0.23924755 | P488: Weather-Rainy
A489: 45961 | B489: 214 | C489: 228151.8 | D489: 1.72 | E489: 47.65 | F489: 13.72 | G489: 17.34 | H489: 1 | I489: 1 | J489: 1 | K489: =K488+C489 -> 1.225315e+08 | L489: =L488+F489 -> 22538.378 | M489: =M488+G489 -> 25011.43 | N489: =C489/(100000*24) -> 0.09506325 | O489: =K489/(B489*100000*24) -> 0.2385738 | P489: Weather-Cloudy
A490: 45962 | B490: 215 | C490: 546300 | D490: 4.31 | E490: 85.11 | F490: 116.51 | G490: 129.71 | H490: 1 | I490: 1 | J490: 1 | K490: =K489+C490 -> 1.230778e+08 | L490: =L489+F490 -> 22654.888 | M490: =M489+G490 -> 25141.14 | N490: =C490/(100000*24) -> 0.227625 | O490: =K490/(B490*100000*24) -> 0.23852287
A491: 45963 | B491: 216 | C491: 555517 | D491: 4.04 | E491: 82.44 | F491: 112.02 | G491: 125.73 | H491: 1 | I491: 1 | J491: =(100-2.63)% -> 0.9737 | K491: =K490+C491 -> 1.2363332e+08 | L491: =L490+F491 -> 22766.908 | M491: =M490+G491 -> 25266.87 | N491: =C491/(100000*24) -> 0.23146542 | O491: =K491/(B491*100000*24) -> 0.2384902
A492: 45964 | B492: 217 | C492: 670551.4 | D492: 4.79 | E492: 92.48 | F492: 90.95 | G492: 104.7 | H492: 1 | I492: 1 | J492: 1 | K492: =K491+C492 -> 1.2430387e+08 | L492: =L491+F492 -> 22857.858 | M492: =M491+G492 -> 25371.57 | N492: =C492/(100000*24) -> 0.27939642 | O492: =K492/(B492*100000*24) -> 0.23867871
A493: 45965 | B493: 218 | C493: 700201.9 | D493: 5.05 | E493: 90.84 | F493: 116.74 | G493: 128.53 | H493: 1 | I493: 1 | J493: 1 | K493: =K492+C493 -> 1.2500407e+08 | L493: =L492+F493 -> 22974.598 | M493: =M492+G493 -> 25500.1 | N493: =C493/(100000*24) -> 0.29175079 | O493: =K493/(B493*100000*24) -> 0.23892216
A494: 45966 | B494: 219 | C494: 669022 | D494: 4.85 | E494: 85.61 | F494: 116.65 | G494: 128.2 | H494: 1 | I494: 1 | J494: 1 | K494: =K493+C494 -> 1.2567309e+08 | L494: =L493+F494 -> 23091.248 | M494: =M493+G494 -> 25628.3 | N494: =C494/(100000*24) -> 0.27875917 | O494: =K494/(B494*100000*24) -> 0.23910406
A495: 45967 | B495: 220 | C495: 602129 | D495: 4.34 | E495: 90 | F495: 116.03 | G495: 128.51 | H495: 1 | I495: 1 | J495: 1 | K495: =K494+C495 -> 1.2627522e+08 | L495: =L494+F495 -> 23207.278 | M495: =M494+G495 -> 25756.81 | N495: =C495/(100000*24) -> 0.25088708 | O495: =K495/(B495*100000*24) -> 0.23915762
A496: 45968 | B496: 221 | C496: 685359 | D496: 4.94 | E496: 94.09 | F496: 113.85 | G496: 128.58 | H496: 1 | I496: 1 | J496: 1 | K496: =K495+C496 -> 1.2696058e+08 | L496: =L495+F496 -> 23321.128 | M496: =M495+G496 -> 25885.39 | N496: =C496/(100000*24) -> 0.28556625 | O496: =K496/(B496*100000*24) -> 0.23936761
A497: 45969 | B497: 222 | C497: 734839 | D497: 5.21 | E497: 90.86 | F497: 116.66 | G497: 128.42 | H497: 1 | I497: 1 | J497: 1 | K497: =K496+C497 -> 1.2769542e+08 | L497: =L496+F497 -> 23437.788 | M497: =M496+G497 -> 26013.81 | N497: =C497/(100000*24) -> 0.30618292 | O497: =K497/(B497*100000*24) -> 0.23966858
A498: 45970 | B498: 223 | C498: 754888.6 | D498: 5.34 | E498: 90.77 | F498: 116.13 | G498: 128.5 | H498: 1 | I498: 1 | J498: 1 | K498: =K497+C498 -> 1.2845031e+08 | L498: =L497+F498 -> 23553.918 | M498: =M497+G498 -> 26142.31 | N498: =C498/(100000*24) -> 0.31453692 | O498: =K498/(B498*100000*24) -> 0.24000431
A499: 45971 | B499: 224 | C499: 731356 | D499: 5.18 | E499: 90.75 | F499: 115.38 | G499: 129.12 | H499: 1 | I499: 1 | J499: 1 | K499: =K498+C499 -> 1.2918167e+08 | L499: =L498+F499 -> 23669.298 | M499: =M498+G499 -> 26271.43 | N499: =C499/(100000*24) -> 0.30473167 | O499: =K499/(B499*100000*24) -> 0.24029328
A500: 45972 | B500: 225 | C500: 756064 | D500: 5.36 | E500: 90.73 | F500: 116.54 | G500: 129.95 | H500: 1 | I500: 1 | J500: 1 | K500: =K499+C500 -> 1.2993773e+08 | L500: =L499+F500 -> 23785.838 | M500: =M499+G500 -> 26401.38 | N500: =C500/(100000*24) -> 0.31502667 | O500: =K500/(B500*100000*24) -> 0.24062542
A501: 45973 | B501: 226 | C501: 726664 | D501: 5.14 | E501: 90.76 | F501: 116.66 | G501: 129.15 | H501: 1 | I501: 1 | J501: 1 | K501: =K500+C501 -> 1.3066439e+08 | L501: =L500+F501 -> 23902.498 | M501: =M500+G501 -> 26530.53 | N501: =C501/(100000*24) -> 0.30277667 | O501: =K501/(B501*100000*24) -> 0.24090043
A502: 45974 | B502: 227 | C502: 709011.6 | D502: 4.97 | E502: 90.82 | F502: 116.69 | G502: 129.34 | H502: 1 | I502: 1 | J502: 1 | K502: =K501+C502 -> 1.313734e+08 | L502: =L501+F502 -> 24019.188 | M502: =M501+G502 -> 26659.87 | N502: =C502/(100000*24) -> 0.2954215 | O502: =K502/(B502*100000*24) -> 0.24114061
A503: 45975 | B503: 228 | C503: 700339.5 | D503: 4.89 | E503: 90.65 | F503: 116.9 | G503: 127.19 | H503: 1 | I503: 1 | J503: 1 | K503: =K502+C503 -> 1.3207374e+08 | L503: =L502+F503 -> 24136.088 | M503: =M502+G503 -> 26787.06 | N503: =C503/(100000*24) -> 0.29180812 | O503: =K503/(B503*100000*24) -> 0.24136284
... A555: 46027 | B555: 280 | C555: 585207.6 | D555: 4.17 | E555: 69.69 | F555: 116.5 | G555: 130.1 | H555: 1 | I555: 1 | J555: 1 | K555: =K554+C555 -> 1.6449503e+08 | L555: =L554+F555 -> 30197.958 | M555: =M554+G555 -> 33501.13 | N555: =C555/(100000*24) -> 0.2438365 | O555: =K555/(B555*100000*24) -> 0.24478427
A556: 46028 | B556: 281 | H556: 1 | I556: 1 | J556: 1 | K556: =K555+C556 -> 1.6449503e+08 | L556: =L555+F556 -> 30197.958 | M556: =M555+G556 -> 33501.13 | N556: =C556/(100000*24) -> 0 | O556: =K556/(B556*100000*24) -> 0.24391315
A557: 46029 | B557: 282 | H557: 1 | I557: 1 | J557: 1 | K557: =K556+C557 -> 1.6449503e+08 | L557: =L556+F557 -> 30197.958 | M557: =M556+G557 -> 33501.13 | N557: =C557/(100000*24) -> 0 | O557: =K557/(B557*100000*24) -> 0.24304821
A558: 46030 | B558: 283 | H558: 1 | I558: 1 | J558: 1 | K558: =K557+C558 -> 1.6449503e+08 | L558: =L557+F558 -> 30197.958 | M558: =M557+G558 -> 33501.13 | N558: =C558/(100000*24) -> 0 | O558: =K558/(B558*100000*24) -> 0.24218939
A559: 46031 | B559: 284 | H559: 1 | I559: 1 | J559: 1 | K559: =K558+C559 -> 1.6449503e+08 | L559: =L558+F559 -> 30197.958 | M559: =M558+G559 -> 33501.13 | N559: =C559/(100000*24) -> 0 | O559: =K559/(B559*100000*24) -> 0.24133661
A560: 46032 | B560: 285 | H560: 1 | I560: 1 | J560: 1 | K560: =K559+C560 -> 1.6449503e+08 | L560: =L559+F560 -> 30197.958 | M560: =M559+G560 -> 33501.13 | N560: =C560/(100000*24) -> 0 | O560: =K560/(B560*100000*24) -> 0.24048981
A561: 46033 | B561: 286 | H561: 1 | I561: 1 | J561: 1 | K561: =K560+C561 -> 1.6449503e+08 | L561: =L560+F561 -> 30197.958 | M561: =M560+G561 -> 33501.13 | N561: =C561/(100000*24) -> 0 | O561: =K561/(B561*100000*24) -> 0.23964894
A562: 46034 | B562: 287 | H562: 1 | I562: 1 | J562: 1 | K562: =K561+C562 -> 1.6449503e+08 | L562: =L561+F562 -> 30197.958 | M562: =M561+G562 -> 33501.13 | N562: =C562/(100000*24) -> 0 | O562: =K562/(B562*100000*24) -> 0.23881392
A563: 46035 | B563: 288 | H563: 1 | I563: 1 | J563: 1 | K563: =K562+C563 -> 1.6449503e+08 | L563: =L562+F563 -> 30197.958 | M563: =M562+G563 -> 33501.13 | N563: =C563/(100000*24) -> 0 | O563: =K563/(B563*100000*24) -> 0.23798471
A564: 46036 | B564: 289 | H564: 1 | I564: 1 | J564: 1 | K564: =K563+C564 -> 1.6449503e+08 | L564: =L563+F564 -> 30197.958 | M564: =M563+G564 -> 33501.13 | N564: =C564/(100000*24) -> 0 | O564: =K564/(B564*100000*24) -> 0.23716123
A565: 46037 | B565: 290 | H565: 1 | I565: 1 | J565: 1 | K565: =K564+C565 -> 1.6449503e+08 | L565: =L564+F565 -> 30197.958 | M565: =M564+G565 -> 33501.13 | N565: =C565/(100000*24) -> 0 | O565: =K565/(B565*100000*24) -> 0.23634343
...
